donor_id,age_group,location,donor_since,donor_type
DNR-00001,55-64,CA,2023-04-05,Individual
DNR-00002,45-54,TX,2022-05-25,Individual
DNR-00003,35-44,CA,2023-05-15,Individual
DNR-00004,55-64,CA,2023-06-27,Individual
DNR-00005,45-54,NY,2021-04-14,Individual
DNR-00006,55-64,TX,2021-07-11,Corporate
DNR-00007,25-34,OH,2023-04-13,Individual
DNR-00008,18-24,OH,2021-05-01,Individual
DNR-00009,55-64,IL,2022-06-28,Corporate
DNR-00010,45-54,NC,2023-05-17,Individual
DNR-00011,25-34,IL,2024-09-17,Individual
DNR-00012,45-54,NC,2022-03-22,Foundation
DNR-00013,18-24,MI,2021-05-05,Individual
DNR-00014,55-64,TX,2023-09-04,Individual
DNR-00015,25-34,TX,2021-04-27,Foundation
DNR-00016,45-54,FL,2021-05-21,Individual
DNR-00017,55-64,FL,2023-04-07,Individual
DNR-00018,45-54,OH,2024-03-31,Individual
DNR-00019,35-44,IL,2024-09-08,Individual
DNR-00020,35-44,IL,2022-02-23,Individual
DNR-00021,45-54,GA,2023-03-22,Individual
DNR-00022,65+,NY,2022-10-10,Corporate
DNR-00023,45-54,CA,2023-07-28,Individual
DNR-00024,35-44,TX,2021-05-31,Individual
DNR-00025,55-64,PA,2022-12-16,Corporate
DNR-00026,55-64,CO,2022-08-07,Individual
DNR-00027,65+,WA,2022-09-12,Individual
DNR-00028,55-64,IL,2023-12-20,Individual
DNR-00029,55-64,IL,2024-09-20,Individual
DNR-00030,45-54,TX,2021-08-25,Corporate
DNR-00031,25-34,PA,2022-07-12,Individual
DNR-00032,55-64,NC,2022-02-21,Individual
DNR-00033,65+,NY,2023-09-28,Individual
DNR-00034,55-64,NY,2021-07-09,Individual
DNR-00035,25-34,IL,2021-01-08,Individual
DNR-00036,45-54,OH,2021-11-27,Individual
DNR-00037,18-24,CO,2024-02-23,Individual
DNR-00038,55-64,MI,2021-11-02,Individual
DNR-00039,25-34,IL,2024-02-06,Individual
DNR-00040,55-64,NY,2023-01-17,Corporate
DNR-00041,25-34,CA,2023-01-03,Individual
DNR-00042,55-64,OH,2022-12-26,Individual
DNR-00043,65+,FL,2024-06-25,Individual
DNR-00044,55-64,TX,2025-11-06,Individual
DNR-00045,45-54,PA,2023-04-25,Individual
DNR-00046,55-64,CO,2025-05-22,Foundation
DNR-00047,25-34,CO,2025-07-19,Individual
DNR-00048,18-24,GA,2021-08-10,Individual
DNR-00049,65+,PA,2022-04-01,Individual
DNR-00050,55-64,FL,2022-09-18,Individual
DNR-00051,35-44,IL,2021-02-18,Individual
DNR-00052,55-64,PA,2025-11-06,Individual
DNR-00053,45-54,NC,2024-08-06,Individual
DNR-00054,25-34,IL,2022-11-10,Foundation
DNR-00055,65+,NY,2022-01-01,Individual
DNR-00056,35-44,PA,2021-08-11,Individual
DNR-00057,35-44,OH,2023-06-13,Individual
DNR-00058,18-24,OH,2024-03-26,Individual
DNR-00059,55-64,WA,2021-01-04,Individual
DNR-00060,45-54,FL,2025-01-13,Foundation
DNR-00061,65+,PA,2023-01-16,Individual
DNR-00062,55-64,CO,2024-06-30,Individual
DNR-00063,45-54,PA,2022-09-08,Individual
DNR-00064,45-54,FL,2023-04-05,Individual
DNR-00065,35-44,CO,2023-05-12,Individual
DNR-00066,35-44,NC,2021-12-23,Individual
DNR-00067,35-44,OH,2025-09-04,Individual
DNR-00068,45-54,GA,2025-05-29,Individual
DNR-00069,25-34,GA,2023-06-24,Individual
DNR-00070,55-64,TX,2025-06-14,Corporate
DNR-00071,35-44,WA,2024-09-11,Individual
DNR-00072,55-64,FL,2024-06-22,Individual
DNR-00073,55-64,TX,2024-10-09,Individual
DNR-00074,65+,MI,2021-02-20,Individual
DNR-00075,35-44,WA,2025-10-07,Individual
DNR-00076,45-54,GA,2024-03-24,Individual
DNR-00077,45-54,NY,2023-03-30,Individual
DNR-00078,55-64,OH,2025-03-18,Corporate
DNR-00079,65+,NC,2022-03-25,Individual
DNR-00080,25-34,CA,2023-08-10,Individual
DNR-00081,35-44,NC,2023-07-24,Individual
DNR-00082,65+,GA,2024-02-19,Individual
DNR-00083,55-64,OH,2024-06-08,Individual
DNR-00084,35-44,TX,2025-08-29,Corporate
DNR-00085,35-44,FL,2025-03-04,Corporate
DNR-00086,55-64,NC,2025-09-17,Individual
DNR-00087,25-34,CA,2023-09-20,Individual
DNR-00088,25-34,PA,2025-01-01,Individual
DNR-00089,25-34,OH,2024-01-12,Individual
DNR-00090,25-34,OH,2024-11-22,Individual
DNR-00091,35-44,NY,2023-04-15,Individual
DNR-00092,35-44,MI,2022-02-28,Individual
DNR-00093,55-64,MI,2024-11-25,Individual
DNR-00094,65+,IL,2023-02-19,Individual
DNR-00095,55-64,OH,2025-03-24,Individual
DNR-00096,45-54,MI,2024-01-08,Individual
DNR-00097,25-34,GA,2022-03-28,Individual
DNR-00098,45-54,OH,2021-03-01,Individual
DNR-00099,35-44,TX,2025-01-23,Individual
DNR-00100,65+,MI,2024-06-28,Individual
DNR-00101,25-34,OH,2024-03-01,Individual
DNR-00102,25-34,IL,2021-10-05,Corporate
DNR-00103,35-44,PA,2023-02-16,Individual
DNR-00104,25-34,OH,2025-04-08,Corporate
DNR-00105,35-44,CO,2022-06-01,Individual
DNR-00106,65+,FL,2024-01-10,Individual
DNR-00107,65+,NY,2024-08-24,Individual
DNR-00108,25-34,NY,2025-03-25,Individual
DNR-00109,25-34,WA,2024-06-26,Individual
DNR-00110,25-34,CO,2021-08-23,Individual
DNR-00111,25-34,MI,2022-06-09,Individual
DNR-00112,55-64,TX,2025-03-12,Individual
DNR-00113,18-24,IL,2022-09-30,Individual
DNR-00114,65+,OH,2024-03-25,Individual
DNR-00115,45-54,WA,2025-01-04,Individual
DNR-00116,55-64,WA,2022-05-13,Individual
DNR-00117,55-64,MI,2024-05-14,Individual
DNR-00118,45-54,WA,2025-05-22,Individual
DNR-00119,45-54,NY,2023-01-29,Individual
DNR-00120,35-44,OH,2025-10-06,Individual
DNR-00121,55-64,CO,2023-01-12,Individual
DNR-00122,45-54,WA,2021-11-10,Individual
DNR-00123,65+,GA,2022-07-08,Individual
DNR-00124,45-54,IL,2023-08-11,Individual
DNR-00125,55-64,CA,2022-10-23,Corporate
DNR-00126,25-34,GA,2022-07-26,Corporate
DNR-00127,35-44,NY,2024-03-13,Individual
DNR-00128,25-34,FL,2023-10-10,Corporate
DNR-00129,35-44,MI,2022-12-28,Individual
DNR-00130,45-54,NC,2024-12-07,Corporate
DNR-00131,45-54,GA,2022-01-27,Individual
DNR-00132,45-54,WA,2024-02-12,Individual
DNR-00133,55-64,CA,2024-12-28,Individual
DNR-00134,45-54,IL,2022-08-26,Individual
DNR-00135,35-44,NC,2024-09-21,Individual
DNR-00136,45-54,PA,2022-12-06,Individual
DNR-00137,25-34,IL,2022-12-22,Individual
DNR-00138,25-34,CA,2022-04-18,Individual
DNR-00139,55-64,TX,2025-03-02,Individual
DNR-00140,35-44,CO,2022-01-28,Individual
DNR-00141,35-44,IL,2024-04-22,Major Donor
DNR-00142,35-44,PA,2021-07-25,Individual
DNR-00143,45-54,TX,2022-01-03,Individual
DNR-00144,18-24,IL,2022-07-16,Individual
DNR-00145,45-54,GA,2024-11-29,Foundation
DNR-00146,45-54,GA,2021-07-30,Corporate
DNR-00147,25-34,NY,2023-09-08,Individual
DNR-00148,35-44,CA,2022-06-02,Foundation
DNR-00149,45-54,WA,2023-04-01,Individual
DNR-00150,55-64,IL,2021-04-20,Individual
DNR-00151,25-34,OH,2021-06-24,Major Donor
DNR-00152,45-54,NC,2024-05-26,Individual
DNR-00153,35-44,MI,2023-02-19,Individual
DNR-00154,45-54,MI,2023-05-29,Individual
DNR-00155,55-64,WA,2025-02-24,Individual
DNR-00156,25-34,FL,2022-03-09,Individual
DNR-00157,25-34,OH,2021-12-22,Individual
DNR-00158,35-44,NY,2023-07-12,Individual
DNR-00159,35-44,GA,2022-04-20,Individual
DNR-00160,65+,WA,2021-05-26,Individual
DNR-00161,65+,OH,2024-04-22,Individual
DNR-00162,45-54,IL,2021-08-24,Individual
DNR-00163,18-24,IL,2025-08-20,Individual
DNR-00164,45-54,IL,2024-05-03,Individual
DNR-00165,45-54,CO,2023-06-19,Individual
DNR-00166,35-44,GA,2023-04-05,Foundation
DNR-00167,18-24,OH,2023-06-16,Individual
DNR-00168,25-34,CA,2025-02-13,Individual
DNR-00169,55-64,MI,2022-04-14,Foundation
DNR-00170,65+,WA,2024-04-17,Foundation
DNR-00171,18-24,TX,2025-08-10,Individual
DNR-00172,35-44,IL,2023-08-22,Individual
DNR-00173,35-44,GA,2022-01-07,Major Donor
DNR-00174,35-44,PA,2021-07-06,Individual
DNR-00175,25-34,OH,2024-10-04,Individual
DNR-00176,45-54,OH,2024-11-21,Individual
DNR-00177,18-24,CA,2025-07-25,Individual
DNR-00178,25-34,OH,2022-10-07,Individual
DNR-00179,65+,WA,2025-11-07,Individual
DNR-00180,35-44,FL,2025-11-16,Individual
DNR-00181,55-64,WA,2023-11-28,Individual
DNR-00182,25-34,NC,2023-06-25,Individual
DNR-00183,35-44,CO,2021-09-26,Corporate
DNR-00184,65+,MI,2023-09-20,Individual
DNR-00185,25-34,NC,2025-06-25,Individual
DNR-00186,25-34,CA,2021-01-29,Individual
DNR-00187,45-54,TX,2023-08-04,Foundation
DNR-00188,35-44,CO,2023-10-18,Foundation
DNR-00189,35-44,GA,2022-07-14,Individual
DNR-00190,25-34,FL,2022-05-15,Individual
DNR-00191,55-64,CA,2024-05-12,Individual
DNR-00192,55-64,PA,2022-07-20,Individual
DNR-00193,55-64,IL,2025-06-02,Individual
DNR-00194,45-54,WA,2025-01-26,Individual
DNR-00195,35-44,GA,2023-09-30,Corporate
DNR-00196,55-64,OH,2022-12-08,Individual
DNR-00197,55-64,CO,2023-07-22,Foundation
DNR-00198,25-34,OH,2022-05-05,Individual
DNR-00199,35-44,OH,2021-03-31,Individual
DNR-00200,55-64,WA,2023-03-02,Major Donor
DNR-00201,18-24,NC,2021-11-08,Individual
DNR-00202,25-34,GA,2024-04-23,Individual
DNR-00203,35-44,CO,2021-07-24,Individual
DNR-00204,45-54,TX,2021-10-23,Individual
DNR-00205,65+,PA,2021-06-03,Individual
DNR-00206,45-54,PA,2024-06-30,Individual
DNR-00207,45-54,PA,2025-10-12,Individual
DNR-00208,55-64,NC,2024-07-07,Individual
DNR-00209,25-34,WA,2021-03-15,Individual
DNR-00210,45-54,OH,2022-08-12,Major Donor
DNR-00211,45-54,CA,2021-07-21,Individual
DNR-00212,35-44,NY,2023-06-28,Individual
DNR-00213,18-24,PA,2021-04-05,Individual
DNR-00214,25-34,OH,2023-02-07,Individual
DNR-00215,25-34,TX,2024-03-05,Individual
DNR-00216,35-44,WA,2021-06-11,Individual
DNR-00217,45-54,FL,2022-05-09,Individual
DNR-00218,35-44,WA,2023-08-03,Individual
DNR-00219,35-44,IL,2021-01-20,Corporate
DNR-00220,18-24,PA,2024-10-19,Individual
DNR-00221,65+,CO,2024-04-18,Individual
DNR-00222,35-44,OH,2022-05-28,Individual
DNR-00223,25-34,MI,2025-10-14,Individual
DNR-00224,65+,IL,2023-01-06,Individual
DNR-00225,45-54,IL,2021-02-14,Major Donor
DNR-00226,45-54,CO,2021-01-17,Individual
DNR-00227,45-54,IL,2021-04-11,Corporate
DNR-00228,45-54,PA,2025-05-08,Individual
DNR-00229,45-54,WA,2022-03-25,Individual
DNR-00230,45-54,TX,2025-03-28,Individual
DNR-00231,45-54,NY,2024-07-10,Individual
DNR-00232,18-24,PA,2022-09-25,Individual
DNR-00233,65+,PA,2025-02-08,Individual
DNR-00234,25-34,NC,2025-03-11,Individual
DNR-00235,45-54,IL,2025-11-30,Major Donor
DNR-00236,65+,GA,2025-08-28,Individual
DNR-00237,55-64,CA,2025-07-10,Individual
DNR-00238,25-34,FL,2023-08-18,Foundation
DNR-00239,45-54,OH,2025-10-28,Individual
DNR-00240,35-44,OH,2025-09-29,Individual
DNR-00241,25-34,PA,2021-01-29,Individual
DNR-00242,25-34,OH,2024-10-09,Individual
DNR-00243,35-44,WA,2025-08-12,Individual
DNR-00244,45-54,NC,2022-04-24,Individual
DNR-00245,25-34,CA,2022-11-03,Corporate
DNR-00246,65+,IL,2024-07-25,Individual
DNR-00247,25-34,NY,2024-08-22,Individual
DNR-00248,25-34,FL,2022-09-16,Major Donor
DNR-00249,35-44,WA,2024-01-06,Individual
DNR-00250,45-54,MI,2025-03-02,Individual
DNR-00251,55-64,WA,2025-03-01,Individual
DNR-00252,45-54,IL,2021-07-22,Individual
DNR-00253,25-34,GA,2021-03-09,Individual
DNR-00254,25-34,WA,2022-04-29,Corporate
DNR-00255,65+,PA,2023-01-23,Individual
DNR-00256,25-34,CA,2021-05-05,Individual
DNR-00257,25-34,FL,2025-10-03,Individual
DNR-00258,65+,NY,2024-08-07,Individual
DNR-00259,65+,MI,2025-05-31,Individual
DNR-00260,55-64,FL,2022-02-25,Individual
DNR-00261,55-64,PA,2024-04-15,Individual
DNR-00262,65+,NY,2025-05-05,Individual
DNR-00263,25-34,TX,2022-07-22,Corporate
DNR-00264,25-34,WA,2024-01-12,Individual
DNR-00265,18-24,FL,2025-11-10,Individual
DNR-00266,25-34,NY,2024-04-20,Individual
DNR-00267,35-44,CO,2021-09-17,Individual
DNR-00268,55-64,NC,2021-05-11,Individual
DNR-00269,35-44,MI,2024-04-30,Individual
DNR-00270,65+,WA,2021-03-30,Individual
DNR-00271,45-54,NY,2023-12-04,Individual
DNR-00272,55-64,OH,2021-05-05,Major Donor
DNR-00273,45-54,GA,2024-11-06,Individual
DNR-00274,35-44,TX,2021-05-31,Corporate
DNR-00275,45-54,MI,2021-05-15,Individual
DNR-00276,35-44,MI,2024-01-29,Individual
DNR-00277,35-44,OH,2023-12-23,Individual
DNR-00278,25-34,WA,2021-07-23,Individual
DNR-00279,45-54,FL,2024-08-26,Corporate
DNR-00280,25-34,PA,2023-05-31,Individual
DNR-00281,35-44,CA,2025-08-22,Individual
DNR-00282,45-54,PA,2022-10-03,Individual
DNR-00283,35-44,CA,2021-11-09,Individual
DNR-00284,35-44,CO,2025-08-31,Individual
DNR-00285,25-34,NY,2025-02-22,Individual
DNR-00286,45-54,WA,2024-04-16,Foundation
DNR-00287,55-64,OH,2021-09-08,Individual
DNR-00288,18-24,IL,2025-11-13,Corporate
DNR-00289,25-34,NC,2024-05-14,Individual
DNR-00290,35-44,CA,2022-03-12,Individual
DNR-00291,35-44,IL,2022-12-19,Individual
DNR-00292,35-44,NC,2024-03-21,Individual
DNR-00293,45-54,WA,2025-04-21,Individual
DNR-00294,65+,CO,2024-02-15,Individual
DNR-00295,25-34,IL,2022-07-02,Individual
DNR-00296,25-34,TX,2022-11-27,Individual
DNR-00297,18-24,CO,2024-03-05,Individual
DNR-00298,25-34,NC,2024-07-20,Major Donor
DNR-00299,35-44,TX,2022-03-17,Individual
DNR-00300,35-44,MI,2023-01-28,Individual
DNR-00301,18-24,TX,2024-05-06,Individual
DNR-00302,45-54,IL,2025-03-26,Individual
DNR-00303,35-44,GA,2023-06-27,Individual
DNR-00304,55-64,CA,2023-04-29,Individual
DNR-00305,35-44,WA,2022-12-08,Individual
DNR-00306,45-54,NY,2024-04-29,Individual
DNR-00307,45-54,NY,2022-03-28,Individual
DNR-00308,25-34,TX,2022-02-23,Individual
DNR-00309,35-44,NY,2025-04-15,Individual
DNR-00310,25-34,OH,2023-10-16,Individual
DNR-00311,35-44,WA,2023-12-27,Individual
DNR-00312,35-44,CO,2025-07-10,Individual
DNR-00313,35-44,CA,2021-03-28,Individual
DNR-00314,35-44,OH,2025-11-01,Individual
DNR-00315,35-44,OH,2024-12-24,Individual
DNR-00316,25-34,MI,2021-02-12,Foundation
DNR-00317,65+,CA,2023-08-01,Individual
DNR-00318,25-34,MI,2023-06-14,Individual
DNR-00319,35-44,IL,2023-04-01,Individual
DNR-00320,35-44,TX,2025-03-08,Individual
DNR-00321,25-34,NC,2021-06-06,Individual
DNR-00322,35-44,CO,2022-02-02,Corporate
DNR-00323,25-34,CA,2025-08-05,Individual
DNR-00324,25-34,TX,2021-10-27,Individual
DNR-00325,18-24,WA,2025-04-06,Individual
DNR-00326,45-54,MI,2023-10-09,Individual
DNR-00327,55-64,WA,2023-07-09,Individual
DNR-00328,35-44,WA,2024-07-25,Major Donor
DNR-00329,18-24,GA,2022-10-10,Individual
DNR-00330,25-34,NY,2024-07-17,Individual
DNR-00331,35-44,GA,2022-12-22,Individual
DNR-00332,55-64,CA,2021-03-19,Individual
DNR-00333,55-64,MI,2024-08-13,Corporate
DNR-00334,35-44,NC,2024-05-01,Individual
DNR-00335,18-24,MI,2025-06-10,Individual
DNR-00336,45-54,NC,2024-08-27,Individual
DNR-00337,35-44,PA,2021-11-05,Foundation
DNR-00338,45-54,NY,2025-01-02,Individual
DNR-00339,65+,NC,2022-05-23,Individual
DNR-00340,35-44,IL,2023-12-07,Individual
DNR-00341,35-44,MI,2023-03-05,Individual
DNR-00342,45-54,CA,2021-04-18,Individual
DNR-00343,45-54,IL,2022-11-07,Individual
DNR-00344,45-54,MI,2022-06-01,Individual
DNR-00345,25-34,WA,2025-11-24,Individual
DNR-00346,35-44,WA,2021-10-17,Corporate
DNR-00347,25-34,CO,2024-12-01,Individual
DNR-00348,35-44,PA,2021-06-23,Individual
DNR-00349,45-54,CO,2025-07-24,Individual
DNR-00350,25-34,WA,2024-11-04,Corporate
DNR-00351,18-24,IL,2023-05-18,Individual
DNR-00352,35-44,GA,2022-01-05,Foundation
DNR-00353,25-34,CA,2022-01-29,Individual
DNR-00354,25-34,NC,2022-08-29,Individual
DNR-00355,35-44,WA,2025-09-07,Individual
DNR-00356,45-54,MI,2022-11-21,Corporate
DNR-00357,25-34,CO,2023-02-11,Individual
DNR-00358,65+,CO,2025-04-29,Individual
DNR-00359,35-44,CO,2023-06-16,Individual
DNR-00360,45-54,CO,2022-05-02,Foundation
DNR-00361,45-54,IL,2025-05-25,Individual
DNR-00362,65+,FL,2025-07-15,Individual
DNR-00363,45-54,GA,2023-01-24,Individual
DNR-00364,55-64,NC,2023-08-04,Individual
DNR-00365,25-34,FL,2023-12-17,Individual
DNR-00366,55-64,NY,2025-06-29,Individual
DNR-00367,35-44,CA,2024-08-06,Individual
DNR-00368,55-64,IL,2024-12-27,Individual
DNR-00369,25-34,NC,2021-06-21,Individual
DNR-00370,25-34,FL,2021-10-29,Individual
DNR-00371,35-44,NY,2025-07-31,Individual
DNR-00372,35-44,FL,2023-04-30,Individual
DNR-00373,35-44,NY,2023-03-02,Major Donor
DNR-00374,55-64,WA,2022-10-15,Foundation
DNR-00375,25-34,IL,2022-11-18,Individual
DNR-00376,55-64,CO,2025-08-27,Individual
DNR-00377,18-24,CA,2023-08-19,Individual
DNR-00378,55-64,NC,2021-02-08,Individual
DNR-00379,35-44,IL,2025-01-29,Individual
DNR-00380,18-24,OH,2022-05-02,Individual
DNR-00381,35-44,CA,2024-08-01,Individual
DNR-00382,45-54,NY,2025-09-10,Corporate
DNR-00383,25-34,TX,2024-07-18,Individual
DNR-00384,45-54,FL,2022-08-20,Individual
DNR-00385,45-54,CA,2024-03-14,Individual
DNR-00386,18-24,NC,2023-12-09,Major Donor
DNR-00387,65+,NC,2024-01-20,Individual
DNR-00388,35-44,WA,2021-02-11,Individual
DNR-00389,25-34,NY,2023-03-04,Major Donor
DNR-00390,35-44,CO,2023-01-02,Individual
DNR-00391,55-64,CO,2024-09-07,Individual
DNR-00392,18-24,NC,2025-03-30,Individual
DNR-00393,25-34,WA,2022-11-25,Individual
DNR-00394,35-44,TX,2023-08-10,Major Donor
DNR-00395,45-54,GA,2025-07-20,Individual
DNR-00396,18-24,FL,2021-03-17,Individual
DNR-00397,35-44,OH,2021-03-27,Individual
DNR-00398,25-34,WA,2025-07-28,Individual
DNR-00399,55-64,NY,2022-01-27,Individual
DNR-00400,25-34,PA,2025-11-09,Individual
DNR-00401,45-54,OH,2023-06-14,Corporate
DNR-00402,35-44,GA,2022-11-26,Major Donor
DNR-00403,35-44,CA,2023-01-23,Corporate
DNR-00404,35-44,TX,2025-01-29,Individual
DNR-00405,25-34,PA,2024-01-23,Individual
DNR-00406,35-44,CO,2024-09-15,Individual
DNR-00407,35-44,GA,2023-05-23,Individual
DNR-00408,65+,MI,2021-03-28,Individual
DNR-00409,65+,NY,2023-06-10,Individual
DNR-00410,35-44,NC,2021-06-03,Individual
DNR-00411,25-34,NY,2025-06-29,Individual
DNR-00412,45-54,GA,2021-10-20,Individual
DNR-00413,25-34,WA,2021-03-13,Individual
DNR-00414,65+,NY,2023-01-21,Individual
DNR-00415,35-44,PA,2024-05-24,Individual
DNR-00416,18-24,TX,2023-02-01,Individual
DNR-00417,35-44,IL,2023-12-21,Individual
DNR-00418,18-24,TX,2022-05-27,Foundation
DNR-00419,65+,CA,2023-10-20,Individual
DNR-00420,45-54,FL,2022-06-21,Individual
DNR-00421,65+,GA,2024-06-07,Individual
DNR-00422,55-64,GA,2022-02-14,Individual
DNR-00423,35-44,CA,2021-12-20,Corporate
DNR-00424,55-64,PA,2025-07-18,Individual
DNR-00425,18-24,NC,2024-09-29,Individual
DNR-00426,55-64,CO,2022-08-18,Corporate
DNR-00427,45-54,PA,2024-12-24,Corporate
DNR-00428,65+,TX,2023-11-08,Individual
DNR-00429,18-24,NC,2022-04-30,Individual
DNR-00430,55-64,NC,2024-03-18,Individual
DNR-00431,25-34,IL,2021-09-23,Individual
DNR-00432,45-54,NC,2023-03-27,Major Donor
DNR-00433,55-64,CA,2023-04-22,Individual
DNR-00434,45-54,GA,2021-09-14,Major Donor
DNR-00435,35-44,NC,2023-08-13,Individual
DNR-00436,55-64,TX,2024-08-03,Individual
DNR-00437,55-64,CA,2023-06-06,Individual
DNR-00438,25-34,PA,2023-11-28,Individual
DNR-00439,65+,NC,2024-12-23,Individual
DNR-00440,25-34,WA,2022-08-05,Individual
DNR-00441,45-54,MI,2024-02-03,Individual
DNR-00442,45-54,MI,2023-12-29,Individual
DNR-00443,45-54,CO,2024-04-04,Individual
DNR-00444,65+,NY,2024-05-24,Individual
DNR-00445,25-34,WA,2025-08-18,Corporate
DNR-00446,45-54,MI,2025-04-29,Individual
DNR-00447,18-24,WA,2023-05-04,Individual
DNR-00448,65+,GA,2024-01-23,Individual
DNR-00449,45-54,IL,2022-05-17,Individual
DNR-00450,18-24,GA,2023-07-18,Individual
DNR-00451,25-34,MI,2023-05-02,Individual
DNR-00452,45-54,CO,2021-10-22,Individual
DNR-00453,35-44,PA,2025-10-29,Individual
DNR-00454,35-44,GA,2023-11-21,Individual
DNR-00455,25-34,CA,2021-09-08,Individual
DNR-00456,35-44,MI,2021-04-14,Individual
DNR-00457,55-64,TX,2023-05-07,Individual
DNR-00458,45-54,PA,2025-07-25,Individual
DNR-00459,35-44,NC,2022-01-24,Individual
DNR-00460,35-44,NY,2023-08-15,Individual
DNR-00461,35-44,FL,2021-07-04,Foundation
DNR-00462,18-24,IL,2022-03-17,Individual
DNR-00463,55-64,WA,2023-10-11,Individual
DNR-00464,18-24,CA,2023-08-22,Individual
DNR-00465,25-34,PA,2023-06-02,Individual
DNR-00466,18-24,NY,2025-04-14,Individual
DNR-00467,35-44,IL,2024-03-13,Individual
DNR-00468,35-44,NC,2021-05-31,Individual
DNR-00469,45-54,MI,2022-07-27,Individual
DNR-00470,25-34,PA,2021-09-01,Individual
DNR-00471,45-54,PA,2025-06-16,Major Donor
DNR-00472,45-54,OH,2025-03-27,Individual
DNR-00473,18-24,CO,2023-10-22,Individual
DNR-00474,35-44,TX,2022-11-14,Individual
DNR-00475,25-34,MI,2024-05-26,Corporate
DNR-00476,65+,CO,2022-10-15,Individual
DNR-00477,35-44,NC,2025-09-22,Individual
DNR-00478,45-54,GA,2023-12-27,Individual
DNR-00479,35-44,CA,2025-07-29,Individual
DNR-00480,55-64,CO,2023-05-04,Individual
DNR-00481,18-24,GA,2025-11-22,Individual
DNR-00482,55-64,MI,2022-06-28,Foundation
DNR-00483,18-24,GA,2024-03-28,Individual
DNR-00484,45-54,OH,2021-12-16,Individual
DNR-00485,25-34,MI,2021-10-30,Individual
DNR-00486,18-24,PA,2024-12-05,Individual
DNR-00487,45-54,OH,2023-05-08,Individual
DNR-00488,65+,CO,2023-10-25,Individual
DNR-00489,25-34,FL,2025-01-29,Individual
DNR-00490,45-54,NC,2024-02-23,Individual
DNR-00491,25-34,NC,2023-02-11,Individual
DNR-00492,45-54,CO,2022-12-03,Individual
DNR-00493,45-54,MI,2024-10-26,Individual
DNR-00494,25-34,NC,2023-09-19,Individual
DNR-00495,65+,IL,2022-09-04,Individual
DNR-00496,25-34,CO,2025-04-29,Individual
DNR-00497,35-44,CO,2023-09-29,Individual
DNR-00498,45-54,NC,2022-07-15,Individual
DNR-00499,35-44,PA,2023-02-17,Corporate
DNR-00500,35-44,IL,2025-05-03,Individual
DNR-00501,65+,WA,2025-01-02,Individual
DNR-00502,25-34,NC,2022-06-10,Individual
DNR-00503,45-54,TX,2022-07-10,Foundation
DNR-00504,45-54,FL,2021-08-12,Individual
DNR-00505,45-54,WA,2021-04-14,Individual
DNR-00506,35-44,CO,2022-04-22,Individual
DNR-00507,55-64,NY,2023-08-26,Individual
DNR-00508,25-34,WA,2024-02-02,Major Donor
DNR-00509,25-34,IL,2023-09-02,Individual
DNR-00510,18-24,CA,2022-10-20,Individual
DNR-00511,45-54,CO,2024-08-28,Individual
DNR-00512,65+,TX,2025-10-08,Foundation
DNR-00513,25-34,NY,2023-05-06,Corporate
DNR-00514,35-44,CO,2025-09-09,Individual
DNR-00515,55-64,NY,2025-11-22,Corporate
DNR-00516,25-34,PA,2022-09-04,Individual
DNR-00517,45-54,NC,2022-08-06,Individual
DNR-00518,25-34,NC,2023-10-09,Corporate
DNR-00519,55-64,PA,2023-08-17,Individual
DNR-00520,45-54,CO,2021-11-29,Individual
DNR-00521,35-44,IL,2022-01-17,Individual
DNR-00522,25-34,MI,2024-03-08,Individual
DNR-00523,35-44,OH,2025-10-20,Individual
DNR-00524,35-44,CA,2023-11-22,Individual
DNR-00525,35-44,FL,2022-01-14,Major Donor
DNR-00526,25-34,IL,2021-01-14,Individual
DNR-00527,45-54,NY,2022-11-07,Individual
DNR-00528,45-54,NY,2022-06-20,Individual
DNR-00529,35-44,OH,2024-09-29,Individual
DNR-00530,55-64,CO,2024-11-06,Individual
DNR-00531,25-34,IL,2025-04-26,Individual
DNR-00532,25-34,TX,2023-01-23,Individual
DNR-00533,45-54,MI,2023-09-07,Individual
DNR-00534,45-54,GA,2023-02-05,Individual
DNR-00535,45-54,FL,2025-04-01,Individual
DNR-00536,55-64,CA,2025-04-10,Individual
DNR-00537,45-54,CA,2023-12-13,Individual
DNR-00538,55-64,NC,2024-03-01,Individual
DNR-00539,25-34,PA,2022-02-19,Individual
DNR-00540,25-34,FL,2025-10-16,Individual
DNR-00541,25-34,NC,2025-01-08,Individual
DNR-00542,35-44,NC,2023-07-02,Individual
DNR-00543,18-24,GA,2023-05-01,Individual
DNR-00544,45-54,OH,2024-10-09,Individual
DNR-00545,45-54,MI,2022-06-06,Individual
DNR-00546,35-44,CA,2021-05-30,Individual
DNR-00547,65+,CA,2024-01-14,Major Donor
DNR-00548,35-44,TX,2023-08-25,Individual
DNR-00549,45-54,OH,2025-04-18,Individual
DNR-00550,35-44,OH,2023-02-06,Major Donor
DNR-00551,65+,NC,2023-02-09,Individual
DNR-00552,35-44,TX,2021-09-30,Individual
DNR-00553,25-34,FL,2024-01-06,Individual
DNR-00554,18-24,IL,2025-09-06,Individual
DNR-00555,45-54,NC,2023-08-07,Individual
DNR-00556,25-34,PA,2023-02-16,Individual
DNR-00557,65+,CO,2021-11-14,Individual
DNR-00558,55-64,OH,2025-04-17,Individual
DNR-00559,55-64,NY,2024-06-13,Individual
DNR-00560,25-34,NY,2022-05-08,Individual
DNR-00561,45-54,NY,2023-07-04,Individual
DNR-00562,35-44,FL,2022-05-17,Individual
DNR-00563,55-64,NY,2024-01-11,Individual
DNR-00564,35-44,CO,2021-10-14,Individual
DNR-00565,45-54,WA,2024-03-25,Individual
DNR-00566,35-44,TX,2025-08-04,Individual
DNR-00567,35-44,IL,2024-09-14,Individual
DNR-00568,45-54,CO,2021-05-05,Individual
DNR-00569,35-44,GA,2021-12-25,Individual
DNR-00570,65+,WA,2021-04-07,Major Donor
DNR-00571,35-44,OH,2023-02-20,Individual
DNR-00572,35-44,NC,2023-04-17,Individual
DNR-00573,25-34,CO,2023-08-28,Individual
DNR-00574,65+,NC,2021-10-23,Individual
DNR-00575,45-54,TX,2023-04-26,Foundation
DNR-00576,25-34,WA,2023-03-07,Individual
DNR-00577,55-64,CA,2021-06-11,Corporate
DNR-00578,25-34,IL,2024-01-02,Individual
DNR-00579,45-54,CA,2023-02-12,Individual
DNR-00580,45-54,WA,2022-01-21,Individual
DNR-00581,25-34,PA,2024-02-19,Individual
DNR-00582,18-24,FL,2022-09-13,Foundation
DNR-00583,65+,GA,2025-02-27,Individual
DNR-00584,45-54,OH,2022-05-12,Individual
DNR-00585,55-64,OH,2022-05-06,Individual
DNR-00586,35-44,IL,2023-08-13,Individual
DNR-00587,35-44,CA,2023-01-07,Individual
DNR-00588,35-44,PA,2025-07-03,Major Donor
DNR-00589,35-44,MI,2022-02-21,Individual
DNR-00590,25-34,IL,2025-11-05,Individual
DNR-00591,45-54,OH,2024-02-08,Foundation
DNR-00592,35-44,OH,2022-08-28,Individual
DNR-00593,35-44,WA,2024-03-12,Individual
DNR-00594,55-64,GA,2024-11-03,Individual
DNR-00595,35-44,TX,2025-01-21,Individual
DNR-00596,25-34,CO,2025-02-09,Individual
DNR-00597,65+,NC,2024-01-25,Individual
DNR-00598,35-44,CA,2024-08-07,Foundation
DNR-00599,55-64,OH,2025-08-03,Individual
DNR-00600,25-34,CO,2021-10-09,Individual
DNR-00601,35-44,PA,2021-11-06,Individual
DNR-00602,45-54,MI,2021-05-04,Individual
DNR-00603,18-24,NC,2023-09-17,Individual
DNR-00604,18-24,CO,2024-02-04,Individual
DNR-00605,35-44,NC,2022-07-17,Individual
DNR-00606,35-44,TX,2025-07-24,Individual
DNR-00607,35-44,FL,2021-08-08,Corporate
DNR-00608,25-34,PA,2022-01-29,Individual
DNR-00609,18-24,OH,2022-07-02,Individual
DNR-00610,65+,FL,2023-07-30,Individual
DNR-00611,55-64,WA,2022-09-07,Individual
DNR-00612,18-24,OH,2025-10-24,Individual
DNR-00613,35-44,WA,2023-02-16,Individual
DNR-00614,25-34,OH,2021-01-20,Individual
DNR-00615,45-54,CA,2024-08-13,Individual
DNR-00616,25-34,CO,2023-12-18,Corporate
DNR-00617,18-24,CA,2024-03-06,Individual
DNR-00618,55-64,MI,2024-11-02,Corporate
DNR-00619,65+,PA,2024-09-09,Individual
DNR-00620,45-54,CO,2021-02-02,Foundation
DNR-00621,18-24,TX,2025-08-09,Individual
DNR-00622,55-64,OH,2024-02-29,Individual
DNR-00623,35-44,CO,2024-10-18,Corporate
DNR-00624,45-54,CA,2021-10-14,Individual
DNR-00625,35-44,CA,2023-10-23,Individual
DNR-00626,18-24,MI,2023-06-15,Individual
DNR-00627,45-54,PA,2025-04-24,Individual
DNR-00628,55-64,GA,2021-03-02,Individual
DNR-00629,45-54,OH,2023-10-02,Individual
DNR-00630,45-54,OH,2023-06-04,Individual
DNR-00631,35-44,FL,2021-06-25,Individual
DNR-00632,25-34,OH,2024-12-31,Individual
DNR-00633,25-34,OH,2024-12-28,Individual
DNR-00634,25-34,IL,2022-10-11,Individual
DNR-00635,25-34,TX,2023-06-30,Individual
DNR-00636,35-44,NC,2021-06-28,Individual
DNR-00637,18-24,PA,2023-11-16,Individual
DNR-00638,45-54,PA,2024-02-10,Individual
DNR-00639,35-44,OH,2025-11-04,Individual
DNR-00640,65+,FL,2025-05-15,Individual
DNR-00641,45-54,TX,2024-03-17,Individual
DNR-00642,25-34,TX,2021-10-12,Individual
DNR-00643,25-34,IL,2021-05-10,Individual
DNR-00644,35-44,FL,2023-09-19,Individual
DNR-00645,45-54,FL,2025-01-16,Individual
DNR-00646,35-44,OH,2023-07-27,Individual
DNR-00647,35-44,PA,2022-11-12,Individual
DNR-00648,55-64,WA,2023-06-21,Individual
DNR-00649,35-44,CO,2024-05-02,Individual
DNR-00650,25-34,OH,2022-02-16,Individual
DNR-00651,45-54,GA,2022-10-16,Individual
DNR-00652,35-44,IL,2024-03-25,Individual
DNR-00653,35-44,MI,2025-07-31,Individual
DNR-00654,45-54,WA,2022-02-14,Individual
DNR-00655,65+,GA,2025-04-22,Individual
DNR-00656,55-64,CO,2024-12-21,Individual
DNR-00657,55-64,OH,2021-05-22,Individual
DNR-00658,45-54,FL,2024-10-10,Individual
DNR-00659,45-54,OH,2022-06-02,Individual
DNR-00660,45-54,MI,2021-06-01,Individual
DNR-00661,65+,CO,2023-04-01,Individual
DNR-00662,55-64,PA,2023-05-07,Individual
DNR-00663,45-54,WA,2024-12-07,Corporate
DNR-00664,25-34,WA,2021-06-24,Individual
DNR-00665,45-54,MI,2022-12-29,Individual
DNR-00666,35-44,PA,2024-08-14,Individual
DNR-00667,18-24,IL,2025-06-19,Individual
DNR-00668,35-44,MI,2022-03-31,Individual
DNR-00669,35-44,OH,2024-11-09,Individual
DNR-00670,45-54,NC,2023-08-07,Individual
DNR-00671,18-24,CA,2021-11-05,Individual
DNR-00672,65+,CA,2022-08-29,Individual
DNR-00673,25-34,IL,2025-08-30,Foundation
DNR-00674,25-34,GA,2022-12-04,Individual
DNR-00675,35-44,CO,2022-12-15,Individual
DNR-00676,35-44,CO,2023-07-16,Individual
DNR-00677,35-44,CA,2021-08-24,Individual
DNR-00678,65+,CO,2024-10-18,Individual
DNR-00679,45-54,PA,2022-05-15,Individual
DNR-00680,35-44,OH,2024-02-21,Individual
DNR-00681,45-54,OH,2024-07-13,Individual
DNR-00682,45-54,FL,2023-03-22,Individual
DNR-00683,35-44,CO,2023-07-10,Individual
DNR-00684,55-64,CA,2022-03-16,Individual
DNR-00685,55-64,TX,2024-03-28,Individual
DNR-00686,35-44,IL,2023-01-20,Individual
DNR-00687,35-44,WA,2024-10-05,Corporate
DNR-00688,45-54,MI,2022-10-04,Individual
DNR-00689,55-64,MI,2021-08-22,Individual
DNR-00690,45-54,IL,2021-12-20,Individual
DNR-00691,45-54,PA,2024-06-12,Individual
DNR-00692,25-34,PA,2021-08-30,Individual
DNR-00693,35-44,MI,2024-11-21,Individual
DNR-00694,35-44,GA,2021-10-10,Individual
DNR-00695,65+,TX,2024-07-25,Individual
DNR-00696,35-44,TX,2024-02-11,Individual
DNR-00697,45-54,PA,2022-10-07,Individual
DNR-00698,25-34,OH,2021-01-20,Individual
DNR-00699,35-44,WA,2024-02-25,Individual
DNR-00700,55-64,GA,2023-10-05,Individual
DNR-00701,18-24,FL,2021-12-09,Individual
DNR-00702,25-34,IL,2022-08-22,Individual
DNR-00703,45-54,GA,2021-12-11,Individual
DNR-00704,45-54,IL,2024-01-31,Individual
DNR-00705,65+,NC,2025-05-07,Individual
DNR-00706,55-64,GA,2025-08-12,Individual
DNR-00707,35-44,CO,2024-01-24,Individual
DNR-00708,25-34,NY,2025-08-27,Individual
DNR-00709,55-64,CA,2023-07-11,Individual
DNR-00710,25-34,FL,2023-06-19,Corporate
DNR-00711,45-54,PA,2022-03-06,Individual
DNR-00712,45-54,TX,2025-10-30,Individual
DNR-00713,25-34,FL,2024-06-15,Individual
DNR-00714,35-44,IL,2025-07-08,Individual
DNR-00715,35-44,CO,2024-05-07,Individual
DNR-00716,25-34,NC,2022-08-23,Individual
DNR-00717,25-34,OH,2024-10-23,Individual
DNR-00718,55-64,TX,2021-05-02,Major Donor
DNR-00719,25-34,CO,2024-12-07,Corporate
DNR-00720,55-64,WA,2022-10-22,Individual
DNR-00721,45-54,IL,2023-03-16,Individual
DNR-00722,35-44,WA,2024-07-09,Individual
DNR-00723,25-34,NC,2025-06-16,Corporate
DNR-00724,65+,PA,2025-03-16,Individual
DNR-00725,35-44,NY,2023-07-21,Foundation
DNR-00726,45-54,CO,2025-11-15,Individual
DNR-00727,45-54,CA,2023-07-28,Individual
DNR-00728,25-34,OH,2025-06-18,Individual
DNR-00729,25-34,IL,2025-08-17,Individual
DNR-00730,25-34,GA,2022-11-23,Individual
DNR-00731,45-54,NY,2025-06-03,Individual
DNR-00732,55-64,GA,2021-04-05,Individual
DNR-00733,55-64,GA,2021-02-03,Individual
DNR-00734,65+,FL,2023-07-24,Individual
DNR-00735,55-64,IL,2024-11-11,Corporate
DNR-00736,55-64,CA,2021-11-22,Corporate
DNR-00737,25-34,WA,2024-09-02,Individual
DNR-00738,35-44,IL,2024-08-21,Individual
DNR-00739,25-34,WA,2025-01-26,Individual
DNR-00740,18-24,GA,2021-07-06,Individual
DNR-00741,25-34,WA,2021-06-09,Individual
DNR-00742,45-54,CA,2023-07-01,Individual
DNR-00743,25-34,CA,2025-10-28,Individual
DNR-00744,45-54,CA,2022-04-14,Individual
DNR-00745,55-64,TX,2021-07-31,Individual
DNR-00746,55-64,TX,2023-02-23,Individual
DNR-00747,25-34,NC,2024-08-06,Major Donor
DNR-00748,45-54,GA,2024-02-28,Individual
DNR-00749,45-54,TX,2022-12-21,Individual
DNR-00750,35-44,FL,2023-04-24,Individual
DNR-00751,25-34,CA,2021-06-27,Corporate
DNR-00752,35-44,OH,2024-04-22,Individual
DNR-00753,25-34,WA,2022-10-07,Individual
DNR-00754,45-54,CO,2021-06-22,Individual
DNR-00755,65+,NY,2024-05-29,Individual
DNR-00756,55-64,FL,2025-10-03,Individual
DNR-00757,25-34,OH,2023-11-27,Individual
DNR-00758,55-64,FL,2022-08-29,Individual
DNR-00759,25-34,WA,2023-10-11,Individual
DNR-00760,55-64,NY,2024-05-01,Individual
DNR-00761,25-34,MI,2023-01-10,Foundation
DNR-00762,45-54,GA,2023-05-12,Individual
DNR-00763,45-54,NY,2025-04-27,Individual
DNR-00764,65+,OH,2022-06-21,Individual
DNR-00765,45-54,OH,2023-11-04,Individual
DNR-00766,25-34,NC,2023-05-18,Individual
DNR-00767,25-34,IL,2024-01-07,Individual
DNR-00768,25-34,TX,2021-06-11,Individual
DNR-00769,45-54,WA,2024-01-04,Individual
DNR-00770,35-44,OH,2024-10-26,Individual
DNR-00771,25-34,FL,2025-02-03,Foundation
DNR-00772,25-34,MI,2021-06-26,Corporate
DNR-00773,45-54,WA,2024-05-31,Individual
DNR-00774,18-24,TX,2025-02-25,Individual
DNR-00775,35-44,PA,2024-12-07,Individual
DNR-00776,55-64,IL,2023-12-08,Individual
DNR-00777,45-54,IL,2021-12-08,Individual
DNR-00778,55-64,NY,2025-02-10,Corporate
DNR-00779,25-34,CA,2022-11-18,Individual
DNR-00780,45-54,CA,2022-06-23,Individual
DNR-00781,35-44,GA,2023-10-14,Individual
DNR-00782,35-44,IL,2025-10-26,Individual
DNR-00783,45-54,CO,2025-05-03,Individual
DNR-00784,35-44,NY,2021-08-25,Individual
DNR-00785,25-34,GA,2025-10-25,Corporate
DNR-00786,25-34,NY,2023-01-16,Individual
DNR-00787,45-54,WA,2024-02-07,Individual
DNR-00788,25-34,CO,2023-05-09,Individual
DNR-00789,18-24,PA,2022-10-18,Individual
DNR-00790,65+,TX,2021-09-02,Individual
DNR-00791,65+,OH,2022-04-03,Individual
DNR-00792,55-64,IL,2021-05-22,Corporate
DNR-00793,35-44,PA,2022-11-02,Individual
DNR-00794,55-64,CO,2022-02-15,Individual
DNR-00795,35-44,GA,2024-06-29,Individual
DNR-00796,45-54,NC,2025-05-02,Individual
DNR-00797,25-34,OH,2025-04-07,Individual
DNR-00798,35-44,CO,2021-02-18,Individual
DNR-00799,35-44,WA,2025-12-02,Individual
DNR-00800,45-54,CA,2023-02-10,Individual
DNR-00801,25-34,GA,2022-02-25,Individual
DNR-00802,25-34,IL,2021-05-03,Major Donor
DNR-00803,25-34,NC,2021-07-10,Individual
DNR-00804,35-44,CO,2023-04-26,Individual
DNR-00805,35-44,WA,2021-06-23,Individual
DNR-00806,45-54,NY,2025-08-07,Individual
DNR-00807,25-34,IL,2023-06-10,Individual
DNR-00808,65+,OH,2022-06-19,Corporate
DNR-00809,35-44,GA,2024-12-06,Individual
DNR-00810,65+,TX,2022-07-11,Individual
DNR-00811,25-34,CA,2025-05-17,Individual
DNR-00812,35-44,CA,2021-12-03,Individual
DNR-00813,55-64,GA,2024-01-03,Individual
DNR-00814,55-64,CA,2022-09-24,Individual
DNR-00815,35-44,CO,2021-11-19,Individual
DNR-00816,25-34,PA,2024-11-28,Individual
DNR-00817,25-34,PA,2021-10-31,Individual
DNR-00818,45-54,IL,2023-03-23,Individual
DNR-00819,18-24,OH,2025-08-07,Major Donor
DNR-00820,45-54,FL,2025-10-17,Individual
DNR-00821,55-64,TX,2021-07-13,Individual
DNR-00822,55-64,FL,2021-09-06,Individual
DNR-00823,35-44,WA,2021-09-25,Individual
DNR-00824,25-34,MI,2024-07-14,Foundation
DNR-00825,18-24,CA,2022-06-15,Corporate
DNR-00826,35-44,TX,2022-02-09,Corporate
DNR-00827,55-64,PA,2021-07-08,Corporate
DNR-00828,35-44,TX,2021-09-08,Individual
DNR-00829,45-54,GA,2024-03-21,Individual
DNR-00830,35-44,PA,2021-03-02,Individual
DNR-00831,25-34,GA,2022-03-16,Corporate
DNR-00832,45-54,FL,2021-11-01,Individual
DNR-00833,35-44,NC,2024-08-18,Individual
DNR-00834,25-34,TX,2023-09-09,Individual
DNR-00835,55-64,NC,2023-05-09,Individual
DNR-00836,55-64,NY,2022-05-26,Individual
DNR-00837,35-44,NC,2023-02-23,Individual
DNR-00838,65+,NC,2025-05-20,Individual
DNR-00839,25-34,PA,2022-10-21,Individual
DNR-00840,55-64,IL,2024-05-07,Individual
DNR-00841,35-44,PA,2021-04-30,Individual
DNR-00842,25-34,TX,2025-04-20,Individual
DNR-00843,25-34,NC,2021-07-25,Individual
DNR-00844,45-54,FL,2025-07-30,Individual
DNR-00845,55-64,PA,2024-03-25,Individual
DNR-00846,25-34,FL,2025-09-15,Major Donor
DNR-00847,45-54,PA,2024-04-28,Individual
DNR-00848,45-54,MI,2024-04-26,Individual
DNR-00849,65+,GA,2024-02-29,Individual
DNR-00850,35-44,CA,2024-01-16,Individual
DNR-00851,25-34,NC,2021-04-26,Individual
DNR-00852,65+,FL,2023-09-06,Individual
DNR-00853,45-54,PA,2025-07-10,Individual
DNR-00854,45-54,TX,2021-05-02,Individual
DNR-00855,35-44,PA,2025-05-05,Individual
DNR-00856,65+,OH,2021-05-29,Individual
DNR-00857,35-44,TX,2024-04-15,Individual
DNR-00858,35-44,WA,2021-11-19,Individual
DNR-00859,25-34,NC,2023-09-25,Individual
DNR-00860,45-54,PA,2024-11-21,Corporate
DNR-00861,55-64,OH,2022-04-03,Individual
DNR-00862,35-44,TX,2022-09-21,Individual
DNR-00863,45-54,MI,2025-02-01,Individual
DNR-00864,55-64,MI,2023-03-13,Corporate
DNR-00865,35-44,MI,2021-03-08,Individual
DNR-00866,25-34,GA,2022-03-29,Individual
DNR-00867,18-24,PA,2021-10-16,Individual
DNR-00868,55-64,CA,2022-10-17,Individual
DNR-00869,45-54,PA,2025-08-10,Individual
DNR-00870,25-34,CO,2023-07-04,Individual
DNR-00871,55-64,CO,2021-05-19,Individual
DNR-00872,35-44,OH,2021-01-03,Individual
DNR-00873,35-44,OH,2021-12-07,Corporate
DNR-00874,25-34,GA,2022-12-21,Individual
DNR-00875,45-54,WA,2025-06-04,Corporate
DNR-00876,18-24,NY,2022-04-07,Individual
DNR-00877,25-34,CA,2022-08-27,Individual
DNR-00878,55-64,TX,2021-06-01,Individual
DNR-00879,65+,CA,2025-02-08,Individual
DNR-00880,45-54,GA,2022-11-24,Individual
DNR-00881,65+,TX,2024-12-13,Individual
DNR-00882,25-34,CA,2024-05-28,Corporate
DNR-00883,25-34,CO,2022-11-10,Individual
DNR-00884,45-54,IL,2024-02-09,Individual
DNR-00885,25-34,NY,2024-09-14,Individual
DNR-00886,55-64,TX,2023-03-16,Individual
DNR-00887,35-44,IL,2021-04-22,Individual
DNR-00888,45-54,FL,2025-08-15,Individual
DNR-00889,25-34,IL,2021-07-18,Individual
DNR-00890,25-34,OH,2021-06-17,Individual
DNR-00891,45-54,CA,2023-08-23,Individual
DNR-00892,25-34,OH,2024-08-07,Individual
DNR-00893,18-24,GA,2023-01-27,Individual
DNR-00894,55-64,MI,2023-08-11,Individual
DNR-00895,45-54,CA,2021-05-07,Individual
DNR-00896,55-64,OH,2021-06-25,Individual
DNR-00897,45-54,OH,2025-03-30,Individual
DNR-00898,65+,WA,2025-08-04,Individual
DNR-00899,45-54,FL,2025-11-11,Foundation
DNR-00900,35-44,CO,2023-09-03,Individual
DNR-00901,65+,MI,2021-03-13,Individual
DNR-00902,25-34,GA,2024-10-19,Major Donor
DNR-00903,25-34,FL,2021-12-21,Foundation
DNR-00904,18-24,CA,2025-07-14,Individual
DNR-00905,65+,WA,2024-10-31,Individual
DNR-00906,25-34,CO,2021-10-30,Individual
DNR-00907,35-44,OH,2025-07-12,Individual
DNR-00908,25-34,GA,2024-02-05,Individual
DNR-00909,45-54,MI,2025-11-24,Individual
DNR-00910,25-34,TX,2023-12-07,Individual
DNR-00911,45-54,CA,2021-10-31,Individual
DNR-00912,25-34,IL,2021-08-05,Individual
DNR-00913,35-44,OH,2025-11-12,Individual
DNR-00914,35-44,MI,2022-06-25,Individual
DNR-00915,25-34,TX,2023-08-27,Individual
DNR-00916,45-54,NY,2024-06-20,Individual
DNR-00917,35-44,FL,2023-03-22,Corporate
DNR-00918,65+,PA,2021-04-11,Individual
DNR-00919,55-64,IL,2021-02-11,Individual
DNR-00920,55-64,WA,2022-07-29,Individual
DNR-00921,25-34,IL,2021-07-21,Major Donor
DNR-00922,55-64,IL,2025-03-04,Individual
DNR-00923,45-54,FL,2025-02-01,Individual
DNR-00924,55-64,CO,2023-06-24,Individual
DNR-00925,55-64,NY,2023-09-20,Individual
DNR-00926,18-24,CO,2023-11-22,Individual
DNR-00927,55-64,NC,2023-11-04,Individual
DNR-00928,25-34,FL,2024-03-10,Individual
DNR-00929,18-24,NY,2025-09-11,Individual
DNR-00930,25-34,GA,2023-01-09,Individual
DNR-00931,65+,WA,2023-11-01,Individual
DNR-00932,35-44,GA,2021-03-04,Individual
DNR-00933,35-44,NC,2021-12-30,Foundation
DNR-00934,55-64,IL,2022-12-18,Individual
DNR-00935,25-34,NY,2025-03-14,Individual
DNR-00936,55-64,FL,2023-03-03,Individual
DNR-00937,25-34,FL,2025-10-22,Individual
DNR-00938,35-44,WA,2022-07-06,Individual
DNR-00939,25-34,TX,2021-01-19,Individual
DNR-00940,25-34,MI,2024-05-16,Individual
DNR-00941,45-54,CO,2025-07-07,Foundation
DNR-00942,55-64,PA,2024-08-09,Individual
DNR-00943,35-44,WA,2023-07-30,Individual
DNR-00944,35-44,CA,2023-12-03,Individual
DNR-00945,45-54,PA,2021-01-16,Individual
DNR-00946,45-54,IL,2024-02-24,Individual
DNR-00947,18-24,IL,2024-11-02,Individual
DNR-00948,25-34,WA,2024-08-04,Individual
DNR-00949,45-54,FL,2024-12-27,Foundation
DNR-00950,25-34,NY,2021-11-04,Individual
DNR-00951,55-64,OH,2025-07-08,Corporate
DNR-00952,25-34,NY,2024-09-14,Individual
DNR-00953,35-44,OH,2024-09-04,Individual
DNR-00954,18-24,CO,2023-04-09,Individual
DNR-00955,35-44,CO,2024-03-17,Individual
DNR-00956,45-54,GA,2022-04-01,Individual
DNR-00957,35-44,TX,2024-10-07,Individual
DNR-00958,45-54,IL,2025-09-18,Individual
DNR-00959,45-54,CO,2021-07-19,Individual
DNR-00960,65+,WA,2025-07-14,Individual
DNR-00961,25-34,FL,2022-11-19,Individual
DNR-00962,35-44,PA,2025-03-05,Corporate
DNR-00963,35-44,CA,2023-02-01,Individual
DNR-00964,45-54,MI,2023-08-22,Individual
DNR-00965,55-64,NC,2024-06-25,Individual
DNR-00966,35-44,IL,2021-09-03,Corporate
DNR-00967,55-64,TX,2023-04-27,Individual
DNR-00968,65+,GA,2022-02-15,Individual
DNR-00969,45-54,CA,2021-10-21,Individual
DNR-00970,65+,PA,2023-09-26,Individual
DNR-00971,35-44,FL,2024-07-23,Individual
DNR-00972,45-54,TX,2025-04-08,Individual
DNR-00973,55-64,TX,2023-09-30,Individual
DNR-00974,35-44,OH,2024-06-12,Individual
DNR-00975,18-24,FL,2023-09-05,Individual
DNR-00976,18-24,PA,2025-02-05,Individual
DNR-00977,25-34,WA,2025-03-31,Individual
DNR-00978,25-34,CO,2021-01-09,Individual
DNR-00979,25-34,OH,2025-12-02,Individual
DNR-00980,25-34,NY,2023-10-28,Individual
DNR-00981,35-44,NC,2022-09-03,Foundation
DNR-00982,35-44,WA,2024-05-06,Individual
DNR-00983,65+,PA,2021-10-02,Individual
DNR-00984,65+,OH,2025-03-17,Individual
DNR-00985,45-54,TX,2021-02-09,Individual
DNR-00986,45-54,TX,2022-03-09,Individual
DNR-00987,45-54,NY,2021-09-10,Individual
DNR-00988,25-34,NC,2023-02-08,Corporate
DNR-00989,65+,WA,2024-06-30,Individual
DNR-00990,18-24,CO,2021-08-10,Individual
DNR-00991,35-44,NC,2021-08-26,Individual
DNR-00992,25-34,CO,2022-06-02,Individual
DNR-00993,35-44,WA,2024-11-05,Individual
DNR-00994,25-34,MI,2021-07-26,Individual
DNR-00995,55-64,CA,2024-12-06,Individual
DNR-00996,25-34,CA,2023-11-14,Individual
DNR-00997,25-34,FL,2025-05-27,Individual
DNR-00998,35-44,FL,2025-05-13,Individual
DNR-00999,35-44,NY,2023-01-04,Individual
DNR-01000,25-34,GA,2024-01-28,Individual
DNR-01001,18-24,CA,2022-11-09,Individual
DNR-01002,45-54,TX,2021-08-15,Individual
DNR-01003,18-24,CO,2021-07-04,Individual
DNR-01004,45-54,GA,2021-07-27,Corporate
DNR-01005,18-24,TX,2022-08-30,Individual
DNR-01006,35-44,WA,2025-11-26,Individual
DNR-01007,25-34,NY,2022-10-03,Individual
DNR-01008,45-54,TX,2021-01-20,Corporate
DNR-01009,35-44,MI,2022-11-05,Individual
DNR-01010,25-34,PA,2022-07-04,Corporate
DNR-01011,35-44,GA,2022-01-10,Individual
DNR-01012,45-54,GA,2022-07-11,Individual
DNR-01013,55-64,TX,2025-06-27,Individual
DNR-01014,45-54,TX,2021-08-20,Individual
DNR-01015,45-54,MI,2021-08-01,Individual
DNR-01016,45-54,PA,2024-10-21,Individual
DNR-01017,45-54,CO,2024-06-06,Individual
DNR-01018,35-44,OH,2021-09-25,Individual
DNR-01019,25-34,PA,2023-06-22,Individual
DNR-01020,45-54,CO,2021-01-26,Individual
DNR-01021,25-34,WA,2024-03-26,Individual
DNR-01022,35-44,CO,2025-11-24,Individual
DNR-01023,45-54,FL,2024-06-20,Individual
DNR-01024,45-54,OH,2023-09-14,Individual
DNR-01025,45-54,MI,2021-11-01,Individual
DNR-01026,65+,NC,2021-04-22,Individual
DNR-01027,35-44,TX,2025-10-05,Individual
DNR-01028,35-44,PA,2021-06-03,Individual
DNR-01029,25-34,WA,2022-07-24,Individual
DNR-01030,25-34,GA,2023-02-15,Individual
DNR-01031,35-44,GA,2023-06-29,Individual
DNR-01032,65+,CO,2023-07-05,Individual
DNR-01033,35-44,NY,2024-08-31,Individual
DNR-01034,55-64,MI,2024-02-16,Individual
DNR-01035,55-64,NC,2024-06-21,Individual
DNR-01036,35-44,PA,2022-02-28,Individual
DNR-01037,55-64,GA,2023-01-15,Individual
DNR-01038,45-54,GA,2022-11-11,Individual
DNR-01039,45-54,CA,2025-01-07,Individual
DNR-01040,25-34,PA,2021-07-19,Individual
DNR-01041,65+,IL,2022-12-29,Individual
DNR-01042,45-54,NY,2024-01-27,Individual
DNR-01043,55-64,CO,2021-12-03,Individual
DNR-01044,25-34,FL,2025-01-17,Individual
DNR-01045,55-64,FL,2022-01-20,Individual
DNR-01046,25-34,PA,2023-07-26,Individual
DNR-01047,18-24,WA,2021-08-09,Individual
DNR-01048,25-34,GA,2025-09-12,Individual
DNR-01049,65+,TX,2023-07-26,Individual
DNR-01050,45-54,NC,2023-10-19,Individual
DNR-01051,35-44,NC,2023-06-06,Individual
DNR-01052,25-34,MI,2025-05-19,Corporate
DNR-01053,25-34,OH,2021-12-22,Individual
DNR-01054,55-64,NC,2024-09-08,Individual
DNR-01055,45-54,CO,2023-02-27,Individual
DNR-01056,35-44,PA,2025-04-11,Individual
DNR-01057,25-34,OH,2022-08-26,Individual
DNR-01058,45-54,IL,2024-05-18,Individual
DNR-01059,55-64,CO,2025-09-23,Individual
DNR-01060,45-54,FL,2025-02-18,Foundation
DNR-01061,35-44,PA,2022-03-06,Individual
DNR-01062,45-54,TX,2024-10-09,Individual
DNR-01063,45-54,CO,2023-10-29,Individual
DNR-01064,45-54,MI,2021-08-25,Individual
DNR-01065,45-54,WA,2024-03-14,Foundation
DNR-01066,45-54,OH,2025-03-12,Corporate
DNR-01067,25-34,OH,2025-07-14,Individual
DNR-01068,18-24,IL,2021-10-25,Individual
DNR-01069,65+,WA,2025-03-17,Individual
DNR-01070,18-24,IL,2022-05-29,Individual
DNR-01071,18-24,GA,2022-02-22,Individual
DNR-01072,45-54,NC,2021-07-29,Individual
DNR-01073,45-54,OH,2025-11-07,Individual
DNR-01074,55-64,CO,2022-05-02,Individual
DNR-01075,18-24,OH,2022-08-13,Individual
DNR-01076,55-64,WA,2023-03-05,Individual
DNR-01077,18-24,CO,2022-10-03,Foundation
DNR-01078,55-64,GA,2022-05-30,Individual
DNR-01079,45-54,CO,2025-08-27,Individual
DNR-01080,45-54,CO,2024-08-19,Individual
DNR-01081,45-54,FL,2024-05-20,Individual
DNR-01082,65+,CA,2022-08-26,Individual
DNR-01083,45-54,CA,2022-01-18,Foundation
DNR-01084,25-34,IL,2023-02-12,Individual
DNR-01085,55-64,NY,2021-09-24,Individual
DNR-01086,65+,NY,2022-11-08,Individual
DNR-01087,45-54,WA,2021-11-11,Corporate
DNR-01088,35-44,MI,2024-06-14,Individual
DNR-01089,55-64,PA,2024-02-01,Individual
DNR-01090,25-34,CA,2023-12-13,Individual
DNR-01091,35-44,NC,2025-05-30,Individual
DNR-01092,25-34,FL,2023-04-07,Individual
DNR-01093,35-44,FL,2024-09-20,Individual
DNR-01094,35-44,NC,2025-03-22,Individual
DNR-01095,45-54,CA,2025-08-14,Individual
DNR-01096,25-34,WA,2024-10-01,Individual
DNR-01097,25-34,NY,2024-06-10,Corporate
DNR-01098,35-44,CA,2024-10-29,Corporate
DNR-01099,45-54,NY,2023-03-02,Individual
DNR-01100,35-44,NC,2023-11-25,Individual
DNR-01101,35-44,WA,2023-07-02,Individual
DNR-01102,25-34,CA,2022-01-30,Individual
DNR-01103,55-64,NC,2021-12-09,Major Donor
DNR-01104,25-34,WA,2021-01-16,Individual
DNR-01105,45-54,CA,2025-05-04,Individual
DNR-01106,45-54,CO,2022-02-26,Individual
DNR-01107,55-64,CA,2025-05-07,Individual
DNR-01108,18-24,CO,2025-03-10,Individual
DNR-01109,18-24,TX,2022-11-11,Individual
DNR-01110,18-24,FL,2025-06-15,Individual
DNR-01111,35-44,OH,2022-06-14,Individual
DNR-01112,35-44,CA,2023-06-06,Individual
DNR-01113,45-54,CA,2024-01-01,Individual
DNR-01114,18-24,CA,2025-03-29,Individual
DNR-01115,25-34,WA,2023-01-03,Corporate
DNR-01116,35-44,GA,2022-09-10,Individual
DNR-01117,45-54,GA,2023-02-21,Individual
DNR-01118,25-34,OH,2021-11-17,Individual
DNR-01119,45-54,WA,2025-06-20,Individual
DNR-01120,55-64,CO,2021-10-23,Individual
DNR-01121,65+,NC,2024-08-19,Individual
DNR-01122,25-34,NY,2025-11-27,Individual
DNR-01123,45-54,CA,2024-03-18,Individual
DNR-01124,45-54,CO,2022-09-17,Individual
DNR-01125,65+,NC,2022-12-06,Individual
DNR-01126,25-34,IL,2021-10-19,Individual
DNR-01127,45-54,MI,2022-02-02,Individual
DNR-01128,55-64,NC,2025-10-12,Individual
DNR-01129,18-24,WA,2023-08-03,Individual
DNR-01130,25-34,MI,2021-05-18,Individual
DNR-01131,35-44,WA,2023-09-25,Foundation
DNR-01132,35-44,CA,2024-09-04,Individual
DNR-01133,35-44,MI,2022-02-01,Individual
DNR-01134,45-54,MI,2024-09-12,Individual
DNR-01135,35-44,OH,2024-03-06,Individual
DNR-01136,25-34,FL,2021-12-12,Individual
DNR-01137,35-44,PA,2024-12-29,Individual
DNR-01138,35-44,GA,2021-10-03,Individual
DNR-01139,55-64,GA,2023-08-06,Individual
DNR-01140,45-54,CA,2024-02-04,Individual
DNR-01141,55-64,NC,2025-09-20,Individual
DNR-01142,55-64,CA,2022-02-07,Individual
DNR-01143,18-24,NC,2025-01-29,Individual
DNR-01144,45-54,OH,2024-07-17,Individual
DNR-01145,65+,NC,2025-04-25,Individual
DNR-01146,65+,GA,2022-06-18,Individual
DNR-01147,35-44,FL,2024-09-01,Individual
DNR-01148,55-64,TX,2025-05-01,Individual
DNR-01149,25-34,PA,2023-08-10,Individual
DNR-01150,25-34,MI,2023-10-26,Individual
DNR-01151,35-44,GA,2024-11-02,Individual
DNR-01152,65+,WA,2021-11-23,Individual
DNR-01153,45-54,GA,2025-11-22,Foundation
DNR-01154,55-64,FL,2023-01-05,Individual
DNR-01155,25-34,WA,2021-05-09,Individual
DNR-01156,55-64,OH,2022-02-28,Individual
DNR-01157,55-64,NY,2023-08-20,Corporate
DNR-01158,45-54,NC,2024-08-21,Individual
DNR-01159,55-64,IL,2024-07-21,Individual
DNR-01160,25-34,WA,2024-03-31,Individual
DNR-01161,45-54,CA,2023-02-15,Individual
DNR-01162,65+,FL,2023-11-25,Individual
DNR-01163,55-64,PA,2023-11-24,Individual
DNR-01164,55-64,NY,2023-09-25,Individual
DNR-01165,35-44,FL,2023-10-25,Corporate
DNR-01166,35-44,TX,2021-06-07,Individual
DNR-01167,45-54,CA,2022-01-18,Individual
DNR-01168,55-64,CO,2024-09-15,Individual
DNR-01169,35-44,FL,2021-08-21,Individual
DNR-01170,55-64,NY,2024-04-24,Individual
DNR-01171,45-54,TX,2022-05-15,Individual
DNR-01172,18-24,MI,2021-10-03,Individual
DNR-01173,25-34,TX,2021-10-28,Individual
DNR-01174,45-54,MI,2023-11-25,Foundation
DNR-01175,45-54,WA,2024-07-29,Individual
DNR-01176,25-34,GA,2025-08-10,Individual
DNR-01177,55-64,TX,2024-05-27,Major Donor
DNR-01178,45-54,MI,2022-03-26,Individual
DNR-01179,45-54,NC,2025-08-08,Individual
DNR-01180,45-54,GA,2022-06-26,Individual
DNR-01181,25-34,OH,2024-05-06,Individual
DNR-01182,25-34,NC,2021-09-28,Individual
DNR-01183,25-34,CA,2024-11-02,Individual
DNR-01184,45-54,NY,2021-12-30,Individual
DNR-01185,55-64,CA,2025-05-25,Individual
DNR-01186,65+,NC,2023-09-15,Individual
DNR-01187,65+,WA,2025-08-22,Individual
DNR-01188,35-44,NY,2024-08-22,Individual
DNR-01189,25-34,GA,2024-11-29,Individual
DNR-01190,35-44,CO,2025-06-06,Individual
DNR-01191,45-54,OH,2025-04-09,Individual
DNR-01192,55-64,CA,2021-10-02,Individual
DNR-01193,45-54,IL,2022-08-04,Individual
DNR-01194,45-54,NY,2022-01-23,Individual
DNR-01195,35-44,OH,2024-03-29,Individual
DNR-01196,55-64,OH,2024-09-02,Individual
DNR-01197,35-44,MI,2023-01-12,Individual
DNR-01198,45-54,MI,2022-06-04,Individual
DNR-01199,65+,OH,2023-01-19,Individual
DNR-01200,45-54,NC,2025-03-27,Individual
DNR-01201,45-54,GA,2023-09-16,Individual
DNR-01202,45-54,CO,2022-06-04,Major Donor
DNR-01203,55-64,WA,2023-03-27,Individual
DNR-01204,35-44,CO,2021-09-01,Individual
DNR-01205,35-44,PA,2021-11-28,Individual
DNR-01206,45-54,CO,2025-06-29,Individual
DNR-01207,65+,NY,2021-04-17,Individual
DNR-01208,25-34,MI,2025-07-06,Individual
DNR-01209,25-34,PA,2023-06-11,Individual
DNR-01210,45-54,OH,2021-06-13,Individual
DNR-01211,35-44,MI,2024-06-11,Individual
DNR-01212,55-64,WA,2021-04-28,Foundation
DNR-01213,25-34,WA,2023-10-10,Individual
DNR-01214,25-34,MI,2025-07-05,Individual
DNR-01215,25-34,TX,2023-11-12,Individual
DNR-01216,25-34,NY,2024-10-12,Individual
DNR-01217,25-34,OH,2021-11-19,Individual
DNR-01218,35-44,FL,2022-12-25,Individual
DNR-01219,45-54,CA,2023-11-27,Individual
DNR-01220,55-64,MI,2024-01-31,Individual
DNR-01221,55-64,FL,2022-12-14,Individual
DNR-01222,35-44,OH,2024-05-26,Foundation
DNR-01223,25-34,NC,2024-03-23,Individual
DNR-01224,35-44,PA,2021-08-07,Individual
DNR-01225,65+,NC,2021-08-28,Individual
DNR-01226,25-34,GA,2025-07-24,Individual
DNR-01227,55-64,PA,2023-02-12,Individual
DNR-01228,35-44,MI,2025-05-08,Individual
DNR-01229,25-34,CA,2025-11-01,Individual
DNR-01230,65+,WA,2023-02-23,Individual
DNR-01231,35-44,PA,2024-12-07,Individual
DNR-01232,45-54,IL,2023-11-24,Individual
DNR-01233,35-44,CO,2022-05-24,Individual
DNR-01234,45-54,TX,2025-08-09,Individual
DNR-01235,25-34,MI,2023-09-03,Individual
DNR-01236,45-54,FL,2022-07-06,Individual
DNR-01237,25-34,FL,2023-10-19,Individual
DNR-01238,25-34,FL,2025-11-23,Individual
DNR-01239,25-34,CA,2025-09-09,Individual
DNR-01240,45-54,WA,2021-09-03,Corporate
DNR-01241,55-64,NC,2023-10-06,Individual
DNR-01242,35-44,PA,2021-03-28,Individual
DNR-01243,55-64,MI,2023-10-06,Corporate
DNR-01244,25-34,NC,2025-11-15,Individual
DNR-01245,55-64,TX,2022-07-28,Individual
DNR-01246,35-44,NC,2021-04-21,Individual
DNR-01247,35-44,WA,2021-03-08,Individual
DNR-01248,65+,CO,2025-05-09,Individual
DNR-01249,45-54,NY,2023-11-28,Individual
DNR-01250,45-54,PA,2024-10-12,Individual
DNR-01251,25-34,NC,2023-01-11,Individual
DNR-01252,35-44,MI,2022-06-23,Individual
DNR-01253,35-44,FL,2022-12-04,Individual
DNR-01254,35-44,OH,2023-05-09,Individual
DNR-01255,45-54,MI,2022-07-27,Individual
DNR-01256,25-34,IL,2024-11-05,Individual
DNR-01257,35-44,OH,2025-07-05,Individual
DNR-01258,65+,TX,2022-02-06,Individual
DNR-01259,25-34,GA,2023-08-27,Individual
DNR-01260,55-64,NC,2021-10-03,Major Donor
DNR-01261,55-64,IL,2023-12-30,Individual
DNR-01262,45-54,OH,2022-05-29,Individual
DNR-01263,18-24,IL,2021-07-22,Individual
DNR-01264,25-34,CO,2023-09-03,Individual
DNR-01265,35-44,NC,2022-11-17,Individual
DNR-01266,18-24,CA,2025-07-17,Individual
DNR-01267,65+,FL,2022-12-21,Corporate
DNR-01268,45-54,TX,2024-03-27,Individual
DNR-01269,35-44,NC,2025-05-18,Individual
DNR-01270,35-44,CA,2023-09-26,Individual
DNR-01271,35-44,TX,2023-02-20,Individual
DNR-01272,55-64,PA,2025-11-14,Individual
DNR-01273,45-54,CA,2023-05-14,Individual
DNR-01274,25-34,PA,2021-06-12,Individual
DNR-01275,25-34,WA,2024-08-30,Individual
DNR-01276,35-44,PA,2023-03-21,Individual
DNR-01277,65+,OH,2025-03-12,Individual
DNR-01278,18-24,CO,2021-12-09,Individual
DNR-01279,65+,CO,2022-04-26,Individual
DNR-01280,25-34,CA,2025-03-16,Individual
DNR-01281,55-64,NC,2021-07-15,Individual
DNR-01282,35-44,CA,2021-04-21,Individual
DNR-01283,25-34,WA,2021-08-01,Individual
DNR-01284,25-34,IL,2023-03-10,Individual
DNR-01285,25-34,TX,2023-06-27,Individual
DNR-01286,35-44,PA,2021-02-28,Individual
DNR-01287,65+,NC,2025-11-05,Individual
DNR-01288,25-34,CO,2022-07-12,Individual
DNR-01289,45-54,WA,2024-01-10,Individual
DNR-01290,45-54,NC,2025-03-14,Individual
DNR-01291,35-44,PA,2024-08-03,Individual
DNR-01292,55-64,GA,2023-09-14,Individual
DNR-01293,25-34,IL,2022-09-23,Individual
DNR-01294,55-64,TX,2021-01-22,Individual
DNR-01295,45-54,CO,2022-12-06,Individual
DNR-01296,35-44,NY,2023-10-05,Foundation
DNR-01297,35-44,FL,2025-04-18,Individual
DNR-01298,35-44,OH,2025-06-20,Individual
DNR-01299,25-34,CO,2024-02-23,Individual
DNR-01300,55-64,FL,2025-02-18,Individual
DNR-01301,45-54,NC,2022-06-23,Individual
DNR-01302,45-54,CO,2025-04-15,Individual
DNR-01303,45-54,NC,2024-11-03,Individual
DNR-01304,25-34,CA,2025-07-15,Individual
DNR-01305,25-34,GA,2022-01-09,Individual
DNR-01306,45-54,GA,2024-06-19,Individual
DNR-01307,25-34,NC,2022-01-20,Individual
DNR-01308,25-34,IL,2021-02-15,Individual
DNR-01309,45-54,FL,2021-09-14,Individual
DNR-01310,35-44,PA,2021-07-04,Individual
DNR-01311,55-64,PA,2023-05-11,Individual
DNR-01312,18-24,CA,2023-08-08,Individual
DNR-01313,25-34,IL,2025-09-24,Individual
DNR-01314,45-54,TX,2025-05-08,Individual
DNR-01315,25-34,OH,2022-01-29,Corporate
DNR-01316,65+,CO,2025-08-24,Individual
DNR-01317,65+,FL,2022-05-25,Individual
DNR-01318,25-34,CO,2025-02-19,Major Donor
DNR-01319,45-54,FL,2025-04-28,Individual
DNR-01320,65+,PA,2023-08-27,Individual
DNR-01321,18-24,NC,2021-11-21,Individual
DNR-01322,35-44,IL,2023-12-03,Individual
DNR-01323,18-24,WA,2022-02-11,Individual
DNR-01324,25-34,OH,2022-03-23,Major Donor
DNR-01325,55-64,MI,2022-10-27,Individual
DNR-01326,25-34,NY,2021-09-03,Individual
DNR-01327,35-44,MI,2024-04-05,Individual
DNR-01328,25-34,TX,2021-11-14,Individual
DNR-01329,45-54,WA,2023-10-21,Individual
DNR-01330,45-54,CO,2021-05-03,Individual
DNR-01331,25-34,FL,2024-01-04,Individual
DNR-01332,55-64,PA,2022-10-11,Major Donor
DNR-01333,45-54,NY,2025-07-08,Corporate
DNR-01334,45-54,IL,2024-11-12,Individual
DNR-01335,35-44,IL,2021-03-22,Individual
DNR-01336,25-34,TX,2024-01-17,Individual
DNR-01337,45-54,IL,2024-01-19,Individual
DNR-01338,65+,NC,2025-11-12,Individual
DNR-01339,25-34,IL,2021-11-25,Individual
DNR-01340,35-44,NY,2025-08-06,Individual
DNR-01341,35-44,TX,2025-05-09,Individual
DNR-01342,35-44,MI,2021-02-08,Individual
DNR-01343,18-24,NC,2022-05-05,Individual
DNR-01344,35-44,GA,2025-08-05,Individual
DNR-01345,45-54,PA,2025-04-18,Individual
DNR-01346,25-34,NC,2023-04-20,Individual
DNR-01347,55-64,TX,2024-09-11,Individual
DNR-01348,25-34,GA,2022-01-01,Corporate
DNR-01349,45-54,OH,2022-01-28,Individual
DNR-01350,45-54,MI,2024-09-09,Individual
DNR-01351,25-34,CO,2022-06-09,Individual
DNR-01352,65+,WA,2021-05-26,Individual
DNR-01353,55-64,GA,2023-10-04,Corporate
DNR-01354,35-44,CO,2025-06-29,Individual
DNR-01355,55-64,NY,2023-05-02,Individual
DNR-01356,35-44,CO,2025-08-14,Individual
DNR-01357,18-24,FL,2021-05-25,Individual
DNR-01358,45-54,NC,2023-11-30,Individual
DNR-01359,35-44,FL,2023-03-01,Individual
DNR-01360,25-34,CO,2024-03-13,Individual
DNR-01361,25-34,WA,2024-02-18,Individual
DNR-01362,35-44,WA,2024-03-26,Individual
DNR-01363,25-34,TX,2023-05-25,Corporate
DNR-01364,35-44,TX,2024-02-01,Individual
DNR-01365,35-44,PA,2023-12-30,Major Donor
DNR-01366,65+,PA,2022-10-08,Individual
DNR-01367,35-44,CO,2023-04-25,Individual
DNR-01368,45-54,FL,2022-10-25,Individual
DNR-01369,65+,IL,2023-02-08,Individual
DNR-01370,35-44,OH,2023-01-08,Foundation
DNR-01371,65+,MI,2021-01-01,Individual
DNR-01372,65+,IL,2021-02-03,Individual
DNR-01373,25-34,PA,2021-01-14,Individual
DNR-01374,65+,IL,2021-02-14,Individual
DNR-01375,45-54,MI,2024-02-08,Individual
DNR-01376,35-44,TX,2021-11-13,Individual
DNR-01377,55-64,FL,2021-10-11,Individual
DNR-01378,35-44,MI,2022-04-23,Individual
DNR-01379,25-34,CA,2023-03-30,Individual
DNR-01380,35-44,GA,2025-01-21,Individual
DNR-01381,45-54,CA,2025-08-19,Corporate
DNR-01382,18-24,MI,2024-05-04,Individual
DNR-01383,18-24,PA,2023-02-21,Individual
DNR-01384,35-44,CA,2022-12-14,Corporate
DNR-01385,45-54,MI,2025-11-17,Individual
DNR-01386,45-54,NY,2021-01-24,Individual
DNR-01387,35-44,MI,2022-09-17,Individual
DNR-01388,45-54,TX,2021-11-03,Individual
DNR-01389,65+,GA,2021-04-14,Individual
DNR-01390,35-44,FL,2025-03-22,Individual
DNR-01391,35-44,TX,2023-06-04,Individual
DNR-01392,45-54,NY,2022-11-20,Individual
DNR-01393,25-34,NC,2024-01-28,Individual
DNR-01394,25-34,TX,2023-06-09,Individual
DNR-01395,35-44,WA,2023-09-12,Individual
DNR-01396,45-54,CO,2024-03-16,Individual
DNR-01397,18-24,OH,2023-12-10,Individual
DNR-01398,45-54,CA,2022-10-25,Individual
DNR-01399,35-44,FL,2024-10-07,Individual
DNR-01400,45-54,IL,2022-10-19,Individual
DNR-01401,45-54,GA,2021-12-13,Major Donor
DNR-01402,18-24,FL,2024-06-30,Individual
DNR-01403,25-34,CO,2022-02-13,Individual
DNR-01404,45-54,FL,2025-10-13,Individual
DNR-01405,55-64,IL,2024-06-25,Corporate
DNR-01406,55-64,IL,2021-01-29,Individual
DNR-01407,35-44,CO,2023-07-11,Individual
DNR-01408,45-54,IL,2024-01-07,Individual
DNR-01409,45-54,TX,2024-01-29,Individual
DNR-01410,18-24,MI,2024-11-24,Individual
DNR-01411,25-34,NY,2024-09-20,Individual
DNR-01412,45-54,IL,2022-08-05,Individual
DNR-01413,65+,CA,2021-04-19,Individual
DNR-01414,45-54,WA,2023-03-07,Individual
DNR-01415,18-24,WA,2023-01-08,Corporate
DNR-01416,35-44,CO,2023-03-03,Individual
DNR-01417,35-44,MI,2021-07-23,Corporate
DNR-01418,25-34,GA,2023-12-25,Individual
DNR-01419,18-24,FL,2024-02-23,Corporate
DNR-01420,35-44,CO,2023-12-21,Individual
DNR-01421,45-54,PA,2021-11-18,Individual
DNR-01422,65+,NC,2024-07-04,Individual
DNR-01423,45-54,OH,2022-07-19,Individual
DNR-01424,65+,IL,2025-07-27,Major Donor
DNR-01425,55-64,WA,2022-04-07,Individual
DNR-01426,35-44,WA,2021-10-09,Individual
DNR-01427,45-54,OH,2024-06-08,Corporate
DNR-01428,35-44,IL,2022-05-08,Individual
DNR-01429,45-54,FL,2024-05-24,Individual
DNR-01430,45-54,FL,2024-08-29,Individual
DNR-01431,45-54,NC,2025-11-02,Individual
DNR-01432,65+,TX,2021-10-04,Individual
DNR-01433,65+,PA,2024-09-05,Foundation
DNR-01434,65+,CA,2021-05-19,Individual
DNR-01435,55-64,CO,2022-01-13,Individual
DNR-01436,55-64,OH,2021-03-02,Individual
DNR-01437,45-54,WA,2023-04-23,Individual
DNR-01438,55-64,CA,2025-02-21,Individual
DNR-01439,55-64,MI,2021-09-27,Individual
DNR-01440,45-54,FL,2024-06-17,Individual
DNR-01441,45-54,PA,2024-05-06,Individual
DNR-01442,35-44,NC,2021-06-12,Individual
DNR-01443,45-54,PA,2025-09-29,Individual
DNR-01444,35-44,TX,2022-01-12,Corporate
DNR-01445,18-24,NY,2021-12-02,Individual
DNR-01446,25-34,WA,2022-07-07,Foundation
DNR-01447,18-24,GA,2022-02-20,Individual
DNR-01448,45-54,GA,2025-11-11,Individual
DNR-01449,55-64,MI,2022-05-21,Individual
DNR-01450,45-54,OH,2025-02-14,Individual
DNR-01451,45-54,NC,2024-06-06,Foundation
DNR-01452,45-54,NY,2023-12-12,Individual
DNR-01453,35-44,NY,2023-12-03,Individual
DNR-01454,35-44,CO,2022-05-19,Individual
DNR-01455,35-44,WA,2021-03-22,Individual
DNR-01456,35-44,IL,2021-04-11,Individual
DNR-01457,35-44,OH,2025-05-04,Individual
DNR-01458,18-24,NC,2022-08-26,Individual
DNR-01459,45-54,CA,2021-10-19,Individual
DNR-01460,25-34,MI,2025-01-19,Individual
DNR-01461,35-44,PA,2024-11-26,Individual
DNR-01462,35-44,CO,2023-07-13,Individual
DNR-01463,25-34,PA,2022-02-18,Corporate
DNR-01464,45-54,TX,2024-11-17,Individual
DNR-01465,25-34,CO,2025-01-11,Individual
DNR-01466,25-34,CO,2023-07-10,Individual
DNR-01467,65+,MI,2023-02-26,Individual
DNR-01468,35-44,TX,2021-11-24,Individual
DNR-01469,45-54,TX,2022-11-18,Individual
DNR-01470,25-34,CO,2021-11-29,Corporate
DNR-01471,35-44,GA,2021-04-16,Individual
DNR-01472,25-34,TX,2022-08-15,Individual
DNR-01473,55-64,NY,2022-02-20,Individual
DNR-01474,35-44,NY,2023-07-29,Individual
DNR-01475,25-34,MI,2024-05-30,Corporate
DNR-01476,35-44,CA,2024-09-12,Individual
DNR-01477,25-34,NC,2024-05-16,Individual
DNR-01478,45-54,FL,2022-07-24,Individual
DNR-01479,18-24,PA,2021-04-11,Individual
DNR-01480,18-24,MI,2021-03-17,Individual
DNR-01481,35-44,CA,2025-09-13,Individual
DNR-01482,65+,TX,2021-04-11,Individual
DNR-01483,45-54,CO,2024-10-08,Individual
DNR-01484,45-54,GA,2024-05-03,Individual
DNR-01485,65+,CA,2025-03-15,Individual
DNR-01486,35-44,OH,2025-04-23,Individual
DNR-01487,35-44,NC,2025-08-07,Individual
DNR-01488,25-34,CO,2021-05-13,Individual
DNR-01489,35-44,NC,2025-10-27,Individual
DNR-01490,45-54,CA,2022-03-06,Individual
DNR-01491,45-54,CA,2024-03-16,Individual
DNR-01492,45-54,CO,2023-09-18,Individual
DNR-01493,55-64,IL,2022-08-12,Individual
DNR-01494,45-54,TX,2023-12-13,Individual
DNR-01495,35-44,WA,2024-06-12,Individual
DNR-01496,25-34,MI,2023-10-17,Individual
DNR-01497,65+,NY,2022-04-22,Individual
DNR-01498,45-54,CA,2021-08-31,Individual
DNR-01499,55-64,OH,2025-02-19,Individual
DNR-01500,35-44,WA,2023-04-28,Individual
DNR-01501,25-34,IL,2022-03-11,Individual
DNR-01502,35-44,NC,2022-06-06,Individual
DNR-01503,18-24,WA,2024-02-01,Individual
DNR-01504,45-54,MI,2022-11-14,Individual
DNR-01505,25-34,PA,2021-03-01,Individual
DNR-01506,35-44,NY,2024-10-09,Individual
DNR-01507,25-34,GA,2024-08-15,Individual
DNR-01508,35-44,OH,2025-11-07,Individual
DNR-01509,35-44,MI,2025-03-01,Individual
DNR-01510,45-54,NY,2025-01-24,Individual
DNR-01511,35-44,PA,2022-03-03,Individual
DNR-01512,35-44,NY,2021-05-16,Foundation
DNR-01513,45-54,TX,2022-11-26,Major Donor
DNR-01514,25-34,CA,2024-03-15,Individual
DNR-01515,35-44,PA,2025-11-06,Individual
DNR-01516,35-44,GA,2024-12-24,Individual
DNR-01517,35-44,IL,2025-12-02,Individual
DNR-01518,25-34,PA,2022-03-19,Individual
DNR-01519,25-34,CA,2025-05-27,Individual
DNR-01520,55-64,NC,2023-06-28,Individual
DNR-01521,65+,CO,2021-11-12,Individual
DNR-01522,55-64,TX,2025-11-25,Individual
DNR-01523,55-64,NC,2025-04-25,Corporate
DNR-01524,25-34,NY,2024-10-17,Major Donor
DNR-01525,55-64,CA,2023-07-30,Individual
DNR-01526,18-24,MI,2021-01-09,Individual
DNR-01527,35-44,NY,2025-11-21,Individual
DNR-01528,45-54,IL,2021-07-31,Individual
DNR-01529,35-44,FL,2021-02-16,Individual
DNR-01530,35-44,NC,2022-10-20,Individual
DNR-01531,45-54,IL,2022-10-16,Individual
DNR-01532,25-34,MI,2021-11-02,Individual
DNR-01533,25-34,PA,2024-02-21,Individual
DNR-01534,25-34,CO,2024-01-31,Individual
DNR-01535,25-34,CA,2025-07-05,Individual
DNR-01536,35-44,GA,2022-09-30,Individual
DNR-01537,35-44,WA,2021-04-14,Individual
DNR-01538,18-24,OH,2021-04-14,Individual
DNR-01539,45-54,MI,2023-03-14,Individual
DNR-01540,45-54,MI,2024-07-13,Individual
DNR-01541,55-64,CO,2022-12-30,Individual
DNR-01542,45-54,GA,2025-04-03,Individual
DNR-01543,55-64,CO,2024-03-08,Individual
DNR-01544,35-44,WA,2023-08-18,Individual
DNR-01545,35-44,FL,2024-12-25,Individual
DNR-01546,45-54,PA,2021-10-22,Corporate
DNR-01547,65+,PA,2023-03-14,Individual
DNR-01548,35-44,GA,2025-06-04,Corporate
DNR-01549,25-34,GA,2021-03-03,Individual
DNR-01550,35-44,PA,2023-08-03,Individual
DNR-01551,35-44,OH,2024-05-22,Individual
DNR-01552,25-34,NC,2025-08-02,Individual
DNR-01553,35-44,GA,2024-08-23,Individual
DNR-01554,25-34,FL,2023-04-01,Individual
DNR-01555,35-44,CA,2024-01-28,Individual
DNR-01556,45-54,OH,2022-11-29,Individual
DNR-01557,45-54,PA,2025-05-26,Major Donor
DNR-01558,25-34,WA,2024-01-21,Individual
DNR-01559,45-54,GA,2021-06-09,Individual
DNR-01560,35-44,NC,2021-08-23,Individual
DNR-01561,25-34,OH,2021-07-19,Individual
DNR-01562,45-54,MI,2021-05-23,Individual
DNR-01563,35-44,WA,2025-04-29,Individual
DNR-01564,25-34,TX,2024-09-14,Individual
DNR-01565,45-54,NY,2024-04-04,Corporate
DNR-01566,25-34,NC,2025-03-31,Individual
DNR-01567,45-54,FL,2022-08-20,Individual
DNR-01568,35-44,MI,2022-02-26,Individual
DNR-01569,35-44,OH,2025-06-15,Corporate
DNR-01570,35-44,CA,2025-01-10,Major Donor
DNR-01571,65+,OH,2024-04-08,Individual
DNR-01572,35-44,PA,2025-10-02,Individual
DNR-01573,18-24,NC,2024-01-30,Foundation
DNR-01574,25-34,IL,2025-08-08,Major Donor
DNR-01575,35-44,MI,2025-11-08,Individual
DNR-01576,45-54,OH,2023-03-19,Individual
DNR-01577,25-34,TX,2023-02-21,Individual
DNR-01578,45-54,PA,2023-08-31,Individual
DNR-01579,35-44,WA,2025-09-17,Individual
DNR-01580,18-24,NY,2021-09-15,Individual
DNR-01581,35-44,OH,2021-10-22,Individual
DNR-01582,45-54,OH,2021-10-06,Individual
DNR-01583,55-64,MI,2025-10-28,Individual
DNR-01584,35-44,OH,2023-05-22,Individual
DNR-01585,35-44,FL,2024-02-05,Individual
DNR-01586,18-24,GA,2022-01-16,Individual
DNR-01587,45-54,IL,2025-10-01,Individual
DNR-01588,45-54,NY,2023-04-22,Corporate
DNR-01589,45-54,CA,2021-03-19,Individual
DNR-01590,45-54,TX,2024-04-03,Individual
DNR-01591,65+,IL,2025-02-04,Individual
DNR-01592,35-44,MI,2023-08-11,Individual
DNR-01593,45-54,WA,2021-07-01,Individual
DNR-01594,45-54,MI,2024-10-01,Individual
DNR-01595,65+,NC,2022-10-02,Individual
DNR-01596,35-44,GA,2025-05-14,Individual
DNR-01597,35-44,IL,2024-03-21,Individual
DNR-01598,45-54,MI,2022-08-16,Individual
DNR-01599,55-64,IL,2025-03-15,Individual
DNR-01600,45-54,MI,2021-05-06,Individual
DNR-01601,35-44,CO,2021-04-16,Individual
DNR-01602,35-44,TX,2024-07-02,Individual
DNR-01603,55-64,IL,2023-11-02,Individual
DNR-01604,25-34,IL,2021-09-29,Individual
DNR-01605,45-54,MI,2021-01-30,Individual
DNR-01606,35-44,TX,2025-02-22,Individual
DNR-01607,25-34,TX,2022-06-20,Individual
DNR-01608,18-24,CA,2025-06-26,Individual
DNR-01609,55-64,GA,2021-10-25,Individual
DNR-01610,55-64,FL,2025-03-22,Major Donor
DNR-01611,45-54,FL,2024-09-15,Individual
DNR-01612,35-44,WA,2024-03-29,Individual
DNR-01613,25-34,TX,2022-06-26,Individual
DNR-01614,35-44,CO,2023-08-09,Individual
DNR-01615,25-34,WA,2025-03-21,Corporate
DNR-01616,25-34,NC,2024-12-16,Individual
DNR-01617,35-44,GA,2025-11-18,Individual
DNR-01618,65+,WA,2023-02-22,Individual
DNR-01619,45-54,PA,2021-03-26,Individual
DNR-01620,65+,IL,2025-09-26,Individual
DNR-01621,55-64,IL,2022-11-18,Individual
DNR-01622,35-44,WA,2024-09-02,Individual
DNR-01623,45-54,FL,2025-03-15,Individual
DNR-01624,45-54,TX,2023-12-01,Individual
DNR-01625,45-54,CA,2022-10-04,Individual
DNR-01626,35-44,WA,2021-01-25,Individual
DNR-01627,45-54,IL,2023-07-03,Individual
DNR-01628,45-54,NY,2022-01-31,Individual
DNR-01629,55-64,MI,2024-05-01,Individual
DNR-01630,65+,CA,2024-07-30,Individual
DNR-01631,35-44,WA,2025-10-20,Individual
DNR-01632,25-34,CA,2024-03-05,Individual
DNR-01633,35-44,WA,2024-11-25,Individual
DNR-01634,65+,IL,2021-06-05,Individual
DNR-01635,65+,PA,2025-04-25,Individual
DNR-01636,18-24,NY,2022-06-12,Individual
DNR-01637,65+,IL,2023-02-23,Individual
DNR-01638,35-44,GA,2025-07-23,Individual
DNR-01639,25-34,GA,2022-02-15,Individual
DNR-01640,55-64,FL,2021-08-11,Individual
DNR-01641,65+,CO,2024-06-11,Individual
DNR-01642,18-24,MI,2022-06-15,Individual
DNR-01643,35-44,GA,2025-01-30,Individual
DNR-01644,18-24,NY,2021-11-01,Individual
DNR-01645,25-34,PA,2024-09-23,Individual
DNR-01646,35-44,GA,2023-03-13,Individual
DNR-01647,55-64,CA,2023-09-07,Individual
DNR-01648,35-44,CO,2024-01-12,Individual
DNR-01649,25-34,NC,2025-08-03,Individual
DNR-01650,35-44,NY,2023-01-06,Individual
DNR-01651,45-54,PA,2024-07-18,Major Donor
DNR-01652,35-44,GA,2023-12-31,Corporate
DNR-01653,45-54,TX,2025-04-07,Individual
DNR-01654,35-44,FL,2024-02-10,Individual
DNR-01655,55-64,WA,2022-09-05,Individual
DNR-01656,25-34,WA,2024-11-11,Individual
DNR-01657,25-34,FL,2023-06-16,Individual
DNR-01658,45-54,GA,2021-02-21,Individual
DNR-01659,45-54,IL,2023-03-08,Individual
DNR-01660,55-64,GA,2023-10-21,Individual
DNR-01661,18-24,CO,2021-02-03,Individual
DNR-01662,25-34,WA,2021-03-29,Individual
DNR-01663,65+,NC,2024-09-28,Individual
DNR-01664,25-34,CA,2021-11-02,Individual
DNR-01665,35-44,NY,2021-03-17,Individual
DNR-01666,45-54,FL,2023-08-24,Corporate
DNR-01667,18-24,WA,2024-12-07,Individual
DNR-01668,55-64,CA,2021-04-13,Corporate
DNR-01669,55-64,CA,2023-07-24,Individual
DNR-01670,25-34,MI,2025-08-02,Individual
DNR-01671,18-24,FL,2025-06-25,Individual
DNR-01672,55-64,CO,2023-05-23,Individual
DNR-01673,25-34,WA,2024-10-21,Individual
DNR-01674,35-44,FL,2024-03-25,Individual
DNR-01675,25-34,CA,2025-04-15,Individual
DNR-01676,55-64,TX,2021-09-05,Individual
DNR-01677,25-34,FL,2024-11-27,Individual
DNR-01678,25-34,WA,2024-04-06,Individual
DNR-01679,25-34,GA,2024-06-08,Individual
DNR-01680,25-34,CA,2021-06-15,Individual
DNR-01681,55-64,OH,2024-12-18,Individual
DNR-01682,55-64,CO,2024-11-21,Individual
DNR-01683,45-54,NC,2021-09-17,Individual
DNR-01684,65+,MI,2023-07-12,Individual
DNR-01685,25-34,GA,2024-11-17,Individual
DNR-01686,45-54,IL,2024-06-07,Foundation
DNR-01687,45-54,FL,2022-12-14,Individual
DNR-01688,65+,MI,2021-08-29,Major Donor
DNR-01689,65+,NC,2023-01-12,Corporate
DNR-01690,45-54,FL,2022-03-26,Individual
DNR-01691,25-34,TX,2022-07-21,Individual
DNR-01692,65+,GA,2024-11-04,Individual
DNR-01693,65+,NY,2021-12-28,Individual
DNR-01694,25-34,IL,2024-08-13,Individual
DNR-01695,55-64,GA,2022-11-16,Individual
DNR-01696,18-24,NC,2021-03-30,Individual
DNR-01697,18-24,NC,2021-12-27,Individual
DNR-01698,25-34,GA,2021-08-26,Individual
DNR-01699,35-44,CO,2024-04-28,Individual
DNR-01700,25-34,CA,2024-10-18,Corporate
DNR-01701,25-34,OH,2022-10-30,Individual
DNR-01702,55-64,CA,2025-11-17,Individual
DNR-01703,18-24,OH,2023-08-23,Individual
DNR-01704,45-54,TX,2021-10-24,Individual
DNR-01705,35-44,FL,2023-03-05,Individual
DNR-01706,25-34,PA,2024-07-18,Individual
DNR-01707,45-54,IL,2021-09-18,Individual
DNR-01708,35-44,OH,2021-10-07,Individual
DNR-01709,25-34,IL,2021-12-17,Individual
DNR-01710,55-64,MI,2024-05-21,Individual
DNR-01711,45-54,FL,2021-12-15,Individual
DNR-01712,35-44,FL,2021-06-27,Individual
DNR-01713,35-44,NY,2024-04-26,Individual
DNR-01714,55-64,FL,2025-02-04,Individual
DNR-01715,25-34,MI,2022-11-02,Individual
DNR-01716,55-64,OH,2021-11-02,Corporate
DNR-01717,35-44,NC,2021-04-01,Individual
DNR-01718,35-44,CO,2021-03-10,Individual
DNR-01719,35-44,CA,2025-08-10,Individual
DNR-01720,45-54,OH,2024-02-18,Individual
DNR-01721,35-44,WA,2022-03-23,Individual
DNR-01722,45-54,TX,2021-07-05,Individual
DNR-01723,45-54,MI,2024-12-11,Individual
DNR-01724,35-44,TX,2021-02-19,Major Donor
DNR-01725,25-34,PA,2025-11-26,Individual
DNR-01726,45-54,WA,2024-07-07,Individual
DNR-01727,45-54,NC,2021-05-25,Individual
DNR-01728,55-64,CO,2021-03-08,Individual
DNR-01729,55-64,WA,2024-06-08,Individual
DNR-01730,35-44,NY,2021-06-15,Individual
DNR-01731,45-54,NY,2023-11-21,Foundation
DNR-01732,35-44,NY,2021-08-16,Individual
DNR-01733,45-54,CO,2023-01-19,Individual
DNR-01734,55-64,TX,2021-05-18,Individual
DNR-01735,25-34,GA,2022-11-17,Individual
DNR-01736,45-54,CO,2025-02-19,Foundation
DNR-01737,55-64,PA,2022-03-06,Individual
DNR-01738,35-44,OH,2022-12-24,Corporate
DNR-01739,35-44,GA,2022-07-22,Individual
DNR-01740,55-64,GA,2023-09-23,Individual
DNR-01741,55-64,IL,2024-12-24,Individual
DNR-01742,55-64,CO,2023-07-15,Individual
DNR-01743,55-64,FL,2025-07-15,Major Donor
DNR-01744,35-44,TX,2023-07-27,Individual
DNR-01745,18-24,TX,2022-08-14,Foundation
DNR-01746,25-34,TX,2022-07-20,Individual
DNR-01747,65+,NY,2025-11-27,Individual
DNR-01748,45-54,TX,2022-08-24,Individual
DNR-01749,35-44,WA,2023-08-29,Individual
DNR-01750,18-24,FL,2021-02-13,Individual
DNR-01751,45-54,OH,2025-09-06,Foundation
DNR-01752,45-54,PA,2024-03-31,Individual
DNR-01753,45-54,NC,2023-09-23,Individual
DNR-01754,45-54,IL,2023-07-01,Individual
DNR-01755,25-34,PA,2021-12-18,Individual
DNR-01756,18-24,PA,2022-08-14,Individual
DNR-01757,25-34,TX,2022-08-06,Individual
DNR-01758,25-34,TX,2024-12-28,Individual
DNR-01759,65+,TX,2025-09-15,Individual
DNR-01760,18-24,PA,2021-11-27,Individual
DNR-01761,25-34,TX,2024-03-22,Individual
DNR-01762,18-24,PA,2022-02-25,Individual
DNR-01763,35-44,TX,2022-12-06,Individual
DNR-01764,65+,OH,2023-12-29,Individual
DNR-01765,65+,PA,2023-10-20,Individual
DNR-01766,45-54,NC,2021-11-16,Individual
DNR-01767,35-44,IL,2022-11-10,Individual
DNR-01768,45-54,TX,2025-03-25,Major Donor
DNR-01769,65+,GA,2025-06-26,Individual
DNR-01770,45-54,NY,2022-11-25,Individual
DNR-01771,25-34,NY,2021-10-13,Individual
DNR-01772,25-34,PA,2023-04-03,Individual
DNR-01773,45-54,FL,2021-07-09,Individual
DNR-01774,55-64,IL,2024-04-09,Individual
DNR-01775,45-54,GA,2022-02-05,Individual
DNR-01776,25-34,NC,2024-10-18,Individual
DNR-01777,35-44,MI,2023-03-19,Individual
DNR-01778,65+,PA,2023-11-14,Foundation
DNR-01779,55-64,PA,2023-03-26,Individual
DNR-01780,35-44,PA,2023-03-02,Individual
DNR-01781,55-64,CA,2022-09-23,Major Donor
DNR-01782,35-44,OH,2022-03-18,Individual
DNR-01783,25-34,CO,2025-07-04,Individual
DNR-01784,35-44,MI,2023-05-19,Individual
DNR-01785,25-34,GA,2024-05-09,Individual
DNR-01786,35-44,MI,2025-11-12,Individual
DNR-01787,18-24,WA,2025-03-29,Individual
DNR-01788,45-54,CO,2022-07-14,Individual
DNR-01789,25-34,TX,2024-03-09,Individual
DNR-01790,45-54,NY,2025-09-01,Individual
DNR-01791,55-64,IL,2025-08-13,Individual
DNR-01792,35-44,NY,2023-10-09,Individual
DNR-01793,25-34,WA,2025-06-09,Individual
DNR-01794,25-34,WA,2025-09-05,Individual
DNR-01795,35-44,CO,2022-08-13,Individual
DNR-01796,25-34,IL,2024-08-13,Individual
DNR-01797,18-24,CO,2023-10-07,Major Donor
DNR-01798,45-54,IL,2023-01-11,Individual
DNR-01799,65+,CA,2024-07-10,Individual
DNR-01800,45-54,IL,2023-02-04,Individual
DNR-01801,25-34,GA,2021-11-30,Individual
DNR-01802,25-34,IL,2024-11-20,Individual
DNR-01803,65+,PA,2023-01-10,Individual
DNR-01804,35-44,CA,2021-04-10,Individual
DNR-01805,45-54,CA,2023-11-19,Individual
DNR-01806,45-54,PA,2024-05-11,Individual
DNR-01807,55-64,IL,2025-08-21,Individual
DNR-01808,35-44,NC,2024-11-04,Individual
DNR-01809,25-34,TX,2024-04-02,Individual
DNR-01810,55-64,OH,2023-11-28,Individual
DNR-01811,25-34,FL,2022-11-28,Corporate
DNR-01812,55-64,NC,2021-11-13,Individual
DNR-01813,65+,NC,2024-06-10,Individual
DNR-01814,55-64,CA,2024-12-30,Individual
DNR-01815,18-24,TX,2023-05-05,Individual
DNR-01816,35-44,PA,2021-02-05,Individual
DNR-01817,55-64,MI,2021-10-12,Individual
DNR-01818,35-44,CO,2023-12-08,Individual
DNR-01819,55-64,FL,2022-09-16,Individual
DNR-01820,25-34,FL,2021-09-21,Corporate
DNR-01821,25-34,CA,2022-09-22,Individual
DNR-01822,55-64,CA,2023-05-21,Individual
DNR-01823,55-64,NY,2021-02-08,Individual
DNR-01824,55-64,NC,2022-02-07,Individual
DNR-01825,25-34,IL,2024-04-29,Individual
DNR-01826,45-54,CA,2021-03-30,Individual
DNR-01827,45-54,MI,2025-05-22,Individual
DNR-01828,35-44,CA,2022-02-14,Individual
DNR-01829,65+,MI,2021-10-26,Individual
DNR-01830,55-64,CO,2022-12-14,Individual
DNR-01831,45-54,CA,2024-06-09,Individual
DNR-01832,18-24,FL,2025-08-06,Individual
DNR-01833,35-44,NC,2025-01-05,Individual
DNR-01834,25-34,FL,2021-01-09,Major Donor
DNR-01835,35-44,CO,2023-10-30,Corporate
DNR-01836,45-54,CA,2024-04-22,Individual
DNR-01837,65+,OH,2022-01-06,Individual
DNR-01838,35-44,PA,2022-03-15,Individual
DNR-01839,35-44,GA,2021-09-11,Individual
DNR-01840,35-44,CO,2025-04-11,Individual
DNR-01841,35-44,OH,2021-03-25,Individual
DNR-01842,45-54,WA,2022-08-04,Individual
DNR-01843,45-54,IL,2025-09-19,Individual
DNR-01844,55-64,GA,2025-10-18,Individual
DNR-01845,18-24,WA,2024-10-22,Individual
DNR-01846,35-44,NC,2023-10-04,Individual
DNR-01847,25-34,OH,2024-09-10,Individual
DNR-01848,65+,CO,2023-04-01,Individual
DNR-01849,65+,PA,2021-12-12,Individual
DNR-01850,65+,CA,2022-02-15,Individual
DNR-01851,45-54,IL,2022-04-22,Individual
DNR-01852,45-54,IL,2025-04-16,Individual
DNR-01853,45-54,OH,2025-03-29,Individual
DNR-01854,45-54,OH,2022-12-31,Individual
DNR-01855,25-34,GA,2023-09-20,Individual
DNR-01856,35-44,FL,2021-08-10,Individual
DNR-01857,18-24,CO,2024-07-10,Foundation
DNR-01858,35-44,NY,2021-04-19,Individual
DNR-01859,45-54,TX,2022-01-02,Individual
DNR-01860,25-34,CA,2022-09-13,Individual
DNR-01861,55-64,GA,2024-09-15,Individual
DNR-01862,35-44,NC,2022-02-18,Individual
DNR-01863,55-64,NC,2022-06-20,Individual
DNR-01864,55-64,OH,2024-01-25,Individual
DNR-01865,35-44,OH,2021-09-01,Individual
DNR-01866,18-24,NC,2023-06-26,Individual
DNR-01867,35-44,CO,2024-09-12,Corporate
DNR-01868,25-34,CO,2021-12-03,Individual
DNR-01869,25-34,WA,2023-03-08,Individual
DNR-01870,45-54,MI,2023-10-02,Individual
DNR-01871,55-64,NC,2023-08-21,Individual
DNR-01872,35-44,OH,2021-04-25,Individual
DNR-01873,55-64,IL,2024-06-17,Individual
DNR-01874,45-54,TX,2022-10-19,Individual
DNR-01875,55-64,MI,2025-09-11,Individual
DNR-01876,45-54,OH,2021-02-25,Individual
DNR-01877,65+,OH,2021-07-19,Individual
DNR-01878,25-34,FL,2022-12-21,Individual
DNR-01879,25-34,CO,2024-08-20,Individual
DNR-01880,25-34,TX,2021-05-15,Corporate
DNR-01881,18-24,WA,2021-02-10,Individual
DNR-01882,35-44,OH,2025-11-04,Individual
DNR-01883,35-44,NY,2022-07-01,Individual
DNR-01884,35-44,MI,2022-10-11,Individual
DNR-01885,25-34,WA,2021-07-20,Individual
DNR-01886,35-44,WA,2022-02-26,Individual
DNR-01887,35-44,OH,2022-11-27,Individual
DNR-01888,55-64,CA,2022-02-18,Individual
DNR-01889,25-34,IL,2025-09-18,Corporate
DNR-01890,45-54,FL,2021-04-08,Individual
DNR-01891,25-34,MI,2024-07-03,Individual
DNR-01892,25-34,MI,2021-07-14,Individual
DNR-01893,35-44,PA,2025-06-29,Individual
DNR-01894,55-64,NC,2025-06-18,Individual
DNR-01895,45-54,PA,2025-07-05,Individual
DNR-01896,25-34,NC,2022-02-14,Individual
DNR-01897,45-54,NY,2023-07-18,Individual
DNR-01898,55-64,MI,2024-07-09,Individual
DNR-01899,65+,CO,2023-10-20,Individual
DNR-01900,45-54,MI,2023-08-16,Individual
DNR-01901,35-44,MI,2025-10-13,Individual
DNR-01902,35-44,PA,2025-01-28,Individual
DNR-01903,25-34,WA,2023-08-06,Individual
DNR-01904,35-44,PA,2025-04-17,Individual
DNR-01905,18-24,FL,2025-10-28,Individual
DNR-01906,55-64,WA,2025-09-29,Individual
DNR-01907,45-54,OH,2021-11-25,Individual
DNR-01908,25-34,FL,2022-05-04,Individual
DNR-01909,35-44,NC,2025-06-21,Individual
DNR-01910,65+,FL,2023-06-13,Individual
DNR-01911,18-24,IL,2021-11-23,Individual
DNR-01912,45-54,NY,2024-09-10,Individual
DNR-01913,18-24,CA,2025-01-19,Individual
DNR-01914,55-64,OH,2022-10-05,Individual
DNR-01915,55-64,OH,2023-01-15,Individual
DNR-01916,25-34,CA,2025-09-16,Individual
DNR-01917,65+,NC,2024-03-15,Individual
DNR-01918,65+,NC,2024-09-22,Individual
DNR-01919,25-34,MI,2022-05-31,Individual
DNR-01920,35-44,MI,2021-09-08,Individual
DNR-01921,45-54,FL,2025-02-18,Individual
DNR-01922,25-34,FL,2023-05-17,Individual
DNR-01923,25-34,MI,2022-07-17,Individual
DNR-01924,35-44,CA,2021-04-25,Individual
DNR-01925,35-44,FL,2022-10-11,Individual
DNR-01926,65+,PA,2022-07-23,Corporate
DNR-01927,55-64,NY,2023-09-01,Individual
DNR-01928,45-54,CO,2024-08-14,Foundation
DNR-01929,18-24,WA,2024-09-18,Individual
DNR-01930,35-44,WA,2022-05-06,Individual
DNR-01931,55-64,CA,2024-12-05,Individual
DNR-01932,55-64,OH,2024-01-01,Corporate
DNR-01933,35-44,IL,2021-01-17,Corporate
DNR-01934,55-64,FL,2022-09-09,Individual
DNR-01935,55-64,GA,2022-09-02,Individual
DNR-01936,55-64,WA,2024-07-17,Individual
DNR-01937,25-34,CA,2023-04-13,Individual
DNR-01938,35-44,CO,2025-08-13,Individual
DNR-01939,35-44,OH,2023-04-26,Corporate
DNR-01940,25-34,TX,2025-12-01,Corporate
DNR-01941,18-24,OH,2024-12-01,Individual
DNR-01942,45-54,PA,2024-05-18,Individual
DNR-01943,55-64,WA,2023-07-18,Individual
DNR-01944,35-44,WA,2024-08-06,Individual
DNR-01945,25-34,IL,2021-10-06,Individual
DNR-01946,25-34,FL,2022-10-05,Individual
DNR-01947,55-64,WA,2023-11-24,Individual
DNR-01948,45-54,OH,2025-04-12,Individual
DNR-01949,35-44,CO,2025-06-12,Foundation
DNR-01950,45-54,PA,2021-10-01,Individual
DNR-01951,25-34,PA,2025-06-26,Individual
DNR-01952,35-44,MI,2022-01-08,Individual
DNR-01953,18-24,NC,2022-04-05,Individual
DNR-01954,25-34,CA,2024-08-18,Individual
DNR-01955,45-54,TX,2023-08-06,Individual
DNR-01956,35-44,IL,2021-04-12,Individual
DNR-01957,35-44,MI,2021-11-02,Individual
DNR-01958,35-44,GA,2021-08-29,Individual
DNR-01959,25-34,CO,2025-08-22,Individual
DNR-01960,55-64,IL,2022-02-21,Individual
DNR-01961,35-44,OH,2022-08-13,Individual
DNR-01962,25-34,IL,2025-10-20,Individual
DNR-01963,35-44,OH,2025-01-28,Individual
DNR-01964,35-44,IL,2025-06-11,Individual
DNR-01965,65+,PA,2022-04-28,Individual
DNR-01966,35-44,NY,2024-04-08,Individual
DNR-01967,35-44,CO,2023-08-19,Individual
DNR-01968,45-54,CO,2023-03-26,Individual
DNR-01969,25-34,CA,2023-05-17,Individual
DNR-01970,35-44,FL,2024-02-15,Individual
DNR-01971,65+,WA,2023-08-23,Corporate
DNR-01972,45-54,NY,2025-07-02,Individual
DNR-01973,45-54,IL,2021-01-11,Individual
DNR-01974,25-34,NC,2023-03-20,Individual
DNR-01975,25-34,NC,2021-03-26,Individual
DNR-01976,55-64,TX,2023-10-07,Foundation
DNR-01977,45-54,TX,2021-07-03,Individual
DNR-01978,18-24,TX,2022-06-18,Individual
DNR-01979,55-64,CO,2023-10-20,Corporate
DNR-01980,35-44,IL,2023-01-09,Corporate
DNR-01981,65+,NC,2024-06-09,Individual
DNR-01982,25-34,CO,2022-10-04,Individual
DNR-01983,25-34,WA,2023-10-04,Individual
DNR-01984,18-24,TX,2024-07-27,Individual
DNR-01985,18-24,IL,2021-04-22,Individual
DNR-01986,35-44,GA,2021-12-01,Individual
DNR-01987,65+,NC,2021-03-25,Individual
DNR-01988,25-34,CO,2023-09-21,Individual
DNR-01989,35-44,FL,2025-11-11,Individual
DNR-01990,55-64,CO,2025-11-14,Individual
DNR-01991,45-54,WA,2023-11-08,Individual
DNR-01992,65+,NY,2024-04-14,Individual
DNR-01993,25-34,CA,2023-12-14,Individual
DNR-01994,45-54,PA,2022-05-20,Individual
DNR-01995,65+,CA,2021-02-23,Individual
DNR-01996,65+,CA,2023-03-19,Individual
DNR-01997,18-24,GA,2025-09-11,Individual
DNR-01998,35-44,WA,2025-08-29,Individual
DNR-01999,18-24,NY,2022-07-06,Individual
DNR-02000,35-44,CO,2024-09-05,Individual
DNR-02001,55-64,TX,2025-02-12,Corporate
DNR-02002,55-64,IL,2022-03-09,Corporate
DNR-02003,45-54,NC,2022-10-24,Individual
DNR-02004,35-44,TX,2024-05-18,Individual
DNR-02005,55-64,CA,2022-05-07,Foundation
DNR-02006,25-34,OH,2021-02-12,Corporate
DNR-02007,65+,TX,2022-08-07,Individual
DNR-02008,55-64,CO,2021-09-04,Individual
DNR-02009,65+,MI,2025-07-10,Corporate
DNR-02010,25-34,PA,2021-09-26,Individual
DNR-02011,35-44,OH,2023-11-16,Individual
DNR-02012,45-54,CA,2023-09-03,Individual
DNR-02013,35-44,TX,2025-03-30,Individual
DNR-02014,25-34,NC,2023-06-09,Individual
DNR-02015,45-54,WA,2022-12-01,Major Donor
DNR-02016,65+,NC,2024-11-06,Individual
DNR-02017,25-34,GA,2024-07-13,Individual
DNR-02018,55-64,IL,2023-06-15,Individual
DNR-02019,45-54,IL,2021-11-01,Major Donor
DNR-02020,35-44,MI,2025-09-20,Individual
DNR-02021,65+,NC,2021-04-08,Individual
DNR-02022,35-44,GA,2021-08-09,Individual
DNR-02023,55-64,PA,2024-09-15,Individual
DNR-02024,55-64,NY,2022-06-06,Individual
DNR-02025,35-44,TX,2021-08-22,Individual
DNR-02026,25-34,CO,2025-09-23,Individual
DNR-02027,45-54,WA,2022-09-02,Individual
DNR-02028,25-34,TX,2023-07-11,Individual
DNR-02029,45-54,MI,2022-03-09,Individual
DNR-02030,25-34,NC,2022-06-16,Corporate
DNR-02031,25-34,TX,2021-02-06,Individual
DNR-02032,45-54,WA,2024-09-05,Individual
DNR-02033,35-44,MI,2025-03-05,Individual
DNR-02034,35-44,WA,2025-07-24,Major Donor
DNR-02035,55-64,CA,2024-11-14,Individual
DNR-02036,25-34,NY,2021-09-14,Individual
DNR-02037,55-64,FL,2024-11-26,Major Donor
DNR-02038,45-54,OH,2023-09-13,Individual
DNR-02039,55-64,FL,2025-09-21,Individual
DNR-02040,35-44,GA,2021-06-26,Individual
DNR-02041,25-34,TX,2023-05-15,Individual
DNR-02042,65+,GA,2025-02-22,Individual
DNR-02043,45-54,FL,2021-02-10,Corporate
DNR-02044,55-64,NY,2022-08-27,Individual
DNR-02045,45-54,CO,2022-11-15,Individual
DNR-02046,55-64,CO,2023-06-04,Major Donor
DNR-02047,45-54,IL,2024-03-31,Individual
DNR-02048,35-44,MI,2021-03-17,Individual
DNR-02049,45-54,GA,2025-01-24,Individual
DNR-02050,35-44,OH,2022-04-20,Individual
DNR-02051,18-24,WA,2024-03-26,Individual
DNR-02052,25-34,MI,2023-05-05,Corporate
DNR-02053,45-54,NY,2024-08-16,Individual
DNR-02054,25-34,PA,2021-11-27,Individual
DNR-02055,25-34,WA,2023-06-17,Individual
DNR-02056,55-64,CO,2022-11-26,Corporate
DNR-02057,55-64,CO,2024-09-07,Individual
DNR-02058,35-44,WA,2024-12-27,Individual
DNR-02059,55-64,TX,2024-08-29,Individual
DNR-02060,45-54,CA,2024-06-27,Individual
DNR-02061,25-34,TX,2024-09-28,Individual
DNR-02062,55-64,GA,2024-05-25,Individual
DNR-02063,45-54,NY,2022-09-14,Individual
DNR-02064,35-44,TX,2023-01-05,Corporate
DNR-02065,55-64,NY,2021-12-24,Individual
DNR-02066,35-44,MI,2025-07-11,Individual
DNR-02067,25-34,IL,2022-04-10,Individual
DNR-02068,55-64,NC,2022-11-28,Individual
DNR-02069,55-64,NC,2022-07-02,Corporate
DNR-02070,45-54,GA,2024-05-22,Individual
DNR-02071,55-64,CA,2025-06-25,Individual
DNR-02072,45-54,CA,2021-08-05,Individual
DNR-02073,35-44,TX,2025-08-14,Individual
DNR-02074,25-34,PA,2024-07-14,Individual
DNR-02075,45-54,NC,2021-11-18,Individual
DNR-02076,25-34,WA,2023-10-18,Individual
DNR-02077,25-34,FL,2023-01-15,Individual
DNR-02078,55-64,NY,2023-06-19,Foundation
DNR-02079,35-44,IL,2022-05-18,Individual
DNR-02080,25-34,CO,2023-11-01,Individual
DNR-02081,45-54,FL,2025-03-26,Individual
DNR-02082,35-44,FL,2021-11-07,Individual
DNR-02083,35-44,OH,2021-10-10,Individual
DNR-02084,35-44,WA,2023-07-29,Foundation
DNR-02085,35-44,NY,2023-01-11,Foundation
DNR-02086,65+,CA,2025-01-09,Individual
DNR-02087,65+,TX,2022-11-24,Individual
DNR-02088,55-64,WA,2023-06-08,Individual
DNR-02089,45-54,WA,2024-08-06,Individual
DNR-02090,55-64,IL,2024-12-31,Individual
DNR-02091,45-54,NC,2023-05-09,Individual
DNR-02092,45-54,PA,2025-11-25,Individual
DNR-02093,65+,MI,2021-01-17,Individual
DNR-02094,35-44,FL,2021-10-28,Individual
DNR-02095,45-54,GA,2024-01-20,Individual
DNR-02096,55-64,WA,2024-11-29,Individual
DNR-02097,55-64,CA,2023-04-09,Individual
DNR-02098,35-44,CO,2021-03-17,Individual
DNR-02099,35-44,NC,2025-02-24,Corporate
DNR-02100,35-44,IL,2022-08-05,Individual
DNR-02101,45-54,NY,2023-12-04,Individual
DNR-02102,45-54,IL,2021-02-27,Corporate
DNR-02103,35-44,OH,2022-05-10,Individual
DNR-02104,18-24,PA,2023-11-01,Individual
DNR-02105,35-44,NY,2022-06-16,Individual
DNR-02106,25-34,IL,2025-03-30,Individual
DNR-02107,35-44,FL,2024-03-18,Individual
DNR-02108,45-54,CO,2025-07-08,Individual
DNR-02109,55-64,FL,2024-07-09,Individual
DNR-02110,45-54,CO,2022-12-19,Individual
DNR-02111,45-54,NC,2024-03-19,Individual
DNR-02112,35-44,MI,2025-02-19,Individual
DNR-02113,35-44,CA,2022-01-30,Individual
DNR-02114,55-64,CA,2021-10-28,Individual
DNR-02115,55-64,GA,2021-07-08,Individual
DNR-02116,35-44,NC,2022-03-16,Individual
DNR-02117,35-44,OH,2023-04-05,Individual
DNR-02118,35-44,OH,2025-11-21,Individual
DNR-02119,65+,CO,2023-06-21,Individual
DNR-02120,25-34,TX,2023-05-04,Individual
DNR-02121,25-34,CO,2023-09-20,Individual
DNR-02122,25-34,FL,2023-11-18,Corporate
DNR-02123,45-54,NC,2023-07-22,Individual
DNR-02124,25-34,OH,2023-01-27,Corporate
DNR-02125,45-54,NY,2021-08-14,Individual
DNR-02126,35-44,PA,2023-12-07,Individual
DNR-02127,18-24,TX,2022-09-14,Individual
DNR-02128,35-44,IL,2021-10-19,Individual
DNR-02129,55-64,GA,2022-08-04,Individual
DNR-02130,35-44,NY,2021-01-05,Individual
DNR-02131,35-44,GA,2023-05-06,Individual
DNR-02132,35-44,CO,2022-11-23,Individual
DNR-02133,55-64,NC,2025-09-04,Individual
DNR-02134,35-44,GA,2024-07-27,Individual
DNR-02135,35-44,MI,2021-11-02,Corporate
DNR-02136,35-44,OH,2024-09-22,Individual
DNR-02137,65+,GA,2022-11-26,Individual
DNR-02138,25-34,TX,2025-02-16,Individual
DNR-02139,45-54,CO,2024-12-19,Individual
DNR-02140,25-34,NC,2022-09-25,Individual
DNR-02141,45-54,MI,2021-06-24,Individual
DNR-02142,45-54,FL,2025-04-01,Individual
DNR-02143,55-64,CA,2025-03-18,Individual
DNR-02144,25-34,NY,2024-09-10,Foundation
DNR-02145,25-34,CO,2022-07-18,Individual
DNR-02146,35-44,NC,2025-09-15,Corporate
DNR-02147,45-54,GA,2024-05-27,Individual
DNR-02148,35-44,TX,2025-11-01,Foundation
DNR-02149,35-44,OH,2023-04-30,Individual
DNR-02150,65+,NC,2022-06-11,Individual
DNR-02151,25-34,CA,2021-12-11,Individual
DNR-02152,35-44,TX,2021-11-12,Individual
DNR-02153,35-44,NY,2021-05-01,Individual
DNR-02154,35-44,PA,2024-12-31,Individual
DNR-02155,35-44,OH,2021-10-19,Individual
DNR-02156,18-24,FL,2025-08-23,Corporate
DNR-02157,25-34,NC,2025-03-21,Individual
DNR-02158,65+,IL,2025-03-21,Individual
DNR-02159,45-54,CA,2021-05-05,Individual
DNR-02160,45-54,NY,2023-09-19,Individual
DNR-02161,45-54,CA,2022-07-06,Individual
DNR-02162,45-54,TX,2022-05-20,Individual
DNR-02163,35-44,WA,2022-09-16,Individual
DNR-02164,65+,PA,2023-10-22,Individual
DNR-02165,55-64,NC,2024-01-12,Major Donor
DNR-02166,45-54,NY,2023-05-18,Foundation
DNR-02167,65+,MI,2021-01-03,Individual
DNR-02168,25-34,NY,2022-08-16,Individual
DNR-02169,25-34,WA,2023-09-15,Individual
DNR-02170,55-64,FL,2023-02-18,Major Donor
DNR-02171,35-44,TX,2024-04-13,Individual
DNR-02172,18-24,CA,2025-02-22,Individual
DNR-02173,55-64,CO,2023-03-21,Individual
DNR-02174,55-64,FL,2024-02-14,Major Donor
DNR-02175,55-64,WA,2024-06-04,Individual
DNR-02176,65+,CO,2022-12-03,Individual
DNR-02177,45-54,PA,2023-07-17,Individual
DNR-02178,65+,PA,2022-12-01,Individual
DNR-02179,25-34,NY,2021-02-02,Corporate
DNR-02180,65+,WA,2024-05-31,Individual
DNR-02181,55-64,CO,2021-12-22,Individual
DNR-02182,45-54,WA,2023-09-29,Individual
DNR-02183,18-24,WA,2024-08-26,Individual
DNR-02184,35-44,OH,2023-07-01,Individual
DNR-02185,35-44,CO,2025-08-22,Individual
DNR-02186,35-44,FL,2021-01-18,Individual
DNR-02187,45-54,IL,2023-06-30,Individual
DNR-02188,35-44,CA,2024-10-25,Corporate
DNR-02189,35-44,CO,2025-07-30,Individual
DNR-02190,35-44,PA,2022-03-29,Individual
DNR-02191,65+,CO,2021-03-17,Individual
DNR-02192,25-34,WA,2024-05-26,Individual
DNR-02193,25-34,NC,2023-03-23,Individual
DNR-02194,25-34,CO,2023-10-09,Individual
DNR-02195,45-54,TX,2024-03-04,Individual
DNR-02196,45-54,TX,2021-05-14,Individual
DNR-02197,55-64,NC,2022-06-16,Foundation
DNR-02198,25-34,WA,2025-02-01,Individual
DNR-02199,45-54,NC,2021-02-17,Major Donor
DNR-02200,45-54,GA,2024-06-12,Individual
DNR-02201,45-54,WA,2021-01-05,Foundation
DNR-02202,35-44,OH,2021-04-17,Corporate
DNR-02203,35-44,GA,2022-07-16,Individual
DNR-02204,18-24,CO,2023-01-11,Individual
DNR-02205,65+,NC,2022-04-05,Individual
DNR-02206,35-44,PA,2023-07-09,Individual
DNR-02207,55-64,CO,2021-06-17,Corporate
DNR-02208,35-44,CA,2022-04-08,Major Donor
DNR-02209,35-44,CA,2022-05-27,Individual
DNR-02210,18-24,OH,2024-07-06,Individual
DNR-02211,55-64,PA,2025-07-13,Individual
DNR-02212,25-34,FL,2025-09-18,Individual
DNR-02213,55-64,NC,2022-11-29,Individual
DNR-02214,18-24,MI,2025-06-15,Individual
DNR-02215,25-34,GA,2024-06-22,Individual
DNR-02216,65+,NY,2024-03-31,Individual
DNR-02217,55-64,CA,2023-02-12,Individual
DNR-02218,65+,GA,2025-05-22,Individual
DNR-02219,45-54,CA,2021-04-23,Individual
DNR-02220,45-54,IL,2021-07-28,Individual
DNR-02221,25-34,OH,2025-10-07,Individual
DNR-02222,55-64,MI,2022-04-23,Corporate
DNR-02223,35-44,OH,2021-01-22,Individual
DNR-02224,35-44,WA,2024-06-24,Individual
DNR-02225,35-44,MI,2025-05-23,Individual
DNR-02226,18-24,CO,2022-01-30,Individual
DNR-02227,55-64,MI,2021-05-19,Individual
DNR-02228,25-34,OH,2021-09-16,Individual
DNR-02229,35-44,FL,2023-09-13,Individual
DNR-02230,18-24,IL,2021-10-09,Individual
DNR-02231,65+,PA,2024-04-12,Individual
DNR-02232,45-54,TX,2022-09-30,Individual
DNR-02233,45-54,IL,2021-10-29,Individual
DNR-02234,35-44,WA,2023-01-26,Major Donor
DNR-02235,25-34,NC,2024-10-21,Individual
DNR-02236,35-44,FL,2025-10-25,Individual
DNR-02237,55-64,PA,2024-08-04,Corporate
DNR-02238,45-54,GA,2022-01-23,Individual
DNR-02239,55-64,MI,2024-05-13,Individual
DNR-02240,35-44,TX,2022-11-19,Individual
DNR-02241,55-64,NY,2021-08-03,Individual
DNR-02242,18-24,FL,2023-10-13,Individual
DNR-02243,45-54,FL,2024-11-20,Individual
DNR-02244,65+,PA,2023-09-12,Individual
DNR-02245,25-34,TX,2025-07-12,Individual
DNR-02246,35-44,CA,2025-08-19,Major Donor
DNR-02247,25-34,IL,2023-01-03,Individual
DNR-02248,45-54,PA,2023-06-21,Individual
DNR-02249,25-34,IL,2021-03-31,Major Donor
DNR-02250,25-34,TX,2021-12-23,Individual
DNR-02251,25-34,FL,2022-11-27,Individual
DNR-02252,25-34,CA,2021-02-14,Individual
DNR-02253,25-34,WA,2021-02-12,Individual
DNR-02254,35-44,FL,2025-06-01,Corporate
DNR-02255,35-44,PA,2022-09-17,Individual
DNR-02256,35-44,MI,2024-09-15,Individual
DNR-02257,18-24,TX,2023-06-08,Corporate
DNR-02258,25-34,OH,2021-09-25,Individual
DNR-02259,45-54,WA,2024-11-23,Individual
DNR-02260,55-64,MI,2022-05-16,Corporate
DNR-02261,35-44,TX,2022-01-23,Corporate
DNR-02262,45-54,IL,2022-11-03,Individual
DNR-02263,35-44,MI,2025-11-23,Individual
DNR-02264,25-34,GA,2023-09-29,Individual
DNR-02265,18-24,NC,2025-06-08,Individual
DNR-02266,45-54,NC,2023-03-06,Individual
DNR-02267,35-44,PA,2023-02-06,Individual
DNR-02268,45-54,CO,2024-12-30,Individual
DNR-02269,45-54,WA,2023-10-11,Individual
DNR-02270,18-24,FL,2025-06-08,Individual
DNR-02271,25-34,FL,2022-02-20,Individual
DNR-02272,35-44,TX,2022-09-19,Individual
DNR-02273,45-54,TX,2025-09-22,Individual
DNR-02274,35-44,PA,2025-03-20,Individual
DNR-02275,35-44,MI,2022-04-17,Individual
DNR-02276,35-44,OH,2022-11-20,Individual
DNR-02277,35-44,OH,2023-01-23,Individual
DNR-02278,25-34,WA,2021-02-20,Individual
DNR-02279,25-34,NC,2021-06-05,Individual
DNR-02280,18-24,IL,2023-11-17,Individual
DNR-02281,18-24,NY,2022-04-12,Individual
DNR-02282,25-34,PA,2024-01-24,Individual
DNR-02283,55-64,WA,2022-05-28,Individual
DNR-02284,45-54,TX,2025-09-28,Individual
DNR-02285,45-54,IL,2025-10-18,Individual
DNR-02286,35-44,PA,2021-01-18,Individual
DNR-02287,65+,MI,2025-05-23,Major Donor
DNR-02288,35-44,NC,2025-04-01,Individual
DNR-02289,55-64,FL,2025-04-08,Foundation
DNR-02290,25-34,FL,2022-04-10,Individual
DNR-02291,45-54,GA,2023-11-23,Individual
DNR-02292,35-44,CA,2025-01-19,Individual
DNR-02293,35-44,CO,2022-10-04,Individual
DNR-02294,35-44,NC,2023-05-06,Individual
DNR-02295,45-54,TX,2021-03-03,Individual
DNR-02296,18-24,WA,2022-09-18,Foundation
DNR-02297,25-34,OH,2025-09-05,Individual
DNR-02298,55-64,CO,2024-11-05,Individual
DNR-02299,45-54,MI,2024-01-07,Individual
DNR-02300,25-34,PA,2025-05-28,Individual
DNR-02301,45-54,MI,2024-03-09,Individual
DNR-02302,65+,FL,2024-03-21,Corporate
DNR-02303,35-44,GA,2023-03-12,Individual
DNR-02304,65+,WA,2021-08-11,Individual
DNR-02305,25-34,NC,2022-09-16,Individual
DNR-02306,45-54,GA,2021-12-30,Individual
DNR-02307,18-24,OH,2021-02-24,Individual
DNR-02308,35-44,NC,2022-08-05,Individual
DNR-02309,35-44,NY,2021-05-24,Individual
DNR-02310,65+,OH,2021-12-18,Individual
DNR-02311,25-34,OH,2021-11-18,Major Donor
DNR-02312,35-44,FL,2023-09-07,Individual
DNR-02313,35-44,CO,2021-09-24,Corporate
DNR-02314,45-54,IL,2024-09-23,Individual
DNR-02315,45-54,GA,2024-04-18,Individual
DNR-02316,65+,GA,2022-07-19,Individual
DNR-02317,45-54,FL,2021-05-12,Individual
DNR-02318,45-54,GA,2023-12-13,Individual
DNR-02319,18-24,CA,2023-08-01,Individual
DNR-02320,65+,PA,2022-08-13,Individual
DNR-02321,55-64,OH,2024-12-05,Individual
DNR-02322,55-64,OH,2024-06-09,Individual
DNR-02323,45-54,OH,2022-05-26,Individual
DNR-02324,45-54,CO,2023-07-27,Individual
DNR-02325,45-54,NY,2024-03-10,Individual
DNR-02326,25-34,WA,2022-05-06,Corporate
DNR-02327,65+,CO,2024-01-07,Individual
DNR-02328,25-34,GA,2025-01-27,Individual
DNR-02329,45-54,PA,2023-04-23,Major Donor
DNR-02330,35-44,PA,2021-06-06,Individual
DNR-02331,25-34,NC,2023-04-20,Individual
DNR-02332,18-24,CO,2021-04-02,Individual
DNR-02333,35-44,CO,2024-10-15,Individual
DNR-02334,35-44,NY,2023-03-29,Corporate
DNR-02335,65+,PA,2022-05-29,Individual
DNR-02336,35-44,CA,2024-10-04,Individual
DNR-02337,25-34,GA,2021-06-19,Individual
DNR-02338,25-34,TX,2021-10-15,Individual
DNR-02339,45-54,TX,2021-12-16,Individual
DNR-02340,45-54,TX,2022-08-26,Individual
DNR-02341,18-24,IL,2021-06-08,Individual
DNR-02342,25-34,CO,2021-11-11,Individual
DNR-02343,45-54,GA,2021-03-12,Corporate
DNR-02344,45-54,NC,2024-11-27,Individual
DNR-02345,45-54,CA,2024-08-05,Individual
DNR-02346,35-44,MI,2023-03-11,Individual
DNR-02347,35-44,FL,2021-01-10,Individual
DNR-02348,25-34,CA,2022-05-27,Individual
DNR-02349,65+,PA,2021-02-02,Individual
DNR-02350,45-54,FL,2025-08-08,Individual
DNR-02351,55-64,TX,2021-07-17,Individual
DNR-02352,35-44,CA,2025-01-22,Individual
DNR-02353,45-54,FL,2025-07-29,Individual
DNR-02354,45-54,OH,2024-07-03,Individual
DNR-02355,25-34,PA,2021-09-05,Individual
DNR-02356,45-54,NY,2021-12-22,Individual
DNR-02357,25-34,WA,2023-03-09,Individual
DNR-02358,45-54,NY,2025-07-28,Individual
DNR-02359,35-44,MI,2021-05-18,Corporate
DNR-02360,25-34,NC,2023-10-21,Major Donor
DNR-02361,55-64,TX,2025-06-09,Major Donor
DNR-02362,45-54,WA,2022-05-31,Foundation
DNR-02363,65+,CO,2024-11-27,Individual
DNR-02364,45-54,CO,2021-09-30,Individual
DNR-02365,45-54,CA,2022-10-14,Major Donor
DNR-02366,65+,GA,2022-11-18,Individual
DNR-02367,45-54,NC,2023-02-23,Individual
DNR-02368,18-24,NY,2024-04-18,Individual
DNR-02369,25-34,FL,2024-06-16,Individual
DNR-02370,25-34,CA,2025-02-20,Individual
DNR-02371,35-44,FL,2021-05-03,Individual
DNR-02372,45-54,FL,2021-11-07,Individual
DNR-02373,65+,CO,2025-01-25,Individual
DNR-02374,25-34,WA,2025-12-02,Individual
DNR-02375,35-44,OH,2025-05-31,Individual
DNR-02376,55-64,FL,2024-08-20,Individual
DNR-02377,35-44,FL,2025-10-01,Individual
DNR-02378,65+,FL,2024-01-10,Individual
DNR-02379,45-54,MI,2025-06-30,Individual
DNR-02380,35-44,GA,2025-11-23,Individual
DNR-02381,55-64,CA,2024-07-13,Individual
DNR-02382,65+,FL,2022-01-30,Individual
DNR-02383,45-54,FL,2021-09-15,Individual
DNR-02384,35-44,GA,2022-04-29,Individual
DNR-02385,25-34,OH,2022-09-30,Individual
DNR-02386,35-44,MI,2021-12-28,Individual
DNR-02387,25-34,GA,2023-07-08,Foundation
DNR-02388,35-44,OH,2021-06-13,Foundation
DNR-02389,35-44,MI,2021-12-10,Individual
DNR-02390,25-34,GA,2025-02-14,Individual
DNR-02391,35-44,CA,2021-02-10,Individual
DNR-02392,35-44,NC,2025-04-04,Corporate
DNR-02393,25-34,OH,2021-11-09,Individual
DNR-02394,35-44,NC,2023-08-08,Individual
DNR-02395,35-44,CO,2024-05-26,Individual
DNR-02396,65+,NY,2023-08-20,Individual
DNR-02397,45-54,PA,2021-01-27,Corporate
DNR-02398,35-44,OH,2023-10-04,Individual
DNR-02399,35-44,WA,2025-03-01,Individual
DNR-02400,55-64,CA,2024-04-19,Individual
DNR-02401,25-34,OH,2023-02-28,Foundation
DNR-02402,55-64,PA,2022-06-07,Individual
DNR-02403,45-54,PA,2023-11-10,Individual
DNR-02404,35-44,OH,2024-11-27,Individual
DNR-02405,35-44,PA,2025-02-15,Individual
DNR-02406,18-24,WA,2024-07-16,Individual
DNR-02407,45-54,WA,2024-08-14,Individual
DNR-02408,45-54,WA,2021-10-29,Individual
DNR-02409,25-34,CA,2025-09-20,Individual
DNR-02410,35-44,CO,2024-08-12,Individual
DNR-02411,25-34,FL,2024-04-15,Major Donor
DNR-02412,55-64,IL,2025-11-30,Individual
DNR-02413,65+,WA,2024-11-17,Individual
DNR-02414,45-54,CO,2023-02-23,Individual
DNR-02415,45-54,PA,2025-11-16,Individual
DNR-02416,45-54,CO,2025-07-26,Individual
DNR-02417,18-24,TX,2023-03-27,Individual
DNR-02418,25-34,CO,2025-07-30,Individual
DNR-02419,45-54,CO,2023-05-06,Individual
DNR-02420,35-44,CO,2023-06-02,Individual
DNR-02421,25-34,CA,2021-10-03,Individual
DNR-02422,25-34,FL,2023-07-12,Individual
DNR-02423,55-64,FL,2021-05-01,Individual
DNR-02424,55-64,GA,2022-06-16,Major Donor
DNR-02425,25-34,WA,2024-07-07,Corporate
DNR-02426,25-34,CA,2021-12-07,Individual
DNR-02427,18-24,FL,2022-07-21,Individual
DNR-02428,55-64,NY,2023-09-06,Individual
DNR-02429,65+,WA,2021-05-06,Individual
DNR-02430,18-24,FL,2024-04-07,Individual
DNR-02431,35-44,NC,2023-12-06,Individual
DNR-02432,35-44,PA,2025-04-09,Individual
DNR-02433,35-44,PA,2024-05-22,Individual
DNR-02434,65+,WA,2022-10-08,Individual
DNR-02435,18-24,PA,2023-03-28,Individual
DNR-02436,25-34,GA,2025-11-24,Individual
DNR-02437,45-54,TX,2025-11-18,Individual
DNR-02438,55-64,IL,2021-02-22,Individual
DNR-02439,25-34,GA,2024-12-03,Individual
DNR-02440,55-64,NC,2024-06-20,Individual
DNR-02441,18-24,WA,2023-04-27,Individual
DNR-02442,45-54,NY,2025-07-23,Individual
DNR-02443,45-54,FL,2025-07-12,Individual
DNR-02444,45-54,CA,2024-05-27,Individual
DNR-02445,65+,GA,2022-12-15,Individual
DNR-02446,65+,CO,2024-09-10,Corporate
DNR-02447,25-34,TX,2023-02-28,Individual
DNR-02448,45-54,CO,2025-11-17,Individual
DNR-02449,35-44,CA,2023-10-31,Individual
DNR-02450,65+,GA,2022-09-10,Individual
DNR-02451,65+,GA,2021-12-11,Corporate
DNR-02452,25-34,TX,2024-09-19,Individual
DNR-02453,45-54,CA,2025-03-23,Foundation
DNR-02454,18-24,PA,2023-06-10,Major Donor
DNR-02455,25-34,IL,2023-02-25,Individual
DNR-02456,55-64,CA,2024-09-25,Individual
DNR-02457,45-54,CO,2024-09-24,Individual
DNR-02458,45-54,FL,2023-10-05,Individual
DNR-02459,45-54,WA,2024-03-25,Individual
DNR-02460,45-54,CO,2022-12-04,Individual
DNR-02461,45-54,NC,2025-01-24,Individual
DNR-02462,25-34,IL,2025-10-20,Individual
DNR-02463,25-34,PA,2021-08-25,Individual
DNR-02464,25-34,CA,2025-02-25,Individual
DNR-02465,55-64,OH,2024-03-19,Individual
DNR-02466,35-44,MI,2024-03-27,Individual
DNR-02467,35-44,OH,2024-01-02,Individual
DNR-02468,55-64,TX,2022-10-17,Individual
DNR-02469,45-54,CA,2023-12-01,Individual
DNR-02470,55-64,PA,2023-03-21,Individual
DNR-02471,35-44,FL,2021-10-24,Individual
DNR-02472,25-34,IL,2023-10-21,Individual
DNR-02473,55-64,CO,2021-10-26,Individual
DNR-02474,35-44,CO,2021-03-12,Individual
DNR-02475,55-64,MI,2021-09-10,Individual
DNR-02476,25-34,IL,2023-09-07,Individual
DNR-02477,18-24,PA,2024-12-13,Foundation
DNR-02478,25-34,CO,2021-11-09,Individual
DNR-02479,45-54,TX,2025-07-18,Individual
DNR-02480,35-44,WA,2025-10-21,Individual
DNR-02481,18-24,OH,2025-10-04,Individual
DNR-02482,35-44,PA,2022-11-23,Individual
DNR-02483,18-24,CO,2025-04-01,Individual
DNR-02484,65+,CO,2022-08-03,Individual
DNR-02485,25-34,PA,2025-10-20,Individual
DNR-02486,55-64,NY,2025-03-21,Individual
DNR-02487,35-44,WA,2025-10-07,Foundation
DNR-02488,35-44,GA,2021-12-02,Individual
DNR-02489,25-34,CO,2022-08-20,Corporate
DNR-02490,18-24,CO,2022-02-05,Individual
DNR-02491,45-54,TX,2025-10-20,Individual
DNR-02492,35-44,TX,2023-02-11,Foundation
DNR-02493,65+,TX,2021-04-26,Individual
DNR-02494,35-44,PA,2021-04-18,Individual
DNR-02495,25-34,CO,2024-04-30,Individual
DNR-02496,25-34,OH,2023-04-08,Individual
DNR-02497,45-54,TX,2023-09-28,Individual
DNR-02498,55-64,WA,2024-08-29,Individual
DNR-02499,35-44,WA,2024-09-10,Individual
DNR-02500,45-54,PA,2023-02-22,Individual
DNR-02501,25-34,GA,2021-01-24,Individual
DNR-02502,35-44,NY,2024-08-06,Individual
DNR-02503,45-54,IL,2024-04-16,Individual
DNR-02504,55-64,TX,2024-11-21,Individual
DNR-02505,45-54,OH,2023-02-26,Individual
DNR-02506,25-34,CA,2022-09-04,Individual
DNR-02507,55-64,TX,2025-01-01,Corporate
DNR-02508,18-24,NC,2023-04-11,Individual
DNR-02509,55-64,GA,2025-08-02,Individual
DNR-02510,45-54,CO,2021-05-11,Individual
DNR-02511,25-34,FL,2025-08-04,Individual
DNR-02512,25-34,MI,2024-09-10,Corporate
DNR-02513,45-54,PA,2024-11-24,Individual
DNR-02514,45-54,WA,2021-09-09,Individual
DNR-02515,25-34,NY,2021-11-27,Individual
DNR-02516,35-44,PA,2021-06-23,Major Donor
DNR-02517,65+,WA,2024-01-20,Individual
DNR-02518,18-24,NC,2021-01-01,Individual
DNR-02519,45-54,TX,2025-05-23,Individual
DNR-02520,35-44,PA,2024-03-27,Individual
DNR-02521,25-34,CA,2024-05-26,Individual
DNR-02522,25-34,FL,2024-09-19,Individual
DNR-02523,55-64,TX,2021-10-18,Individual
DNR-02524,45-54,IL,2024-05-18,Individual
DNR-02525,35-44,NC,2021-09-21,Individual
DNR-02526,45-54,TX,2022-06-07,Individual
DNR-02527,65+,WA,2023-03-31,Individual
DNR-02528,25-34,FL,2023-05-22,Foundation
DNR-02529,25-34,WA,2021-05-25,Individual
DNR-02530,45-54,MI,2024-11-28,Individual
DNR-02531,35-44,TX,2024-09-08,Individual
DNR-02532,35-44,OH,2023-05-10,Individual
DNR-02533,45-54,CA,2023-02-16,Individual
DNR-02534,25-34,NC,2022-07-08,Individual
DNR-02535,45-54,PA,2023-04-14,Individual
DNR-02536,25-34,FL,2022-11-15,Individual
DNR-02537,35-44,FL,2022-07-15,Individual
DNR-02538,55-64,CA,2023-02-15,Foundation
DNR-02539,55-64,MI,2021-12-26,Individual
DNR-02540,25-34,PA,2025-08-10,Individual
DNR-02541,35-44,IL,2024-12-05,Individual
DNR-02542,18-24,PA,2024-05-29,Individual
DNR-02543,35-44,CO,2025-03-20,Individual
DNR-02544,45-54,MI,2024-10-20,Foundation
DNR-02545,45-54,IL,2025-10-07,Individual
DNR-02546,45-54,WA,2021-01-20,Individual
DNR-02547,45-54,IL,2021-09-16,Individual
DNR-02548,45-54,PA,2021-04-19,Corporate
DNR-02549,45-54,OH,2024-12-19,Individual
DNR-02550,35-44,PA,2024-12-18,Individual
DNR-02551,35-44,OH,2025-06-24,Individual
DNR-02552,55-64,FL,2023-12-03,Foundation
DNR-02553,25-34,IL,2022-09-18,Individual
DNR-02554,55-64,WA,2023-04-13,Individual
DNR-02555,25-34,CA,2021-06-12,Individual
DNR-02556,25-34,IL,2021-12-05,Individual
DNR-02557,55-64,NY,2024-02-09,Corporate
DNR-02558,65+,TX,2023-05-19,Individual
DNR-02559,45-54,WA,2023-09-10,Individual
DNR-02560,35-44,MI,2023-12-27,Individual
DNR-02561,45-54,CO,2022-01-25,Corporate
DNR-02562,45-54,FL,2023-05-21,Individual
DNR-02563,65+,NC,2025-02-22,Individual
DNR-02564,45-54,TX,2024-11-01,Individual
DNR-02565,55-64,FL,2024-10-13,Foundation
DNR-02566,55-64,NC,2021-12-25,Individual
DNR-02567,35-44,OH,2022-12-25,Foundation
DNR-02568,25-34,WA,2021-12-16,Individual
DNR-02569,55-64,CA,2022-05-27,Individual
DNR-02570,35-44,FL,2022-08-18,Individual
DNR-02571,45-54,FL,2021-01-05,Individual
DNR-02572,65+,NC,2022-09-17,Corporate
DNR-02573,65+,MI,2025-08-19,Corporate
DNR-02574,35-44,MI,2025-10-04,Individual
DNR-02575,35-44,NY,2023-08-01,Individual
DNR-02576,25-34,PA,2022-12-18,Corporate
DNR-02577,35-44,CA,2021-01-19,Individual
DNR-02578,25-34,CA,2023-12-20,Individual
DNR-02579,55-64,IL,2023-09-26,Individual
DNR-02580,35-44,PA,2022-04-09,Individual
DNR-02581,45-54,IL,2023-05-28,Corporate
DNR-02582,45-54,GA,2021-08-11,Major Donor
DNR-02583,45-54,NY,2021-11-28,Individual
DNR-02584,45-54,CA,2023-01-06,Corporate
DNR-02585,25-34,OH,2022-01-24,Individual
DNR-02586,18-24,WA,2025-03-04,Individual
DNR-02587,65+,IL,2022-02-12,Foundation
DNR-02588,45-54,WA,2021-09-01,Individual
DNR-02589,55-64,OH,2025-01-02,Individual
DNR-02590,45-54,OH,2023-10-25,Individual
DNR-02591,25-34,NY,2021-09-27,Individual
DNR-02592,35-44,WA,2021-09-16,Individual
DNR-02593,55-64,OH,2022-04-30,Individual
DNR-02594,35-44,IL,2024-05-07,Individual
DNR-02595,55-64,FL,2022-08-01,Individual
DNR-02596,35-44,FL,2024-06-18,Individual
DNR-02597,55-64,CO,2022-07-30,Individual
DNR-02598,35-44,GA,2022-05-22,Individual
DNR-02599,25-34,CO,2024-12-17,Individual
DNR-02600,25-34,MI,2023-10-26,Individual
DNR-02601,25-34,TX,2024-07-12,Individual
DNR-02602,65+,TX,2023-04-02,Individual
DNR-02603,25-34,NY,2023-05-24,Individual
DNR-02604,35-44,WA,2023-02-18,Individual
DNR-02605,35-44,NY,2022-04-19,Individual
DNR-02606,18-24,CA,2023-11-11,Individual
DNR-02607,65+,CO,2022-07-06,Individual
DNR-02608,55-64,TX,2023-05-07,Individual
DNR-02609,45-54,PA,2021-03-25,Individual
DNR-02610,35-44,MI,2022-03-11,Individual
DNR-02611,25-34,GA,2021-07-26,Individual
DNR-02612,25-34,WA,2023-01-15,Individual
DNR-02613,55-64,TX,2021-01-28,Individual
DNR-02614,55-64,CO,2022-11-10,Individual
DNR-02615,45-54,FL,2025-05-14,Individual
DNR-02616,45-54,CA,2024-08-24,Individual
DNR-02617,45-54,CA,2021-08-06,Individual
DNR-02618,65+,WA,2021-03-26,Individual
DNR-02619,45-54,CA,2025-08-02,Individual
DNR-02620,45-54,IL,2021-06-03,Foundation
DNR-02621,55-64,NC,2025-01-25,Individual
DNR-02622,25-34,OH,2025-01-16,Individual
DNR-02623,55-64,NC,2024-02-02,Individual
DNR-02624,35-44,CO,2022-12-13,Corporate
DNR-02625,18-24,OH,2021-08-29,Corporate
DNR-02626,35-44,NY,2023-12-09,Foundation
DNR-02627,45-54,TX,2021-12-08,Individual
DNR-02628,45-54,CO,2022-08-17,Individual
DNR-02629,35-44,WA,2022-01-25,Individual
DNR-02630,65+,TX,2023-12-27,Corporate
DNR-02631,35-44,OH,2023-06-16,Individual
DNR-02632,25-34,NY,2023-04-01,Individual
DNR-02633,45-54,NY,2021-11-24,Individual
DNR-02634,35-44,CO,2025-06-08,Individual
DNR-02635,55-64,IL,2023-12-12,Individual
DNR-02636,25-34,FL,2024-12-21,Individual
DNR-02637,35-44,WA,2021-04-04,Individual
DNR-02638,25-34,TX,2021-10-31,Foundation
DNR-02639,18-24,FL,2022-07-08,Corporate
DNR-02640,25-34,WA,2025-08-14,Individual
DNR-02641,65+,PA,2022-12-13,Individual
DNR-02642,55-64,IL,2021-06-20,Foundation
DNR-02643,55-64,IL,2025-01-18,Individual
DNR-02644,45-54,NY,2022-10-27,Major Donor
DNR-02645,45-54,IL,2025-08-15,Individual
DNR-02646,18-24,WA,2021-12-28,Individual
DNR-02647,55-64,CA,2025-11-13,Individual
DNR-02648,35-44,WA,2025-01-19,Individual
DNR-02649,45-54,NC,2022-06-12,Corporate
DNR-02650,25-34,IL,2022-02-27,Individual
DNR-02651,55-64,OH,2022-02-22,Individual
DNR-02652,45-54,OH,2021-11-15,Individual
DNR-02653,35-44,GA,2023-01-25,Individual
DNR-02654,55-64,TX,2022-01-07,Individual
DNR-02655,65+,TX,2022-01-22,Individual
DNR-02656,35-44,TX,2024-08-19,Individual
DNR-02657,45-54,CA,2025-08-02,Individual
DNR-02658,25-34,WA,2021-10-21,Individual
DNR-02659,35-44,CO,2023-04-05,Individual
DNR-02660,45-54,OH,2025-03-17,Individual
DNR-02661,55-64,WA,2023-02-26,Individual
DNR-02662,55-64,IL,2021-03-31,Individual
DNR-02663,45-54,NY,2021-10-20,Foundation
DNR-02664,45-54,PA,2025-06-10,Individual
DNR-02665,25-34,GA,2025-10-13,Individual
DNR-02666,35-44,TX,2025-04-05,Individual
DNR-02667,25-34,NY,2022-09-22,Individual
DNR-02668,45-54,CA,2024-01-19,Individual
DNR-02669,25-34,IL,2021-02-13,Individual
DNR-02670,55-64,TX,2021-07-30,Individual
DNR-02671,18-24,OH,2021-01-03,Corporate
DNR-02672,45-54,FL,2023-03-01,Individual
DNR-02673,55-64,CA,2024-11-02,Individual
DNR-02674,25-34,CA,2023-10-05,Individual
DNR-02675,45-54,CA,2022-08-01,Individual
DNR-02676,65+,NY,2023-01-09,Corporate
DNR-02677,35-44,PA,2024-05-23,Individual
DNR-02678,35-44,WA,2024-05-13,Individual
DNR-02679,55-64,PA,2024-11-08,Individual
DNR-02680,65+,WA,2025-11-28,Individual
DNR-02681,55-64,CO,2023-01-26,Foundation
DNR-02682,18-24,TX,2025-06-24,Individual
DNR-02683,35-44,OH,2025-05-12,Individual
DNR-02684,55-64,GA,2023-07-04,Individual
DNR-02685,45-54,CO,2025-07-27,Individual
DNR-02686,35-44,TX,2022-07-25,Individual
DNR-02687,35-44,GA,2022-01-08,Individual
DNR-02688,65+,MI,2023-05-19,Individual
DNR-02689,25-34,WA,2025-06-14,Individual
DNR-02690,45-54,NC,2022-05-19,Individual
DNR-02691,45-54,FL,2023-12-30,Individual
DNR-02692,45-54,NC,2023-02-27,Individual
DNR-02693,55-64,FL,2024-03-29,Individual
DNR-02694,35-44,FL,2024-12-10,Individual
DNR-02695,45-54,TX,2025-10-09,Individual
DNR-02696,35-44,TX,2021-08-14,Individual
DNR-02697,55-64,NC,2022-08-27,Individual
DNR-02698,55-64,NY,2023-05-13,Individual
DNR-02699,65+,CO,2025-03-10,Individual
DNR-02700,18-24,OH,2021-10-21,Individual
DNR-02701,25-34,MI,2023-02-01,Individual
DNR-02702,45-54,TX,2021-06-01,Individual
DNR-02703,25-34,FL,2021-03-03,Individual
DNR-02704,55-64,OH,2021-06-07,Individual
DNR-02705,35-44,TX,2021-11-03,Individual
DNR-02706,65+,GA,2025-03-13,Individual
DNR-02707,35-44,WA,2023-04-23,Individual
DNR-02708,25-34,NY,2024-11-24,Individual
DNR-02709,55-64,NC,2024-08-08,Individual
DNR-02710,55-64,WA,2021-11-25,Individual
DNR-02711,45-54,IL,2025-11-29,Individual
DNR-02712,45-54,OH,2024-03-17,Individual
DNR-02713,25-34,OH,2021-11-18,Individual
DNR-02714,35-44,NY,2021-09-14,Individual
DNR-02715,55-64,NC,2022-03-25,Individual
DNR-02716,55-64,GA,2024-05-24,Individual
DNR-02717,45-54,OH,2023-09-05,Individual
DNR-02718,35-44,OH,2021-12-04,Individual
DNR-02719,25-34,PA,2022-02-03,Individual
DNR-02720,35-44,FL,2024-05-20,Individual
DNR-02721,25-34,FL,2022-08-01,Individual
DNR-02722,65+,FL,2024-05-07,Individual
DNR-02723,65+,FL,2024-02-04,Individual
DNR-02724,45-54,NY,2022-07-06,Individual
DNR-02725,35-44,NY,2024-02-29,Major Donor
DNR-02726,35-44,PA,2022-10-07,Individual
DNR-02727,35-44,FL,2025-03-20,Individual
DNR-02728,45-54,TX,2022-10-07,Individual
DNR-02729,35-44,CO,2024-12-10,Individual
DNR-02730,55-64,TX,2023-10-29,Individual
DNR-02731,35-44,MI,2021-02-18,Individual
DNR-02732,35-44,TX,2025-11-15,Corporate
DNR-02733,55-64,CA,2024-10-29,Individual
DNR-02734,25-34,WA,2025-01-11,Individual
DNR-02735,45-54,NC,2024-09-01,Individual
DNR-02736,45-54,NC,2023-11-24,Major Donor
DNR-02737,55-64,PA,2025-04-24,Individual
DNR-02738,55-64,OH,2022-08-19,Individual
DNR-02739,55-64,OH,2021-03-23,Corporate
DNR-02740,45-54,CA,2022-05-05,Individual
DNR-02741,65+,CA,2021-11-09,Individual
DNR-02742,55-64,IL,2025-07-07,Individual
DNR-02743,55-64,CA,2024-01-26,Corporate
DNR-02744,35-44,IL,2023-10-19,Individual
DNR-02745,45-54,PA,2021-11-27,Individual
DNR-02746,45-54,GA,2021-07-02,Individual
DNR-02747,65+,GA,2022-06-13,Major Donor
DNR-02748,65+,MI,2024-08-24,Corporate
DNR-02749,55-64,OH,2023-09-27,Individual
DNR-02750,65+,TX,2023-04-18,Corporate
DNR-02751,55-64,PA,2023-06-22,Individual
DNR-02752,35-44,GA,2023-02-05,Individual
DNR-02753,65+,NY,2022-06-23,Corporate
DNR-02754,18-24,FL,2024-06-25,Major Donor
DNR-02755,18-24,CA,2024-12-04,Individual
DNR-02756,45-54,CA,2022-08-19,Individual
DNR-02757,35-44,CA,2022-04-02,Individual
DNR-02758,45-54,GA,2022-12-16,Individual
DNR-02759,45-54,OH,2021-08-12,Individual
DNR-02760,35-44,CA,2025-04-23,Individual
DNR-02761,45-54,FL,2022-10-12,Individual
DNR-02762,25-34,GA,2024-12-09,Individual
DNR-02763,65+,TX,2021-03-20,Individual
DNR-02764,45-54,MI,2024-08-04,Individual
DNR-02765,65+,PA,2025-05-05,Individual
DNR-02766,35-44,NY,2025-06-06,Individual
DNR-02767,65+,WA,2022-03-10,Corporate
DNR-02768,45-54,CA,2023-05-17,Individual
DNR-02769,35-44,IL,2021-10-18,Individual
DNR-02770,55-64,NC,2025-11-25,Individual
DNR-02771,25-34,NY,2022-03-15,Individual
DNR-02772,35-44,IL,2021-07-09,Corporate
DNR-02773,65+,GA,2021-12-03,Individual
DNR-02774,55-64,CO,2023-09-01,Individual
DNR-02775,45-54,OH,2023-06-14,Individual
DNR-02776,55-64,MI,2025-08-13,Individual
DNR-02777,45-54,MI,2022-02-11,Individual
DNR-02778,65+,CO,2021-10-24,Individual
DNR-02779,45-54,NY,2025-03-02,Individual
DNR-02780,65+,GA,2021-11-05,Corporate
DNR-02781,55-64,WA,2025-11-06,Individual
DNR-02782,45-54,GA,2023-04-13,Individual
DNR-02783,45-54,WA,2025-09-01,Corporate
DNR-02784,25-34,FL,2024-03-30,Individual
DNR-02785,55-64,MI,2023-05-11,Individual
DNR-02786,25-34,FL,2023-02-13,Individual
DNR-02787,18-24,PA,2024-10-23,Individual
DNR-02788,35-44,CA,2021-02-03,Individual
DNR-02789,65+,OH,2024-12-03,Individual
DNR-02790,55-64,OH,2023-04-21,Individual
DNR-02791,35-44,TX,2023-12-08,Major Donor
DNR-02792,25-34,MI,2023-07-29,Individual
DNR-02793,35-44,WA,2021-11-30,Individual
DNR-02794,45-54,CO,2024-11-11,Individual
DNR-02795,65+,CA,2024-06-24,Foundation
DNR-02796,25-34,WA,2021-06-29,Individual
DNR-02797,35-44,GA,2021-02-03,Individual
DNR-02798,65+,CA,2025-03-16,Individual
DNR-02799,45-54,NY,2024-07-21,Individual
DNR-02800,35-44,FL,2024-09-29,Individual
DNR-02801,35-44,FL,2025-05-11,Individual
DNR-02802,25-34,GA,2025-10-20,Individual
DNR-02803,45-54,CO,2023-04-26,Corporate
DNR-02804,35-44,FL,2023-03-22,Individual
DNR-02805,55-64,IL,2023-11-06,Individual
DNR-02806,55-64,OH,2022-09-22,Individual
DNR-02807,65+,OH,2024-10-10,Individual
DNR-02808,25-34,PA,2021-03-08,Individual
DNR-02809,55-64,MI,2025-09-18,Individual
DNR-02810,65+,OH,2022-10-13,Individual
DNR-02811,35-44,MI,2022-05-11,Individual
DNR-02812,18-24,MI,2024-08-12,Individual
DNR-02813,45-54,CO,2023-05-29,Individual
DNR-02814,35-44,TX,2021-12-22,Individual
DNR-02815,45-54,TX,2023-06-15,Individual
DNR-02816,45-54,OH,2023-10-30,Individual
DNR-02817,65+,NC,2025-09-23,Individual
DNR-02818,25-34,CA,2021-11-22,Foundation
DNR-02819,45-54,MI,2021-02-22,Individual
DNR-02820,45-54,CA,2021-11-10,Individual
DNR-02821,45-54,TX,2024-03-17,Individual
DNR-02822,55-64,TX,2023-07-19,Individual
DNR-02823,25-34,FL,2022-05-06,Individual
DNR-02824,45-54,OH,2024-01-02,Individual
DNR-02825,18-24,CA,2025-04-27,Individual
DNR-02826,45-54,MI,2021-10-22,Individual
DNR-02827,35-44,MI,2025-11-11,Individual
DNR-02828,35-44,TX,2021-09-09,Individual
DNR-02829,55-64,FL,2021-07-10,Individual
DNR-02830,55-64,OH,2023-03-12,Individual
DNR-02831,45-54,FL,2021-05-31,Individual
DNR-02832,55-64,WA,2024-11-08,Individual
DNR-02833,25-34,NY,2023-07-13,Individual
DNR-02834,45-54,NY,2022-01-01,Individual
DNR-02835,65+,GA,2021-08-29,Major Donor
DNR-02836,18-24,NC,2024-06-11,Individual
DNR-02837,25-34,MI,2025-02-27,Individual
DNR-02838,35-44,TX,2021-03-02,Individual
DNR-02839,25-34,FL,2022-03-19,Corporate
DNR-02840,25-34,CO,2021-03-02,Individual
DNR-02841,25-34,GA,2024-11-17,Foundation
DNR-02842,35-44,NC,2022-02-13,Foundation
DNR-02843,45-54,GA,2024-08-28,Individual
DNR-02844,35-44,FL,2023-06-13,Individual
DNR-02845,45-54,CO,2022-05-28,Individual
DNR-02846,25-34,MI,2022-07-30,Foundation
DNR-02847,25-34,CO,2022-10-01,Individual
DNR-02848,35-44,MI,2023-09-27,Individual
DNR-02849,35-44,CA,2025-03-11,Individual
DNR-02850,25-34,PA,2024-05-28,Individual
DNR-02851,55-64,GA,2023-02-05,Corporate
DNR-02852,65+,IL,2021-12-09,Corporate
DNR-02853,45-54,WA,2024-04-16,Individual
DNR-02854,18-24,TX,2023-12-23,Individual
DNR-02855,55-64,PA,2025-07-15,Individual
DNR-02856,45-54,PA,2022-05-18,Individual
DNR-02857,25-34,PA,2021-10-25,Individual
DNR-02858,35-44,GA,2024-11-10,Individual
DNR-02859,55-64,NC,2024-03-08,Individual
DNR-02860,45-54,NC,2021-05-16,Individual
DNR-02861,25-34,MI,2022-03-22,Individual
DNR-02862,18-24,WA,2025-07-12,Corporate
DNR-02863,35-44,PA,2023-05-14,Individual
DNR-02864,55-64,GA,2022-02-10,Individual
DNR-02865,35-44,CA,2021-04-06,Major Donor
DNR-02866,35-44,OH,2023-07-17,Individual
DNR-02867,35-44,WA,2022-04-30,Individual
DNR-02868,65+,GA,2025-05-24,Corporate
DNR-02869,65+,NY,2022-08-06,Individual
DNR-02870,18-24,WA,2023-12-29,Corporate
DNR-02871,25-34,OH,2021-02-03,Individual
DNR-02872,35-44,PA,2025-01-21,Individual
DNR-02873,55-64,GA,2023-03-31,Individual
DNR-02874,35-44,GA,2024-06-08,Individual
DNR-02875,65+,CA,2023-10-08,Individual
DNR-02876,45-54,NY,2025-09-23,Individual
DNR-02877,18-24,CA,2022-04-04,Individual
DNR-02878,45-54,FL,2022-10-24,Corporate
DNR-02879,45-54,PA,2021-12-15,Individual
DNR-02880,65+,CO,2025-07-30,Corporate
DNR-02881,55-64,NY,2025-11-13,Individual
DNR-02882,35-44,IL,2021-08-15,Individual
DNR-02883,55-64,OH,2022-11-06,Individual
DNR-02884,65+,MI,2022-07-07,Individual
DNR-02885,35-44,TX,2023-08-02,Individual
DNR-02886,55-64,OH,2025-03-23,Individual
DNR-02887,25-34,NC,2024-07-28,Individual
DNR-02888,45-54,IL,2022-05-08,Individual
DNR-02889,35-44,CA,2022-10-22,Individual
DNR-02890,45-54,PA,2022-06-25,Individual
DNR-02891,25-34,WA,2024-02-18,Individual
DNR-02892,45-54,CA,2025-02-14,Corporate
DNR-02893,18-24,FL,2023-10-10,Individual
DNR-02894,25-34,CA,2023-08-17,Individual
DNR-02895,45-54,NC,2022-11-29,Individual
DNR-02896,55-64,IL,2023-11-19,Corporate
DNR-02897,25-34,NC,2024-12-22,Individual
DNR-02898,25-34,PA,2021-08-05,Corporate
DNR-02899,55-64,NC,2023-03-01,Major Donor
DNR-02900,25-34,IL,2022-02-20,Individual
DNR-02901,35-44,MI,2023-05-17,Individual
DNR-02902,35-44,CA,2024-08-20,Individual
DNR-02903,18-24,GA,2025-03-06,Individual
DNR-02904,35-44,NC,2022-01-19,Individual
DNR-02905,25-34,NC,2023-07-17,Individual
DNR-02906,25-34,OH,2021-06-22,Individual
DNR-02907,35-44,GA,2023-10-26,Individual
DNR-02908,18-24,OH,2022-07-13,Individual
DNR-02909,25-34,FL,2025-02-08,Corporate
DNR-02910,25-34,MI,2023-04-05,Individual
DNR-02911,25-34,NY,2023-10-08,Individual
DNR-02912,25-34,CA,2024-08-16,Individual
DNR-02913,45-54,FL,2021-04-19,Corporate
DNR-02914,25-34,MI,2021-05-15,Individual
DNR-02915,35-44,CA,2024-12-03,Individual
DNR-02916,55-64,IL,2022-03-27,Individual
DNR-02917,55-64,PA,2023-10-12,Individual
DNR-02918,45-54,CO,2024-07-28,Individual
DNR-02919,35-44,CO,2021-01-07,Individual
DNR-02920,35-44,CO,2024-06-28,Individual
DNR-02921,45-54,TX,2022-05-04,Individual
DNR-02922,35-44,NY,2022-01-19,Individual
DNR-02923,35-44,TX,2024-09-26,Individual
DNR-02924,25-34,NY,2022-06-25,Corporate
DNR-02925,35-44,NY,2024-05-01,Individual
DNR-02926,35-44,NY,2023-09-28,Corporate
DNR-02927,45-54,IL,2025-08-05,Individual
DNR-02928,35-44,TX,2025-09-07,Individual
DNR-02929,35-44,CO,2025-05-07,Individual
DNR-02930,45-54,NC,2022-11-19,Individual
DNR-02931,25-34,GA,2022-06-12,Individual
DNR-02932,35-44,PA,2021-01-28,Individual
DNR-02933,55-64,MI,2023-11-27,Individual
DNR-02934,45-54,CO,2023-09-19,Individual
DNR-02935,65+,FL,2024-08-03,Individual
DNR-02936,35-44,NY,2024-09-12,Major Donor
DNR-02937,45-54,OH,2022-05-16,Individual
DNR-02938,25-34,OH,2023-01-07,Individual
DNR-02939,25-34,WA,2024-08-01,Individual
DNR-02940,65+,NC,2024-10-22,Individual
DNR-02941,45-54,PA,2021-12-25,Individual
DNR-02942,65+,IL,2023-03-12,Individual
DNR-02943,45-54,CO,2022-09-26,Individual
DNR-02944,25-34,GA,2022-12-05,Individual
DNR-02945,55-64,IL,2024-03-06,Foundation
DNR-02946,35-44,WA,2021-08-14,Foundation
DNR-02947,25-34,IL,2021-10-29,Individual
DNR-02948,25-34,GA,2024-07-01,Individual
DNR-02949,35-44,GA,2022-08-14,Individual
DNR-02950,55-64,CA,2021-03-25,Individual
DNR-02951,18-24,PA,2021-04-19,Individual
DNR-02952,18-24,TX,2024-09-14,Individual
DNR-02953,55-64,NC,2022-12-19,Corporate
DNR-02954,45-54,CA,2024-09-24,Foundation
DNR-02955,65+,FL,2024-12-31,Individual
DNR-02956,25-34,FL,2023-06-04,Individual
DNR-02957,35-44,WA,2021-03-07,Individual
DNR-02958,35-44,CA,2024-07-28,Individual
DNR-02959,45-54,TX,2022-06-20,Corporate
DNR-02960,55-64,MI,2024-02-29,Individual
DNR-02961,25-34,TX,2021-10-13,Individual
DNR-02962,35-44,CA,2023-05-03,Individual
DNR-02963,45-54,NC,2022-09-01,Individual
DNR-02964,55-64,OH,2022-01-11,Individual
DNR-02965,35-44,PA,2021-07-16,Individual
DNR-02966,45-54,GA,2023-10-29,Foundation
DNR-02967,35-44,OH,2022-12-27,Individual
DNR-02968,45-54,OH,2023-08-03,Individual
DNR-02969,45-54,IL,2021-07-01,Individual
DNR-02970,35-44,TX,2025-05-31,Individual
DNR-02971,45-54,IL,2024-06-25,Individual
DNR-02972,35-44,OH,2021-04-20,Individual
DNR-02973,55-64,NC,2024-10-04,Individual
DNR-02974,25-34,IL,2023-08-01,Individual
DNR-02975,25-34,MI,2025-08-27,Major Donor
DNR-02976,45-54,CO,2021-07-19,Individual
DNR-02977,25-34,MI,2022-11-10,Corporate
DNR-02978,45-54,CO,2024-10-13,Individual
DNR-02979,45-54,GA,2022-02-24,Individual
DNR-02980,45-54,TX,2021-10-07,Individual
DNR-02981,45-54,NY,2022-09-09,Individual
DNR-02982,45-54,CA,2025-07-08,Individual
DNR-02983,45-54,CA,2021-05-18,Individual
DNR-02984,25-34,GA,2023-12-01,Individual
DNR-02985,35-44,NY,2021-02-20,Individual
DNR-02986,35-44,TX,2021-09-07,Individual
DNR-02987,55-64,IL,2025-08-07,Individual
DNR-02988,35-44,WA,2025-08-10,Individual
DNR-02989,25-34,NY,2024-06-17,Individual
DNR-02990,45-54,FL,2022-01-14,Individual
DNR-02991,45-54,FL,2021-12-16,Individual
DNR-02992,35-44,CA,2023-09-03,Individual
DNR-02993,45-54,OH,2024-04-20,Individual
DNR-02994,25-34,OH,2023-03-02,Individual
DNR-02995,18-24,GA,2025-07-25,Individual
DNR-02996,18-24,IL,2021-09-04,Individual
DNR-02997,55-64,MI,2021-03-11,Individual
DNR-02998,65+,TX,2023-06-30,Individual
DNR-02999,35-44,NY,2023-08-17,Corporate
DNR-03000,55-64,NC,2021-11-21,Individual
DNR-03001,45-54,OH,2022-03-08,Individual
DNR-03002,45-54,PA,2023-11-17,Individual
DNR-03003,35-44,CO,2024-09-05,Individual
DNR-03004,25-34,WA,2025-10-25,Individual
DNR-03005,18-24,WA,2022-09-13,Corporate
DNR-03006,35-44,WA,2023-09-18,Individual
DNR-03007,65+,WA,2022-01-05,Individual
DNR-03008,45-54,MI,2023-12-13,Individual
DNR-03009,45-54,OH,2024-04-04,Individual
DNR-03010,55-64,TX,2021-05-19,Individual
DNR-03011,25-34,WA,2022-04-20,Individual
DNR-03012,25-34,CO,2023-09-03,Individual
DNR-03013,55-64,TX,2025-06-18,Individual
DNR-03014,55-64,OH,2025-01-31,Corporate
DNR-03015,25-34,NY,2021-05-12,Individual
DNR-03016,35-44,PA,2025-10-01,Individual
DNR-03017,18-24,TX,2024-05-27,Individual
DNR-03018,35-44,TX,2022-10-20,Individual
DNR-03019,25-34,IL,2024-07-29,Individual
DNR-03020,35-44,FL,2023-10-03,Individual
DNR-03021,55-64,FL,2025-02-28,Individual
DNR-03022,45-54,WA,2021-06-26,Individual
DNR-03023,55-64,NY,2021-07-17,Individual
DNR-03024,45-54,CA,2023-01-07,Individual
DNR-03025,45-54,CO,2022-11-29,Individual
DNR-03026,25-34,FL,2024-08-08,Individual
DNR-03027,35-44,PA,2024-03-14,Individual
DNR-03028,55-64,CA,2024-06-20,Corporate
DNR-03029,35-44,CA,2023-06-18,Individual
DNR-03030,55-64,IL,2024-03-11,Individual
DNR-03031,25-34,MI,2021-07-26,Individual
DNR-03032,25-34,IL,2024-01-13,Individual
DNR-03033,45-54,CA,2025-08-24,Individual
DNR-03034,65+,CA,2025-11-22,Corporate
DNR-03035,55-64,MI,2023-12-31,Individual
DNR-03036,45-54,NC,2023-10-22,Individual
DNR-03037,45-54,IL,2024-11-29,Corporate
DNR-03038,35-44,IL,2024-08-30,Individual
DNR-03039,55-64,TX,2022-02-15,Individual
DNR-03040,45-54,WA,2022-02-23,Individual
DNR-03041,18-24,MI,2021-05-08,Individual
DNR-03042,55-64,NY,2024-06-03,Individual
DNR-03043,65+,MI,2022-12-10,Major Donor
DNR-03044,25-34,NC,2025-02-23,Individual
DNR-03045,25-34,NY,2023-09-08,Foundation
DNR-03046,35-44,WA,2021-08-02,Individual
DNR-03047,35-44,FL,2022-12-19,Individual
DNR-03048,18-24,FL,2021-02-13,Foundation
DNR-03049,35-44,WA,2023-12-31,Individual
DNR-03050,35-44,OH,2025-02-20,Individual
DNR-03051,25-34,CO,2025-04-18,Individual
DNR-03052,25-34,CA,2023-05-25,Individual
DNR-03053,35-44,FL,2024-06-14,Major Donor
DNR-03054,18-24,FL,2022-12-04,Individual
DNR-03055,25-34,CO,2021-07-08,Individual
DNR-03056,55-64,MI,2025-03-22,Corporate
DNR-03057,18-24,CO,2021-04-04,Major Donor
DNR-03058,18-24,TX,2022-05-27,Individual
DNR-03059,18-24,PA,2023-06-18,Individual
DNR-03060,25-34,IL,2024-05-18,Individual
DNR-03061,35-44,CA,2021-09-23,Individual
DNR-03062,25-34,NC,2024-09-06,Individual
DNR-03063,45-54,PA,2022-02-26,Individual
DNR-03064,45-54,PA,2025-10-25,Individual
DNR-03065,55-64,FL,2025-05-17,Individual
DNR-03066,35-44,NC,2023-12-15,Corporate
DNR-03067,35-44,OH,2023-10-29,Individual
DNR-03068,35-44,CA,2024-12-15,Foundation
DNR-03069,55-64,NC,2022-02-21,Corporate
DNR-03070,45-54,CA,2022-04-18,Individual
DNR-03071,55-64,NY,2023-02-02,Individual
DNR-03072,45-54,GA,2022-04-27,Individual
DNR-03073,55-64,IL,2021-08-22,Individual
DNR-03074,35-44,CA,2022-07-24,Individual
DNR-03075,45-54,GA,2021-05-03,Individual
DNR-03076,35-44,NY,2021-02-08,Corporate
DNR-03077,25-34,OH,2022-04-05,Individual
DNR-03078,35-44,NC,2023-12-27,Individual
DNR-03079,18-24,MI,2025-04-12,Individual
DNR-03080,65+,IL,2025-03-26,Corporate
DNR-03081,25-34,NY,2025-07-18,Individual
DNR-03082,45-54,OH,2022-11-30,Individual
DNR-03083,45-54,NY,2025-05-22,Individual
DNR-03084,35-44,CO,2025-07-12,Individual
DNR-03085,65+,NC,2024-10-20,Individual
DNR-03086,45-54,NC,2023-08-08,Individual
DNR-03087,35-44,CO,2022-06-17,Individual
DNR-03088,18-24,WA,2022-05-03,Individual
DNR-03089,25-34,NC,2022-07-16,Individual
DNR-03090,35-44,MI,2022-08-29,Individual
DNR-03091,45-54,WA,2022-07-16,Individual
DNR-03092,18-24,IL,2025-07-18,Individual
DNR-03093,55-64,TX,2024-03-10,Individual
DNR-03094,35-44,GA,2023-06-28,Individual
DNR-03095,35-44,NC,2021-03-17,Foundation
DNR-03096,45-54,CA,2022-03-23,Individual
DNR-03097,45-54,CA,2022-07-21,Corporate
DNR-03098,55-64,IL,2023-06-22,Individual
DNR-03099,25-34,WA,2022-06-16,Corporate
DNR-03100,45-54,NY,2021-12-24,Individual
DNR-03101,18-24,WA,2022-04-22,Individual
DNR-03102,45-54,NY,2023-11-04,Corporate
DNR-03103,18-24,CO,2024-02-08,Individual
DNR-03104,18-24,PA,2022-06-15,Major Donor
DNR-03105,45-54,PA,2024-01-12,Individual
DNR-03106,35-44,NC,2021-08-12,Individual
DNR-03107,35-44,PA,2021-06-08,Individual
DNR-03108,35-44,WA,2025-08-26,Individual
DNR-03109,25-34,PA,2023-05-24,Corporate
DNR-03110,35-44,OH,2024-05-28,Individual
DNR-03111,65+,IL,2024-08-28,Individual
DNR-03112,35-44,IL,2024-06-27,Individual
DNR-03113,18-24,MI,2021-11-04,Corporate
DNR-03114,35-44,CO,2022-03-10,Individual
DNR-03115,45-54,FL,2023-11-07,Individual
DNR-03116,18-24,CO,2023-02-15,Individual
DNR-03117,65+,CA,2021-11-04,Individual
DNR-03118,65+,MI,2021-06-08,Foundation
DNR-03119,45-54,CO,2023-10-29,Major Donor
DNR-03120,25-34,NC,2023-05-07,Individual
DNR-03121,35-44,NC,2025-06-23,Individual
DNR-03122,25-34,MI,2023-12-02,Individual
DNR-03123,35-44,PA,2022-08-24,Corporate
DNR-03124,45-54,CA,2022-04-18,Individual
DNR-03125,45-54,OH,2024-11-20,Individual
DNR-03126,45-54,CA,2023-01-12,Individual
DNR-03127,45-54,GA,2023-01-12,Individual
DNR-03128,45-54,TX,2025-05-30,Individual
DNR-03129,65+,WA,2024-01-07,Individual
DNR-03130,45-54,IL,2024-04-12,Individual
DNR-03131,25-34,OH,2022-12-01,Individual
DNR-03132,45-54,WA,2023-11-01,Major Donor
DNR-03133,25-34,GA,2025-05-02,Individual
DNR-03134,35-44,NC,2021-02-01,Individual
DNR-03135,45-54,TX,2024-12-27,Foundation
DNR-03136,35-44,CO,2025-11-16,Individual
DNR-03137,25-34,NC,2021-12-08,Major Donor
DNR-03138,35-44,OH,2023-03-06,Corporate
DNR-03139,45-54,CA,2024-11-28,Individual
DNR-03140,55-64,MI,2022-11-21,Corporate
DNR-03141,65+,NY,2024-05-31,Individual
DNR-03142,35-44,GA,2021-06-01,Individual
DNR-03143,45-54,OH,2023-04-18,Individual
DNR-03144,45-54,CO,2022-08-16,Individual
DNR-03145,45-54,NC,2022-01-11,Individual
DNR-03146,18-24,MI,2021-06-21,Individual
DNR-03147,35-44,PA,2023-01-28,Individual
DNR-03148,45-54,IL,2023-06-18,Individual
DNR-03149,35-44,PA,2025-05-03,Individual
DNR-03150,55-64,MI,2021-04-09,Individual
DNR-03151,35-44,PA,2023-11-07,Individual
DNR-03152,25-34,TX,2023-02-26,Individual
DNR-03153,45-54,CO,2021-03-27,Individual
DNR-03154,25-34,MI,2022-03-08,Individual
DNR-03155,35-44,CA,2022-10-06,Individual
DNR-03156,35-44,TX,2022-08-13,Individual
DNR-03157,25-34,MI,2022-08-14,Foundation
DNR-03158,25-34,IL,2025-03-24,Individual
DNR-03159,45-54,NC,2021-10-16,Individual
DNR-03160,45-54,NY,2025-03-26,Individual
DNR-03161,25-34,GA,2024-01-11,Individual
DNR-03162,35-44,IL,2025-09-01,Individual
DNR-03163,35-44,TX,2024-03-15,Individual
DNR-03164,65+,CO,2025-08-29,Individual
DNR-03165,25-34,OH,2024-12-17,Corporate
DNR-03166,55-64,IL,2023-10-08,Individual
DNR-03167,65+,CA,2025-02-07,Individual
DNR-03168,45-54,PA,2025-03-05,Individual
DNR-03169,25-34,WA,2021-11-17,Individual
DNR-03170,55-64,CO,2025-02-15,Individual
DNR-03171,65+,OH,2024-11-09,Individual
DNR-03172,55-64,PA,2021-07-25,Foundation
DNR-03173,45-54,WA,2022-01-25,Individual
DNR-03174,45-54,FL,2021-03-14,Foundation
DNR-03175,55-64,FL,2021-10-08,Individual
DNR-03176,35-44,GA,2024-10-11,Individual
DNR-03177,35-44,TX,2025-07-25,Individual
DNR-03178,25-34,NC,2022-02-11,Individual
DNR-03179,25-34,OH,2025-10-22,Individual
DNR-03180,45-54,CO,2021-05-18,Individual
DNR-03181,45-54,MI,2021-12-31,Individual
DNR-03182,25-34,PA,2023-02-18,Individual
DNR-03183,65+,IL,2023-09-19,Individual
DNR-03184,35-44,GA,2025-09-18,Individual
DNR-03185,35-44,PA,2023-10-01,Individual
DNR-03186,25-34,CA,2024-01-18,Individual
DNR-03187,35-44,GA,2025-03-27,Individual
DNR-03188,35-44,TX,2022-10-29,Individual
DNR-03189,45-54,PA,2023-08-10,Foundation
DNR-03190,25-34,GA,2024-11-28,Individual
DNR-03191,35-44,OH,2025-09-17,Individual
DNR-03192,35-44,NC,2024-11-08,Individual
DNR-03193,55-64,NY,2022-03-17,Corporate
DNR-03194,25-34,PA,2024-02-26,Individual
DNR-03195,35-44,OH,2023-04-23,Individual
DNR-03196,25-34,CO,2022-06-18,Corporate
DNR-03197,55-64,IL,2022-03-25,Individual
DNR-03198,45-54,TX,2023-07-06,Individual
DNR-03199,45-54,MI,2024-01-03,Individual
DNR-03200,45-54,NY,2024-06-04,Individual
DNR-03201,35-44,CO,2025-01-19,Individual
DNR-03202,55-64,NC,2022-11-14,Corporate
DNR-03203,35-44,PA,2021-05-10,Individual
DNR-03204,25-34,NC,2024-01-02,Individual
DNR-03205,25-34,TX,2023-03-22,Corporate
DNR-03206,25-34,CO,2023-02-05,Individual
DNR-03207,18-24,NY,2022-05-25,Foundation
DNR-03208,25-34,OH,2025-03-27,Foundation
DNR-03209,25-34,IL,2025-06-09,Individual
DNR-03210,55-64,FL,2021-02-19,Individual
DNR-03211,25-34,OH,2021-03-11,Individual
DNR-03212,55-64,IL,2024-09-04,Individual
DNR-03213,18-24,CO,2025-11-01,Individual
DNR-03214,35-44,NY,2024-12-11,Individual
DNR-03215,45-54,TX,2025-03-01,Individual
DNR-03216,55-64,FL,2021-07-15,Individual
DNR-03217,35-44,PA,2025-08-30,Individual
DNR-03218,18-24,IL,2023-05-21,Individual
DNR-03219,25-34,WA,2023-07-29,Individual
DNR-03220,35-44,CA,2024-03-26,Individual
DNR-03221,45-54,GA,2022-04-01,Foundation
DNR-03222,45-54,FL,2022-08-06,Corporate
DNR-03223,35-44,OH,2023-02-23,Individual
DNR-03224,45-54,GA,2023-02-03,Individual
DNR-03225,18-24,FL,2022-04-04,Individual
DNR-03226,45-54,WA,2023-07-05,Individual
DNR-03227,55-64,CA,2022-09-29,Individual
DNR-03228,25-34,GA,2021-07-15,Individual
DNR-03229,25-34,MI,2024-04-30,Individual
DNR-03230,45-54,MI,2025-09-13,Individual
DNR-03231,55-64,IL,2025-04-07,Individual
DNR-03232,35-44,TX,2023-04-24,Individual
DNR-03233,45-54,OH,2021-03-16,Individual
DNR-03234,45-54,NC,2025-11-20,Individual
DNR-03235,35-44,WA,2025-06-16,Individual
DNR-03236,45-54,NC,2022-04-28,Individual
DNR-03237,65+,CA,2024-02-11,Corporate
DNR-03238,18-24,TX,2021-08-04,Individual
DNR-03239,35-44,CA,2025-03-31,Individual
DNR-03240,55-64,CA,2021-12-07,Individual
DNR-03241,35-44,WA,2021-03-21,Corporate
DNR-03242,25-34,NC,2025-07-03,Individual
DNR-03243,35-44,OH,2023-05-07,Individual
DNR-03244,55-64,IL,2022-08-26,Individual
DNR-03245,55-64,MI,2023-12-07,Individual
DNR-03246,35-44,WA,2024-08-24,Individual
DNR-03247,65+,PA,2022-02-23,Individual
DNR-03248,35-44,FL,2023-11-30,Individual
DNR-03249,45-54,TX,2022-11-08,Corporate
DNR-03250,55-64,NY,2021-12-03,Individual
DNR-03251,25-34,CA,2022-10-13,Individual
DNR-03252,25-34,CO,2021-01-12,Individual
DNR-03253,35-44,NY,2021-07-12,Individual
DNR-03254,25-34,PA,2024-07-03,Individual
DNR-03255,25-34,WA,2024-07-27,Individual
DNR-03256,25-34,OH,2021-01-29,Corporate
DNR-03257,35-44,OH,2024-04-11,Individual
DNR-03258,45-54,FL,2022-06-06,Individual
DNR-03259,25-34,FL,2021-06-08,Individual
DNR-03260,45-54,TX,2022-07-28,Individual
DNR-03261,45-54,OH,2025-06-21,Individual
DNR-03262,55-64,MI,2022-11-08,Individual
DNR-03263,45-54,MI,2022-07-22,Foundation
DNR-03264,25-34,NY,2024-10-01,Corporate
DNR-03265,25-34,MI,2025-05-24,Individual
DNR-03266,35-44,NY,2021-10-28,Individual
DNR-03267,65+,TX,2022-10-25,Individual
DNR-03268,35-44,GA,2023-11-14,Individual
DNR-03269,55-64,FL,2022-11-01,Individual
DNR-03270,55-64,CO,2024-02-22,Individual
DNR-03271,55-64,PA,2023-08-30,Individual
DNR-03272,45-54,FL,2023-12-23,Individual
DNR-03273,55-64,CO,2021-12-07,Foundation
DNR-03274,45-54,GA,2021-10-20,Individual
DNR-03275,45-54,NC,2024-11-24,Individual
DNR-03276,25-34,PA,2023-06-11,Individual
DNR-03277,45-54,CO,2025-10-18,Individual
DNR-03278,45-54,FL,2023-05-19,Individual
DNR-03279,65+,NY,2023-02-23,Individual
DNR-03280,35-44,NY,2022-02-06,Individual
DNR-03281,25-34,PA,2024-04-15,Individual
DNR-03282,18-24,IL,2022-06-04,Individual
DNR-03283,45-54,OH,2021-03-10,Individual
DNR-03284,45-54,IL,2021-03-31,Major Donor
DNR-03285,45-54,NY,2024-07-04,Individual
DNR-03286,35-44,MI,2025-11-03,Individual
DNR-03287,25-34,CO,2024-07-18,Individual
DNR-03288,45-54,CA,2025-11-27,Individual
DNR-03289,45-54,CO,2021-03-20,Individual
DNR-03290,25-34,TX,2021-11-10,Individual
DNR-03291,55-64,NY,2021-06-19,Individual
DNR-03292,18-24,CA,2023-06-28,Individual
DNR-03293,65+,FL,2025-10-23,Individual
DNR-03294,18-24,WA,2024-09-03,Individual
DNR-03295,55-64,TX,2025-10-04,Corporate
DNR-03296,35-44,NY,2024-04-16,Individual
DNR-03297,55-64,WA,2024-09-22,Individual
DNR-03298,55-64,NC,2021-05-06,Individual
DNR-03299,25-34,GA,2021-10-30,Individual
DNR-03300,25-34,NC,2021-04-02,Individual
DNR-03301,45-54,NY,2023-04-19,Individual
DNR-03302,35-44,PA,2022-09-30,Individual
DNR-03303,45-54,MI,2023-08-13,Individual
DNR-03304,65+,TX,2023-08-07,Individual
DNR-03305,35-44,WA,2025-02-03,Individual
DNR-03306,55-64,FL,2021-02-11,Individual
DNR-03307,25-34,CO,2024-07-30,Individual
DNR-03308,45-54,FL,2022-05-21,Individual
DNR-03309,25-34,NY,2025-03-11,Individual
DNR-03310,25-34,TX,2023-02-16,Individual
DNR-03311,25-34,FL,2024-03-03,Individual
DNR-03312,25-34,IL,2022-07-13,Corporate
DNR-03313,25-34,GA,2022-06-16,Individual
DNR-03314,35-44,WA,2022-12-29,Individual
DNR-03315,45-54,TX,2023-12-08,Individual
DNR-03316,45-54,TX,2021-03-17,Foundation
DNR-03317,65+,OH,2024-01-07,Individual
DNR-03318,45-54,IL,2022-12-12,Individual
DNR-03319,65+,NC,2022-03-01,Individual
DNR-03320,25-34,NC,2025-08-27,Individual
DNR-03321,25-34,IL,2025-05-03,Individual
DNR-03322,35-44,WA,2021-03-06,Corporate
DNR-03323,35-44,PA,2022-01-17,Individual
DNR-03324,45-54,NY,2023-02-02,Individual
DNR-03325,45-54,NY,2022-10-23,Individual
DNR-03326,35-44,WA,2021-11-22,Individual
DNR-03327,35-44,TX,2021-07-25,Individual
DNR-03328,55-64,GA,2023-08-15,Individual
DNR-03329,45-54,CO,2025-07-16,Individual
DNR-03330,35-44,FL,2023-06-10,Individual
DNR-03331,45-54,GA,2022-06-02,Individual
DNR-03332,18-24,FL,2024-10-21,Individual
DNR-03333,65+,CA,2025-04-12,Foundation
DNR-03334,25-34,MI,2023-05-13,Individual
DNR-03335,25-34,TX,2023-04-01,Individual
DNR-03336,65+,NC,2022-09-08,Corporate
DNR-03337,45-54,TX,2022-02-11,Foundation
DNR-03338,55-64,NY,2021-09-24,Individual
DNR-03339,55-64,PA,2021-07-05,Individual
DNR-03340,35-44,WA,2023-07-29,Individual
DNR-03341,25-34,IL,2021-10-30,Individual
DNR-03342,55-64,OH,2021-06-14,Individual
DNR-03343,25-34,NC,2021-07-04,Individual
DNR-03344,18-24,TX,2025-09-28,Individual
DNR-03345,45-54,OH,2022-12-07,Individual
DNR-03346,35-44,OH,2024-12-02,Individual
DNR-03347,25-34,CA,2025-08-30,Individual
DNR-03348,55-64,TX,2023-03-05,Individual
DNR-03349,55-64,WA,2023-03-30,Individual
DNR-03350,45-54,NC,2025-02-04,Corporate
DNR-03351,45-54,MI,2021-05-27,Individual
DNR-03352,45-54,FL,2021-02-25,Individual
DNR-03353,35-44,NY,2023-01-26,Individual
DNR-03354,35-44,CA,2024-06-04,Individual
DNR-03355,35-44,NY,2024-08-15,Individual
DNR-03356,25-34,OH,2022-03-09,Individual
DNR-03357,25-34,IL,2024-09-01,Individual
DNR-03358,35-44,IL,2023-03-04,Individual
DNR-03359,35-44,NC,2023-05-14,Individual
DNR-03360,55-64,PA,2025-09-05,Individual
DNR-03361,45-54,OH,2024-11-06,Individual
DNR-03362,25-34,TX,2025-07-04,Individual
DNR-03363,45-54,NY,2024-03-22,Individual
DNR-03364,45-54,OH,2023-09-23,Individual
DNR-03365,35-44,CO,2025-04-29,Individual
DNR-03366,55-64,GA,2024-07-22,Individual
DNR-03367,35-44,PA,2023-10-26,Individual
DNR-03368,35-44,TX,2025-09-25,Individual
DNR-03369,35-44,WA,2023-05-19,Individual
DNR-03370,35-44,CO,2021-06-13,Individual
DNR-03371,35-44,MI,2024-04-23,Individual
DNR-03372,35-44,GA,2025-01-30,Corporate
DNR-03373,55-64,GA,2022-07-31,Individual
DNR-03374,45-54,PA,2023-01-22,Individual
DNR-03375,45-54,NY,2022-06-01,Individual
DNR-03376,35-44,OH,2024-01-17,Individual
DNR-03377,35-44,NY,2021-02-05,Individual
DNR-03378,45-54,NC,2024-05-05,Individual
DNR-03379,25-34,NC,2025-02-21,Individual
DNR-03380,25-34,GA,2021-07-13,Individual
DNR-03381,35-44,GA,2023-06-02,Corporate
DNR-03382,65+,CO,2024-11-12,Individual
DNR-03383,35-44,CA,2025-08-08,Individual
DNR-03384,25-34,CO,2022-10-31,Individual
DNR-03385,25-34,NC,2024-07-30,Individual
DNR-03386,65+,CO,2025-01-25,Individual
DNR-03387,18-24,CO,2022-09-11,Individual
DNR-03388,45-54,CA,2022-06-11,Individual
DNR-03389,65+,FL,2025-09-10,Corporate
DNR-03390,35-44,NC,2024-03-15,Individual
DNR-03391,25-34,NY,2024-01-10,Corporate
DNR-03392,25-34,OH,2023-02-06,Individual
DNR-03393,55-64,IL,2022-07-17,Individual
DNR-03394,45-54,TX,2023-10-25,Individual
DNR-03395,18-24,FL,2024-10-20,Individual
DNR-03396,45-54,IL,2021-02-08,Individual
DNR-03397,55-64,WA,2022-07-01,Individual
DNR-03398,25-34,CO,2022-10-14,Individual
DNR-03399,45-54,CO,2022-10-27,Individual
DNR-03400,35-44,OH,2024-12-29,Individual
DNR-03401,45-54,GA,2024-07-24,Individual
DNR-03402,35-44,PA,2024-02-17,Individual
DNR-03403,35-44,CO,2025-08-12,Individual
DNR-03404,45-54,WA,2023-10-19,Individual
DNR-03405,18-24,MI,2023-03-10,Individual
DNR-03406,45-54,PA,2021-06-10,Individual
DNR-03407,65+,PA,2021-06-20,Individual
DNR-03408,35-44,WA,2022-09-15,Individual
DNR-03409,45-54,TX,2023-08-16,Individual
DNR-03410,35-44,NY,2024-07-02,Individual
DNR-03411,45-54,GA,2025-03-19,Major Donor
DNR-03412,45-54,OH,2022-04-26,Individual
DNR-03413,25-34,OH,2024-05-28,Foundation
DNR-03414,25-34,IL,2022-03-24,Individual
DNR-03415,55-64,CO,2022-01-01,Corporate
DNR-03416,35-44,FL,2023-04-02,Individual
DNR-03417,25-34,PA,2023-05-07,Corporate
DNR-03418,55-64,WA,2024-07-14,Individual
DNR-03419,35-44,NC,2025-04-10,Individual
DNR-03420,35-44,GA,2023-03-15,Individual
DNR-03421,35-44,TX,2022-08-10,Individual
DNR-03422,45-54,PA,2023-03-31,Individual
DNR-03423,25-34,CA,2025-04-12,Individual
DNR-03424,35-44,OH,2023-02-25,Individual
DNR-03425,18-24,FL,2023-04-21,Individual
DNR-03426,35-44,CA,2021-10-11,Individual
DNR-03427,35-44,NY,2024-05-12,Individual
DNR-03428,25-34,WA,2022-10-28,Individual
DNR-03429,65+,NY,2023-08-25,Individual
DNR-03430,55-64,OH,2025-03-02,Individual
DNR-03431,25-34,TX,2024-02-05,Individual
DNR-03432,55-64,TX,2023-07-27,Individual
DNR-03433,65+,PA,2023-08-26,Foundation
DNR-03434,55-64,FL,2021-09-29,Individual
DNR-03435,25-34,MI,2024-03-28,Individual
DNR-03436,55-64,GA,2023-06-28,Major Donor
DNR-03437,55-64,PA,2023-10-22,Individual
DNR-03438,25-34,GA,2025-11-22,Corporate
DNR-03439,18-24,NY,2025-01-18,Foundation
DNR-03440,55-64,GA,2024-10-28,Individual
DNR-03441,55-64,IL,2025-11-01,Individual
DNR-03442,45-54,MI,2025-01-06,Individual
DNR-03443,45-54,GA,2024-08-18,Major Donor
DNR-03444,18-24,OH,2023-09-12,Individual
DNR-03445,55-64,PA,2025-08-24,Individual
DNR-03446,35-44,WA,2023-03-30,Individual
DNR-03447,25-34,TX,2023-06-21,Individual
DNR-03448,55-64,CA,2025-10-01,Individual
DNR-03449,35-44,PA,2025-01-18,Individual
DNR-03450,55-64,FL,2021-10-18,Corporate
DNR-03451,45-54,CA,2022-06-26,Individual
DNR-03452,35-44,FL,2023-07-28,Corporate
DNR-03453,35-44,GA,2025-03-31,Individual
DNR-03454,45-54,MI,2022-11-09,Individual
DNR-03455,55-64,TX,2022-07-18,Individual
DNR-03456,25-34,PA,2023-12-05,Individual
DNR-03457,35-44,CO,2024-02-29,Individual
DNR-03458,35-44,CO,2021-11-21,Individual
DNR-03459,25-34,CO,2023-06-20,Individual
DNR-03460,35-44,OH,2021-09-21,Individual
DNR-03461,18-24,FL,2022-06-11,Individual
DNR-03462,45-54,IL,2024-04-09,Individual
DNR-03463,45-54,NC,2023-01-16,Individual
DNR-03464,65+,PA,2023-04-12,Individual
DNR-03465,55-64,PA,2024-08-11,Individual
DNR-03466,55-64,GA,2023-12-08,Individual
DNR-03467,35-44,TX,2024-08-20,Individual
DNR-03468,18-24,CA,2023-09-19,Corporate
DNR-03469,25-34,TX,2022-12-03,Individual
DNR-03470,45-54,CA,2022-07-24,Individual
DNR-03471,35-44,MI,2024-08-24,Individual
DNR-03472,55-64,NC,2024-07-31,Corporate
DNR-03473,35-44,NY,2022-04-13,Individual
DNR-03474,65+,NC,2023-03-28,Individual
DNR-03475,65+,CO,2021-05-18,Individual
DNR-03476,65+,NY,2024-01-07,Corporate
DNR-03477,25-34,IL,2023-07-04,Individual
DNR-03478,45-54,WA,2025-06-21,Individual
DNR-03479,45-54,GA,2025-10-23,Individual
DNR-03480,45-54,NC,2021-12-30,Individual
DNR-03481,25-34,CA,2022-07-23,Individual
DNR-03482,18-24,FL,2021-09-29,Individual
DNR-03483,45-54,GA,2022-05-15,Individual
DNR-03484,55-64,PA,2021-07-21,Individual
DNR-03485,25-34,CA,2025-06-06,Individual
DNR-03486,25-34,NC,2023-06-25,Individual
DNR-03487,35-44,MI,2024-04-22,Individual
DNR-03488,55-64,CA,2021-01-20,Individual
DNR-03489,55-64,FL,2025-01-14,Corporate
DNR-03490,45-54,GA,2024-04-21,Individual
DNR-03491,35-44,IL,2021-01-02,Individual
DNR-03492,35-44,GA,2023-10-06,Individual
DNR-03493,45-54,IL,2023-11-20,Individual
DNR-03494,35-44,WA,2025-11-12,Individual
DNR-03495,45-54,CA,2024-02-24,Individual
DNR-03496,35-44,PA,2025-03-30,Foundation
DNR-03497,25-34,CA,2023-11-10,Individual
DNR-03498,35-44,GA,2025-04-07,Individual
DNR-03499,45-54,TX,2022-12-03,Individual
DNR-03500,55-64,FL,2022-02-01,Individual
DNR-03501,35-44,NC,2022-09-22,Individual
DNR-03502,35-44,MI,2023-08-25,Individual
DNR-03503,25-34,TX,2022-03-07,Individual
DNR-03504,55-64,TX,2022-01-29,Individual
DNR-03505,35-44,NC,2024-06-03,Individual
DNR-03506,55-64,CO,2023-08-29,Individual
DNR-03507,25-34,IL,2022-07-06,Individual
DNR-03508,35-44,PA,2023-01-30,Individual
DNR-03509,35-44,OH,2025-08-26,Individual
DNR-03510,35-44,OH,2024-02-28,Individual
DNR-03511,35-44,TX,2021-04-24,Foundation
DNR-03512,18-24,CO,2023-07-25,Individual
DNR-03513,45-54,IL,2022-02-19,Individual
DNR-03514,35-44,OH,2025-09-02,Individual
DNR-03515,45-54,FL,2022-10-30,Individual
DNR-03516,55-64,CA,2024-06-18,Individual
DNR-03517,35-44,GA,2021-06-02,Individual
DNR-03518,65+,NY,2025-01-17,Individual
DNR-03519,45-54,CO,2025-05-19,Individual
DNR-03520,65+,MI,2023-09-25,Individual
DNR-03521,18-24,PA,2023-02-08,Individual
DNR-03522,35-44,IL,2022-07-20,Individual
DNR-03523,55-64,CA,2021-08-16,Individual
DNR-03524,45-54,TX,2022-10-27,Major Donor
DNR-03525,35-44,FL,2025-11-25,Individual
DNR-03526,25-34,MI,2024-02-25,Individual
DNR-03527,25-34,NC,2024-01-25,Individual
DNR-03528,18-24,CA,2025-08-01,Individual
DNR-03529,45-54,PA,2025-11-19,Individual
DNR-03530,55-64,CO,2025-10-14,Individual
DNR-03531,35-44,GA,2022-03-16,Individual
DNR-03532,45-54,CO,2023-01-12,Individual
DNR-03533,45-54,NY,2022-06-15,Individual
DNR-03534,35-44,OH,2021-10-15,Individual
DNR-03535,18-24,NC,2025-07-09,Individual
DNR-03536,35-44,NY,2021-05-04,Corporate
DNR-03537,18-24,NC,2024-03-04,Individual
DNR-03538,55-64,GA,2025-11-24,Individual
DNR-03539,45-54,CO,2022-08-02,Individual
DNR-03540,65+,CA,2021-06-04,Individual
DNR-03541,35-44,CA,2023-12-26,Individual
DNR-03542,45-54,FL,2024-03-21,Corporate
DNR-03543,45-54,IL,2025-03-20,Individual
DNR-03544,55-64,CO,2023-08-12,Individual
DNR-03545,18-24,WA,2021-11-08,Individual
DNR-03546,35-44,CO,2024-03-24,Individual
DNR-03547,35-44,NY,2025-02-23,Individual
DNR-03548,18-24,OH,2023-04-03,Individual
DNR-03549,35-44,TX,2021-02-08,Individual
DNR-03550,45-54,PA,2022-06-15,Corporate
DNR-03551,45-54,MI,2023-12-27,Individual
DNR-03552,45-54,MI,2022-12-28,Corporate
DNR-03553,25-34,IL,2021-11-09,Individual
DNR-03554,45-54,NY,2022-01-07,Individual
DNR-03555,35-44,CA,2025-05-16,Individual
DNR-03556,65+,WA,2022-11-02,Corporate
DNR-03557,25-34,IL,2022-03-04,Individual
DNR-03558,25-34,PA,2022-04-23,Foundation
DNR-03559,55-64,GA,2021-02-25,Individual
DNR-03560,35-44,GA,2021-09-10,Individual
DNR-03561,45-54,OH,2025-11-12,Individual
DNR-03562,35-44,FL,2021-04-11,Individual
DNR-03563,55-64,CA,2025-04-28,Individual
DNR-03564,45-54,NC,2021-12-25,Individual
DNR-03565,25-34,GA,2021-09-07,Individual
DNR-03566,45-54,PA,2025-02-25,Individual
DNR-03567,65+,NC,2023-05-01,Individual
DNR-03568,35-44,GA,2023-01-07,Individual
DNR-03569,55-64,OH,2021-02-03,Individual
DNR-03570,35-44,IL,2025-10-23,Individual
DNR-03571,65+,WA,2025-09-10,Individual
DNR-03572,45-54,WA,2022-09-08,Individual
DNR-03573,55-64,NY,2024-08-11,Individual
DNR-03574,55-64,NY,2022-07-17,Individual
DNR-03575,25-34,NY,2021-10-16,Individual
DNR-03576,25-34,GA,2021-09-20,Individual
DNR-03577,45-54,FL,2025-04-11,Individual
DNR-03578,35-44,MI,2025-11-10,Individual
DNR-03579,35-44,TX,2023-04-30,Individual
DNR-03580,45-54,WA,2023-11-29,Foundation
DNR-03581,65+,TX,2022-01-07,Individual
DNR-03582,35-44,WA,2021-03-03,Individual
DNR-03583,25-34,PA,2023-02-04,Corporate
DNR-03584,35-44,GA,2021-02-28,Individual
DNR-03585,25-34,OH,2021-03-12,Individual
DNR-03586,55-64,CO,2021-04-06,Individual
DNR-03587,25-34,PA,2023-12-12,Individual
DNR-03588,65+,CA,2022-04-02,Individual
DNR-03589,35-44,NC,2023-09-02,Individual
DNR-03590,45-54,WA,2023-06-21,Individual
DNR-03591,35-44,IL,2021-01-02,Individual
DNR-03592,45-54,MI,2021-09-20,Individual
DNR-03593,35-44,CO,2024-09-30,Individual
DNR-03594,25-34,FL,2025-08-30,Corporate
DNR-03595,65+,FL,2023-11-21,Individual
DNR-03596,25-34,OH,2024-09-12,Individual
DNR-03597,25-34,FL,2022-08-02,Corporate
DNR-03598,45-54,PA,2022-05-29,Individual
DNR-03599,45-54,NC,2024-12-26,Major Donor
DNR-03600,55-64,TX,2023-11-25,Individual
DNR-03601,45-54,MI,2022-11-03,Individual
DNR-03602,18-24,OH,2025-02-17,Foundation
DNR-03603,25-34,TX,2024-07-18,Individual
DNR-03604,18-24,FL,2021-01-30,Individual
DNR-03605,18-24,GA,2021-11-28,Individual
DNR-03606,25-34,MI,2023-09-18,Corporate
DNR-03607,25-34,MI,2023-04-11,Individual
DNR-03608,25-34,IL,2022-06-23,Individual
DNR-03609,65+,PA,2024-09-04,Individual
DNR-03610,55-64,GA,2022-01-17,Individual
DNR-03611,45-54,WA,2025-05-01,Individual
DNR-03612,35-44,CA,2025-10-20,Individual
DNR-03613,45-54,NC,2025-05-21,Individual
DNR-03614,65+,CA,2021-09-16,Individual
DNR-03615,35-44,PA,2021-09-04,Individual
DNR-03616,45-54,CA,2022-09-21,Individual
DNR-03617,25-34,NC,2025-11-11,Major Donor
DNR-03618,45-54,NY,2022-02-04,Individual
DNR-03619,35-44,MI,2022-02-11,Individual
DNR-03620,55-64,NC,2025-05-17,Individual
DNR-03621,35-44,FL,2021-04-07,Individual
DNR-03622,45-54,PA,2024-11-21,Foundation
DNR-03623,25-34,WA,2021-11-22,Individual
DNR-03624,55-64,CO,2025-10-26,Individual
DNR-03625,65+,OH,2021-11-08,Individual
DNR-03626,18-24,OH,2025-10-24,Individual
DNR-03627,35-44,OH,2022-08-31,Individual
DNR-03628,25-34,IL,2023-09-03,Individual
DNR-03629,45-54,WA,2021-01-01,Individual
DNR-03630,45-54,MI,2022-10-01,Individual
DNR-03631,35-44,TX,2021-05-17,Individual
DNR-03632,55-64,FL,2023-09-12,Individual
DNR-03633,45-54,OH,2023-03-13,Individual
DNR-03634,55-64,CA,2024-04-26,Individual
DNR-03635,25-34,OH,2022-04-09,Foundation
DNR-03636,45-54,WA,2021-09-10,Individual
DNR-03637,25-34,IL,2021-11-07,Individual
DNR-03638,45-54,NC,2025-04-07,Individual
DNR-03639,55-64,MI,2022-09-30,Individual
DNR-03640,35-44,CA,2023-08-23,Individual
DNR-03641,35-44,CA,2024-01-14,Individual
DNR-03642,35-44,IL,2025-03-25,Corporate
DNR-03643,55-64,CA,2021-03-25,Individual
DNR-03644,45-54,CO,2024-07-07,Individual
DNR-03645,35-44,IL,2024-11-17,Corporate
DNR-03646,25-34,CO,2022-04-06,Individual
DNR-03647,55-64,FL,2024-05-20,Foundation
DNR-03648,35-44,CO,2025-11-16,Individual
DNR-03649,45-54,IL,2023-06-05,Individual
DNR-03650,25-34,IL,2025-09-22,Individual
DNR-03651,35-44,IL,2024-08-04,Individual
DNR-03652,25-34,GA,2023-01-01,Individual
DNR-03653,25-34,OH,2022-05-13,Individual
DNR-03654,65+,CO,2024-09-25,Individual
DNR-03655,55-64,OH,2023-09-27,Individual
DNR-03656,65+,OH,2024-05-27,Individual
DNR-03657,45-54,WA,2021-03-28,Individual
DNR-03658,25-34,FL,2021-07-21,Individual
DNR-03659,45-54,MI,2023-01-09,Individual
DNR-03660,45-54,NY,2023-05-14,Individual
DNR-03661,35-44,GA,2022-12-13,Individual
DNR-03662,18-24,OH,2024-03-20,Corporate
DNR-03663,45-54,OH,2025-07-24,Individual
DNR-03664,25-34,TX,2024-10-02,Corporate
DNR-03665,35-44,IL,2021-02-19,Individual
DNR-03666,45-54,IL,2023-04-25,Individual
DNR-03667,35-44,FL,2023-01-05,Individual
DNR-03668,18-24,GA,2022-07-21,Individual
DNR-03669,25-34,TX,2024-12-02,Major Donor
DNR-03670,55-64,WA,2022-03-05,Individual
DNR-03671,55-64,TX,2022-10-22,Individual
DNR-03672,25-34,PA,2025-09-26,Individual
DNR-03673,55-64,FL,2024-06-16,Individual
DNR-03674,25-34,CO,2022-10-11,Individual
DNR-03675,35-44,GA,2021-07-05,Individual
DNR-03676,35-44,IL,2024-08-02,Individual
DNR-03677,35-44,GA,2025-10-20,Individual
DNR-03678,65+,PA,2023-01-11,Individual
DNR-03679,45-54,NC,2021-02-02,Individual
DNR-03680,35-44,NC,2024-12-05,Individual
DNR-03681,45-54,CA,2024-01-08,Individual
DNR-03682,45-54,WA,2022-02-11,Individual
DNR-03683,25-34,PA,2023-04-09,Corporate
DNR-03684,25-34,OH,2023-12-28,Individual
DNR-03685,45-54,IL,2021-08-01,Individual
DNR-03686,25-34,FL,2024-06-10,Individual
DNR-03687,25-34,TX,2023-06-26,Individual
DNR-03688,18-24,FL,2024-09-29,Major Donor
DNR-03689,25-34,FL,2025-09-03,Individual
DNR-03690,25-34,NY,2023-06-21,Individual
DNR-03691,18-24,MI,2022-08-31,Individual
DNR-03692,35-44,NC,2023-09-17,Individual
DNR-03693,25-34,NC,2024-03-09,Individual
DNR-03694,45-54,OH,2024-04-04,Individual
DNR-03695,55-64,PA,2025-03-10,Individual
DNR-03696,35-44,PA,2025-07-04,Individual
DNR-03697,35-44,CO,2022-04-26,Individual
DNR-03698,55-64,CO,2021-10-03,Individual
DNR-03699,45-54,CA,2022-05-21,Individual
DNR-03700,45-54,NC,2025-05-26,Major Donor
DNR-03701,55-64,FL,2022-10-05,Individual
DNR-03702,45-54,NC,2025-01-14,Individual
DNR-03703,35-44,MI,2025-08-09,Major Donor
DNR-03704,45-54,GA,2025-09-10,Individual
DNR-03705,65+,TX,2024-04-25,Individual
DNR-03706,45-54,NY,2021-02-15,Individual
DNR-03707,45-54,CA,2022-12-13,Individual
DNR-03708,65+,IL,2024-10-28,Individual
DNR-03709,55-64,NY,2024-03-12,Individual
DNR-03710,35-44,TX,2025-01-01,Individual
DNR-03711,35-44,NC,2023-03-23,Individual
DNR-03712,35-44,MI,2024-11-28,Individual
DNR-03713,65+,TX,2025-06-24,Corporate
DNR-03714,45-54,PA,2025-04-19,Individual
DNR-03715,45-54,CO,2025-11-02,Individual
DNR-03716,25-34,CA,2025-03-26,Individual
DNR-03717,35-44,TX,2024-06-11,Individual
DNR-03718,65+,TX,2025-02-09,Individual
DNR-03719,45-54,GA,2025-09-08,Individual
DNR-03720,25-34,OH,2025-02-01,Individual
DNR-03721,45-54,OH,2024-03-21,Individual
DNR-03722,25-34,PA,2023-02-20,Individual
DNR-03723,35-44,CO,2022-01-10,Individual
DNR-03724,35-44,TX,2023-06-01,Corporate
DNR-03725,25-34,WA,2022-06-18,Individual
DNR-03726,35-44,CA,2024-07-20,Individual
DNR-03727,55-64,NY,2023-12-09,Individual
DNR-03728,35-44,TX,2024-02-15,Individual
DNR-03729,35-44,NY,2021-01-04,Foundation
DNR-03730,18-24,MI,2022-11-01,Individual
DNR-03731,18-24,TX,2024-02-28,Individual
DNR-03732,35-44,NC,2022-01-22,Individual
DNR-03733,25-34,WA,2022-03-24,Major Donor
DNR-03734,45-54,GA,2021-11-13,Individual
DNR-03735,55-64,NC,2024-12-17,Individual
DNR-03736,35-44,MI,2021-11-01,Individual
DNR-03737,55-64,CA,2021-03-21,Foundation
DNR-03738,65+,CA,2025-07-12,Foundation
DNR-03739,45-54,TX,2022-12-16,Individual
DNR-03740,45-54,MI,2021-07-24,Individual
DNR-03741,65+,NC,2022-11-22,Foundation
DNR-03742,35-44,CA,2025-08-31,Individual
DNR-03743,35-44,PA,2024-10-01,Individual
DNR-03744,55-64,FL,2021-10-17,Individual
DNR-03745,35-44,GA,2025-06-15,Individual
DNR-03746,45-54,MI,2025-07-19,Individual
DNR-03747,25-34,WA,2021-07-22,Individual
DNR-03748,45-54,CO,2022-10-19,Corporate
DNR-03749,55-64,WA,2023-12-26,Individual
DNR-03750,25-34,FL,2022-02-16,Individual
DNR-03751,35-44,OH,2022-08-23,Foundation
DNR-03752,18-24,CA,2023-02-12,Individual
DNR-03753,45-54,IL,2022-10-21,Individual
DNR-03754,55-64,WA,2023-10-17,Major Donor
DNR-03755,55-64,FL,2024-12-02,Individual
DNR-03756,45-54,MI,2021-07-02,Individual
DNR-03757,35-44,NY,2024-01-17,Individual
DNR-03758,65+,OH,2023-12-31,Individual
DNR-03759,45-54,WA,2022-01-21,Individual
DNR-03760,35-44,TX,2025-11-25,Individual
DNR-03761,45-54,FL,2023-11-08,Individual
DNR-03762,25-34,FL,2021-07-22,Individual
DNR-03763,45-54,GA,2024-12-30,Individual
DNR-03764,45-54,NY,2022-02-28,Individual
DNR-03765,45-54,IL,2023-02-21,Individual
DNR-03766,45-54,PA,2021-01-10,Corporate
DNR-03767,55-64,PA,2021-12-29,Major Donor
DNR-03768,25-34,MI,2025-09-12,Individual
DNR-03769,25-34,OH,2022-05-20,Individual
DNR-03770,55-64,WA,2024-10-25,Individual
DNR-03771,55-64,CO,2022-09-27,Individual
DNR-03772,18-24,OH,2022-07-13,Individual
DNR-03773,65+,GA,2023-02-12,Individual
DNR-03774,45-54,OH,2022-06-04,Individual
DNR-03775,35-44,WA,2021-03-27,Individual
DNR-03776,45-54,CA,2024-11-13,Individual
DNR-03777,35-44,TX,2021-11-22,Corporate
DNR-03778,65+,IL,2024-01-05,Individual
DNR-03779,45-54,IL,2024-10-26,Individual
DNR-03780,55-64,IL,2024-01-04,Individual
DNR-03781,35-44,FL,2021-08-11,Individual
DNR-03782,35-44,TX,2021-06-27,Individual
DNR-03783,35-44,CA,2023-11-28,Major Donor
DNR-03784,55-64,TX,2021-08-17,Individual
DNR-03785,55-64,FL,2021-06-21,Individual
DNR-03786,35-44,TX,2023-06-12,Individual
DNR-03787,18-24,NC,2023-06-25,Individual
DNR-03788,55-64,CO,2025-04-20,Major Donor
DNR-03789,18-24,TX,2022-10-14,Individual
DNR-03790,25-34,TX,2022-12-01,Corporate
DNR-03791,65+,NY,2022-12-19,Individual
DNR-03792,65+,NC,2023-03-13,Individual
DNR-03793,45-54,PA,2021-05-11,Individual
DNR-03794,18-24,GA,2024-09-09,Individual
DNR-03795,45-54,IL,2021-05-23,Individual
DNR-03796,45-54,PA,2024-02-15,Individual
DNR-03797,18-24,NC,2021-04-27,Individual
DNR-03798,45-54,CO,2023-12-31,Individual
DNR-03799,25-34,CA,2022-10-21,Individual
DNR-03800,35-44,MI,2024-11-02,Individual
DNR-03801,55-64,CA,2021-04-30,Individual
DNR-03802,45-54,MI,2025-10-22,Individual
DNR-03803,45-54,GA,2024-01-23,Individual
DNR-03804,35-44,MI,2024-03-16,Individual
DNR-03805,45-54,WA,2023-03-04,Individual
DNR-03806,35-44,WA,2023-10-02,Individual
DNR-03807,55-64,GA,2023-07-21,Individual
DNR-03808,25-34,IL,2024-01-04,Corporate
DNR-03809,65+,OH,2024-07-28,Individual
DNR-03810,35-44,NY,2022-06-11,Corporate
DNR-03811,25-34,GA,2023-06-04,Individual
DNR-03812,45-54,FL,2023-04-21,Individual
DNR-03813,45-54,FL,2023-04-04,Individual
DNR-03814,35-44,CO,2023-04-12,Individual
DNR-03815,35-44,PA,2023-07-16,Individual
DNR-03816,35-44,CO,2022-11-23,Individual
DNR-03817,25-34,FL,2023-12-22,Individual
DNR-03818,55-64,WA,2024-03-10,Individual
DNR-03819,65+,NC,2025-05-25,Individual
DNR-03820,35-44,WA,2025-11-02,Individual
DNR-03821,25-34,CA,2022-09-21,Individual
DNR-03822,35-44,MI,2024-01-17,Individual
DNR-03823,25-34,NC,2023-04-25,Individual
DNR-03824,65+,OH,2021-11-17,Individual
DNR-03825,18-24,FL,2022-01-05,Foundation
DNR-03826,25-34,CO,2023-03-02,Individual
DNR-03827,25-34,OH,2024-10-25,Individual
DNR-03828,25-34,OH,2024-03-23,Individual
DNR-03829,55-64,TX,2022-10-11,Individual
DNR-03830,35-44,MI,2025-04-11,Foundation
DNR-03831,55-64,WA,2023-12-23,Individual
DNR-03832,25-34,NY,2021-07-18,Individual
DNR-03833,35-44,CA,2025-11-01,Corporate
DNR-03834,35-44,CO,2022-10-04,Foundation
DNR-03835,35-44,CA,2021-11-05,Foundation
DNR-03836,35-44,GA,2023-01-14,Individual
DNR-03837,25-34,IL,2023-08-31,Individual
DNR-03838,25-34,TX,2021-07-27,Individual
DNR-03839,45-54,MI,2021-12-01,Individual
DNR-03840,45-54,GA,2023-04-20,Individual
DNR-03841,45-54,FL,2024-12-04,Major Donor
DNR-03842,25-34,GA,2021-08-21,Individual
DNR-03843,25-34,OH,2021-07-18,Individual
DNR-03844,25-34,NY,2023-08-27,Individual
DNR-03845,55-64,GA,2024-04-15,Individual
DNR-03846,35-44,NY,2024-04-12,Individual
DNR-03847,45-54,PA,2023-10-05,Foundation
DNR-03848,18-24,TX,2021-06-24,Corporate
DNR-03849,35-44,TX,2024-07-02,Individual
DNR-03850,55-64,WA,2021-08-16,Major Donor
DNR-03851,35-44,CO,2022-02-08,Foundation
DNR-03852,25-34,MI,2025-06-12,Foundation
DNR-03853,45-54,MI,2025-06-26,Individual
DNR-03854,35-44,IL,2023-05-06,Major Donor
DNR-03855,65+,NY,2022-01-29,Individual
DNR-03856,25-34,WA,2023-09-30,Individual
DNR-03857,25-34,OH,2022-05-05,Individual
DNR-03858,45-54,WA,2022-11-23,Individual
DNR-03859,35-44,NY,2023-07-28,Individual
DNR-03860,65+,NY,2021-09-25,Corporate
DNR-03861,35-44,FL,2025-02-13,Individual
DNR-03862,18-24,WA,2023-08-21,Individual
DNR-03863,35-44,NC,2022-07-08,Individual
DNR-03864,35-44,CO,2025-10-15,Major Donor
DNR-03865,35-44,IL,2022-12-02,Individual
DNR-03866,35-44,CA,2024-02-06,Individual
DNR-03867,25-34,WA,2023-07-11,Corporate
DNR-03868,55-64,NY,2022-10-15,Corporate
DNR-03869,55-64,FL,2025-07-19,Individual
DNR-03870,18-24,MI,2021-06-02,Individual
DNR-03871,25-34,CA,2025-06-30,Individual
DNR-03872,45-54,PA,2021-01-20,Individual
DNR-03873,18-24,MI,2025-11-18,Corporate
DNR-03874,65+,WA,2024-07-06,Foundation
DNR-03875,45-54,MI,2025-11-24,Individual
DNR-03876,25-34,CO,2021-09-07,Individual
DNR-03877,45-54,CA,2021-06-16,Individual
DNR-03878,45-54,FL,2021-01-08,Individual
DNR-03879,35-44,WA,2021-04-13,Individual
DNR-03880,55-64,CO,2023-12-21,Individual
DNR-03881,25-34,IL,2023-10-12,Individual
DNR-03882,55-64,NY,2025-02-07,Individual
DNR-03883,18-24,TX,2023-06-26,Individual
DNR-03884,55-64,MI,2022-02-09,Individual
DNR-03885,45-54,CA,2022-01-23,Individual
DNR-03886,35-44,FL,2022-01-21,Individual
DNR-03887,55-64,IL,2021-11-29,Individual
DNR-03888,45-54,FL,2024-05-16,Individual
DNR-03889,35-44,FL,2023-05-24,Individual
DNR-03890,55-64,WA,2023-12-23,Individual
DNR-03891,25-34,NY,2022-05-31,Individual
DNR-03892,65+,NY,2021-05-09,Individual
DNR-03893,35-44,WA,2024-06-23,Individual
DNR-03894,35-44,CO,2025-04-15,Corporate
DNR-03895,45-54,PA,2024-10-13,Individual
DNR-03896,45-54,CA,2024-11-30,Individual
DNR-03897,55-64,GA,2024-03-11,Individual
DNR-03898,35-44,GA,2023-01-04,Individual
DNR-03899,35-44,CO,2022-09-07,Individual
DNR-03900,25-34,CO,2022-01-25,Individual
DNR-03901,55-64,PA,2022-12-24,Individual
DNR-03902,65+,GA,2025-06-19,Individual
DNR-03903,35-44,TX,2025-11-15,Corporate
DNR-03904,35-44,NY,2025-02-20,Individual
DNR-03905,35-44,WA,2025-11-24,Individual
DNR-03906,18-24,WA,2021-11-02,Individual
DNR-03907,65+,FL,2021-12-20,Individual
DNR-03908,35-44,IL,2021-07-14,Individual
DNR-03909,35-44,TX,2022-11-22,Individual
DNR-03910,55-64,IL,2022-09-14,Individual
DNR-03911,45-54,GA,2022-04-12,Individual
DNR-03912,55-64,GA,2023-06-06,Individual
DNR-03913,65+,CA,2024-09-25,Individual
DNR-03914,45-54,TX,2022-10-25,Individual
DNR-03915,35-44,FL,2022-04-27,Individual
DNR-03916,65+,WA,2023-05-03,Individual
DNR-03917,35-44,MI,2021-11-21,Individual
DNR-03918,45-54,NC,2023-05-29,Individual
DNR-03919,35-44,CO,2022-08-01,Individual
DNR-03920,45-54,GA,2025-11-05,Individual
DNR-03921,35-44,FL,2021-05-10,Individual
DNR-03922,45-54,PA,2022-03-05,Foundation
DNR-03923,65+,IL,2024-07-22,Corporate
DNR-03924,55-64,CO,2024-02-11,Individual
DNR-03925,65+,WA,2022-02-03,Corporate
DNR-03926,25-34,MI,2024-03-18,Major Donor
DNR-03927,55-64,GA,2024-06-02,Individual
DNR-03928,18-24,NC,2024-02-28,Individual
DNR-03929,25-34,PA,2021-07-15,Individual
DNR-03930,35-44,CO,2021-06-16,Individual
DNR-03931,35-44,FL,2022-06-29,Individual
DNR-03932,45-54,PA,2025-06-09,Individual
DNR-03933,35-44,FL,2025-10-03,Individual
DNR-03934,35-44,MI,2024-07-20,Individual
DNR-03935,55-64,PA,2023-09-16,Individual
DNR-03936,45-54,NC,2023-09-20,Major Donor
DNR-03937,45-54,MI,2022-02-14,Individual
DNR-03938,45-54,CO,2024-05-24,Individual
DNR-03939,35-44,FL,2022-02-04,Individual
DNR-03940,45-54,NY,2025-06-08,Individual
DNR-03941,25-34,NY,2022-09-03,Individual
DNR-03942,55-64,CA,2021-03-01,Individual
DNR-03943,65+,TX,2023-01-25,Individual
DNR-03944,45-54,MI,2023-07-04,Individual
DNR-03945,25-34,IL,2023-06-29,Individual
DNR-03946,45-54,GA,2023-07-23,Individual
DNR-03947,25-34,NY,2022-08-07,Individual
DNR-03948,35-44,GA,2021-09-11,Individual
DNR-03949,55-64,OH,2023-01-26,Individual
DNR-03950,35-44,PA,2024-02-01,Individual
DNR-03951,45-54,NY,2023-03-22,Individual
DNR-03952,45-54,MI,2024-08-11,Individual
DNR-03953,18-24,CO,2021-03-22,Corporate
DNR-03954,18-24,CA,2025-01-01,Individual
DNR-03955,35-44,CO,2021-10-14,Individual
DNR-03956,35-44,PA,2022-04-27,Individual
DNR-03957,35-44,CA,2022-11-24,Individual
DNR-03958,18-24,OH,2023-10-06,Individual
DNR-03959,45-54,NC,2024-08-07,Individual
DNR-03960,25-34,TX,2025-08-13,Individual
DNR-03961,55-64,FL,2021-08-25,Individual
DNR-03962,45-54,NY,2022-05-06,Individual
DNR-03963,45-54,GA,2021-04-18,Individual
DNR-03964,55-64,TX,2021-03-28,Individual
DNR-03965,35-44,OH,2025-11-18,Individual
DNR-03966,35-44,NC,2025-03-29,Individual
DNR-03967,18-24,CO,2025-04-17,Individual
DNR-03968,18-24,FL,2024-11-28,Individual
DNR-03969,25-34,GA,2024-04-22,Individual
DNR-03970,25-34,PA,2021-01-15,Individual
DNR-03971,25-34,FL,2023-11-09,Corporate
DNR-03972,65+,CO,2021-11-08,Individual
DNR-03973,45-54,NC,2024-06-29,Individual
DNR-03974,25-34,MI,2023-03-07,Individual
DNR-03975,35-44,IL,2022-06-09,Individual
DNR-03976,35-44,NY,2023-03-16,Individual
DNR-03977,45-54,NC,2023-07-02,Individual
DNR-03978,25-34,NY,2025-04-26,Individual
DNR-03979,45-54,FL,2023-03-05,Individual
DNR-03980,45-54,IL,2022-02-14,Individual
DNR-03981,25-34,MI,2025-09-02,Individual
DNR-03982,35-44,WA,2025-08-02,Individual
DNR-03983,55-64,IL,2024-07-06,Individual
DNR-03984,35-44,FL,2022-03-21,Individual
DNR-03985,35-44,GA,2025-08-26,Individual
DNR-03986,35-44,OH,2025-01-14,Individual
DNR-03987,65+,GA,2024-05-17,Individual
DNR-03988,55-64,WA,2024-02-23,Individual
DNR-03989,18-24,CA,2025-10-22,Foundation
DNR-03990,45-54,NY,2021-01-01,Corporate
DNR-03991,35-44,OH,2022-07-16,Foundation
DNR-03992,25-34,NY,2025-02-01,Individual
DNR-03993,25-34,OH,2023-01-24,Individual
DNR-03994,18-24,OH,2025-02-28,Corporate
DNR-03995,55-64,CA,2024-08-31,Individual
DNR-03996,35-44,FL,2022-09-11,Individual
DNR-03997,45-54,WA,2021-09-04,Corporate
DNR-03998,65+,GA,2025-06-12,Individual
DNR-03999,25-34,FL,2021-12-24,Individual
DNR-04000,45-54,NC,2023-07-22,Corporate
DNR-04001,45-54,GA,2022-07-14,Individual
DNR-04002,25-34,CA,2021-05-10,Individual
DNR-04003,18-24,GA,2023-03-26,Individual
DNR-04004,35-44,NY,2023-06-05,Individual
DNR-04005,45-54,IL,2024-03-27,Corporate
DNR-04006,35-44,IL,2024-12-24,Individual
DNR-04007,65+,FL,2021-02-19,Individual
DNR-04008,55-64,WA,2022-04-26,Individual
DNR-04009,55-64,OH,2021-04-01,Corporate
DNR-04010,35-44,FL,2024-02-19,Foundation
DNR-04011,18-24,PA,2025-01-05,Individual
DNR-04012,35-44,GA,2021-07-01,Individual
DNR-04013,45-54,PA,2024-01-21,Individual
DNR-04014,25-34,CO,2025-01-27,Individual
DNR-04015,25-34,OH,2024-08-02,Individual
DNR-04016,35-44,IL,2023-02-02,Individual
DNR-04017,55-64,GA,2021-10-30,Individual
DNR-04018,35-44,OH,2024-10-15,Individual
DNR-04019,55-64,PA,2021-06-27,Individual
DNR-04020,35-44,NC,2023-01-05,Individual
DNR-04021,55-64,PA,2025-10-31,Individual
DNR-04022,65+,TX,2023-11-04,Corporate
DNR-04023,45-54,CO,2024-05-11,Individual
DNR-04024,45-54,FL,2021-11-23,Corporate
DNR-04025,25-34,OH,2025-08-16,Individual
DNR-04026,45-54,NC,2021-08-18,Major Donor
DNR-04027,25-34,NC,2021-08-01,Individual
DNR-04028,45-54,WA,2024-09-23,Foundation
DNR-04029,35-44,PA,2024-12-24,Individual
DNR-04030,35-44,OH,2025-02-07,Individual
DNR-04031,35-44,MI,2023-12-08,Individual
DNR-04032,45-54,CA,2022-12-21,Individual
DNR-04033,35-44,CO,2022-04-08,Individual
DNR-04034,18-24,NC,2025-03-23,Individual
DNR-04035,25-34,CA,2025-06-27,Individual
DNR-04036,25-34,OH,2024-11-24,Foundation
DNR-04037,45-54,CA,2022-09-13,Individual
DNR-04038,18-24,IL,2025-07-27,Individual
DNR-04039,55-64,WA,2021-09-05,Individual
DNR-04040,35-44,CA,2021-05-27,Individual
DNR-04041,45-54,NY,2023-05-15,Foundation
DNR-04042,35-44,PA,2024-11-30,Individual
DNR-04043,45-54,GA,2022-03-03,Individual
DNR-04044,18-24,GA,2024-07-24,Individual
DNR-04045,35-44,IL,2021-03-06,Individual
DNR-04046,55-64,NC,2024-12-05,Individual
DNR-04047,45-54,MI,2025-04-26,Individual
DNR-04048,45-54,NY,2022-12-20,Foundation
DNR-04049,35-44,CA,2023-02-18,Individual
DNR-04050,25-34,FL,2023-08-31,Individual
DNR-04051,45-54,CA,2025-01-23,Individual
DNR-04052,35-44,MI,2023-07-21,Individual
DNR-04053,35-44,CO,2023-08-20,Individual
DNR-04054,45-54,CA,2025-10-17,Individual
DNR-04055,45-54,WA,2021-01-22,Individual
DNR-04056,35-44,CA,2025-05-19,Individual
DNR-04057,25-34,MI,2023-10-26,Individual
DNR-04058,45-54,CO,2023-03-06,Individual
DNR-04059,25-34,NC,2021-04-10,Individual
DNR-04060,35-44,TX,2023-10-03,Individual
DNR-04061,35-44,CA,2021-03-23,Individual
DNR-04062,55-64,FL,2024-11-07,Individual
DNR-04063,18-24,CO,2023-09-15,Individual
DNR-04064,25-34,OH,2025-07-11,Individual
DNR-04065,25-34,WA,2021-03-31,Individual
DNR-04066,25-34,GA,2024-04-10,Individual
DNR-04067,65+,CA,2025-07-14,Individual
DNR-04068,45-54,MI,2021-12-03,Individual
DNR-04069,35-44,CO,2024-02-27,Individual
DNR-04070,35-44,CO,2023-05-31,Individual
DNR-04071,25-34,GA,2023-01-25,Individual
DNR-04072,45-54,OH,2021-03-10,Individual
DNR-04073,25-34,WA,2021-05-18,Individual
DNR-04074,35-44,FL,2023-01-03,Individual
DNR-04075,18-24,CA,2025-11-29,Individual
DNR-04076,25-34,WA,2024-03-14,Individual
DNR-04077,25-34,CA,2024-01-24,Individual
DNR-04078,45-54,CA,2025-06-06,Individual
DNR-04079,25-34,IL,2024-02-21,Individual
DNR-04080,35-44,PA,2021-09-30,Individual
DNR-04081,18-24,NC,2021-05-03,Individual
DNR-04082,45-54,IL,2024-09-25,Individual
DNR-04083,65+,GA,2025-07-20,Individual
DNR-04084,45-54,GA,2025-06-29,Individual
DNR-04085,25-34,NC,2023-09-08,Individual
DNR-04086,55-64,CA,2024-07-21,Individual
DNR-04087,55-64,TX,2021-10-27,Individual
DNR-04088,35-44,CA,2025-10-30,Individual
DNR-04089,45-54,OH,2024-03-05,Individual
DNR-04090,65+,IL,2025-09-16,Individual
DNR-04091,35-44,PA,2023-04-13,Individual
DNR-04092,25-34,CO,2025-05-18,Individual
DNR-04093,45-54,FL,2023-02-05,Individual
DNR-04094,35-44,NC,2025-03-14,Corporate
DNR-04095,55-64,TX,2023-04-13,Individual
DNR-04096,35-44,CA,2022-05-10,Individual
DNR-04097,35-44,NC,2023-06-06,Individual
DNR-04098,55-64,WA,2021-06-23,Individual
DNR-04099,35-44,GA,2021-03-23,Individual
DNR-04100,65+,IL,2024-08-24,Individual
DNR-04101,35-44,IL,2025-09-09,Individual
DNR-04102,35-44,OH,2025-10-18,Foundation
DNR-04103,45-54,CO,2025-04-01,Corporate
DNR-04104,45-54,WA,2024-02-22,Corporate
DNR-04105,35-44,CA,2025-05-29,Individual
DNR-04106,35-44,NC,2024-11-17,Individual
DNR-04107,25-34,IL,2024-06-16,Individual
DNR-04108,45-54,FL,2022-07-10,Corporate
DNR-04109,35-44,FL,2022-10-04,Corporate
DNR-04110,65+,FL,2024-03-05,Individual
DNR-04111,45-54,IL,2025-08-19,Individual
DNR-04112,45-54,FL,2022-06-25,Individual
DNR-04113,55-64,CO,2025-04-23,Individual
DNR-04114,45-54,CO,2022-08-28,Individual
DNR-04115,25-34,GA,2024-01-17,Individual
DNR-04116,25-34,CO,2024-04-06,Individual
DNR-04117,25-34,MI,2025-11-30,Individual
DNR-04118,35-44,WA,2025-06-06,Individual
DNR-04119,25-34,GA,2025-07-17,Individual
DNR-04120,45-54,NC,2025-01-08,Individual
DNR-04121,45-54,IL,2022-12-01,Individual
DNR-04122,55-64,OH,2021-09-12,Foundation
DNR-04123,55-64,IL,2021-01-07,Individual
DNR-04124,65+,MI,2023-10-11,Individual
DNR-04125,45-54,FL,2025-08-09,Individual
DNR-04126,35-44,GA,2022-06-29,Individual
DNR-04127,35-44,PA,2024-05-04,Individual
DNR-04128,25-34,NY,2021-09-02,Individual
DNR-04129,25-34,NC,2021-03-26,Individual
DNR-04130,55-64,CO,2024-01-02,Individual
DNR-04131,18-24,WA,2024-11-07,Individual
DNR-04132,25-34,MI,2024-03-06,Individual
DNR-04133,35-44,FL,2025-01-13,Individual
DNR-04134,45-54,IL,2022-03-28,Individual
DNR-04135,25-34,NY,2024-02-06,Individual
DNR-04136,55-64,TX,2024-02-08,Individual
DNR-04137,35-44,NC,2025-07-09,Foundation
DNR-04138,25-34,MI,2024-06-16,Individual
DNR-04139,65+,GA,2025-02-25,Individual
DNR-04140,55-64,FL,2021-09-13,Individual
DNR-04141,25-34,TX,2022-05-11,Individual
DNR-04142,18-24,WA,2022-03-28,Individual
DNR-04143,55-64,OH,2022-09-24,Individual
DNR-04144,25-34,CA,2023-07-03,Individual
DNR-04145,35-44,CO,2023-04-17,Individual
DNR-04146,55-64,NY,2023-02-27,Corporate
DNR-04147,25-34,WA,2024-01-14,Individual
DNR-04148,55-64,PA,2023-10-04,Individual
DNR-04149,35-44,OH,2022-10-22,Individual
DNR-04150,25-34,TX,2025-09-13,Individual
DNR-04151,55-64,WA,2024-12-11,Individual
DNR-04152,35-44,FL,2023-02-13,Individual
DNR-04153,25-34,CO,2022-10-06,Individual
DNR-04154,35-44,GA,2022-08-19,Corporate
DNR-04155,45-54,WA,2021-02-19,Individual
DNR-04156,45-54,NY,2024-11-29,Individual
DNR-04157,35-44,NY,2023-03-08,Individual
DNR-04158,35-44,OH,2023-10-03,Individual
DNR-04159,35-44,IL,2021-07-03,Individual
DNR-04160,25-34,TX,2023-01-21,Corporate
DNR-04161,45-54,NC,2021-12-12,Individual
DNR-04162,25-34,NY,2024-05-11,Individual
DNR-04163,55-64,CA,2023-02-21,Individual
DNR-04164,25-34,CO,2024-12-19,Corporate
DNR-04165,18-24,IL,2024-02-07,Individual
DNR-04166,25-34,OH,2023-07-17,Individual
DNR-04167,25-34,OH,2022-07-25,Corporate
DNR-04168,18-24,CA,2022-10-01,Individual
DNR-04169,45-54,CO,2024-06-25,Individual
DNR-04170,35-44,OH,2021-12-27,Individual
DNR-04171,55-64,FL,2021-12-10,Individual
DNR-04172,18-24,CA,2024-05-19,Individual
DNR-04173,25-34,CA,2022-07-06,Individual
DNR-04174,55-64,CO,2025-05-15,Individual
DNR-04175,65+,FL,2022-01-02,Individual
DNR-04176,55-64,IL,2025-05-31,Individual
DNR-04177,35-44,NY,2023-11-18,Individual
DNR-04178,18-24,TX,2023-03-18,Individual
DNR-04179,55-64,PA,2025-09-30,Individual
DNR-04180,35-44,GA,2024-03-21,Individual
DNR-04181,45-54,TX,2021-12-25,Individual
DNR-04182,18-24,OH,2024-08-03,Individual
DNR-04183,35-44,GA,2021-10-06,Individual
DNR-04184,45-54,CO,2024-10-19,Individual
DNR-04185,35-44,WA,2023-04-08,Corporate
DNR-04186,45-54,CO,2023-12-01,Individual
DNR-04187,55-64,NC,2025-09-12,Individual
DNR-04188,55-64,TX,2023-04-15,Individual
DNR-04189,18-24,PA,2025-07-07,Individual
DNR-04190,45-54,OH,2025-09-21,Individual
DNR-04191,35-44,PA,2023-02-23,Individual
DNR-04192,18-24,OH,2023-09-25,Individual
DNR-04193,25-34,MI,2025-05-07,Individual
DNR-04194,25-34,IL,2025-06-07,Individual
DNR-04195,18-24,FL,2023-03-23,Individual
DNR-04196,35-44,CO,2023-06-19,Individual
DNR-04197,25-34,TX,2023-08-11,Individual
DNR-04198,25-34,TX,2023-05-02,Foundation
DNR-04199,35-44,NY,2024-08-03,Corporate
DNR-04200,35-44,WA,2022-12-19,Individual
DNR-04201,45-54,PA,2025-11-22,Individual
DNR-04202,35-44,GA,2025-08-09,Individual
DNR-04203,25-34,NC,2021-05-19,Individual
DNR-04204,25-34,CO,2021-12-06,Individual
DNR-04205,18-24,NC,2024-12-27,Individual
DNR-04206,35-44,GA,2022-03-24,Individual
DNR-04207,45-54,PA,2023-04-07,Individual
DNR-04208,35-44,NC,2024-06-27,Individual
DNR-04209,35-44,GA,2024-04-14,Individual
DNR-04210,18-24,NC,2023-06-07,Individual
DNR-04211,35-44,TX,2025-02-01,Individual
DNR-04212,45-54,GA,2025-08-17,Individual
DNR-04213,25-34,TX,2025-02-07,Individual
DNR-04214,25-34,OH,2025-04-10,Corporate
DNR-04215,18-24,IL,2022-07-19,Individual
DNR-04216,25-34,MI,2021-01-25,Foundation
DNR-04217,55-64,TX,2022-02-01,Individual
DNR-04218,25-34,FL,2023-05-25,Individual
DNR-04219,25-34,NY,2021-01-02,Major Donor
DNR-04220,55-64,FL,2022-06-28,Individual
DNR-04221,25-34,WA,2023-08-18,Corporate
DNR-04222,45-54,PA,2023-10-08,Individual
DNR-04223,35-44,GA,2024-06-17,Individual
DNR-04224,45-54,CO,2022-06-13,Individual
DNR-04225,35-44,TX,2022-11-09,Individual
DNR-04226,45-54,NC,2024-09-29,Individual
DNR-04227,45-54,FL,2024-10-29,Individual
DNR-04228,35-44,IL,2022-04-09,Individual
DNR-04229,35-44,CO,2022-11-04,Foundation
DNR-04230,45-54,IL,2023-04-09,Individual
DNR-04231,45-54,FL,2021-08-07,Individual
DNR-04232,25-34,CA,2022-05-25,Individual
DNR-04233,35-44,CO,2024-11-29,Individual
DNR-04234,35-44,CA,2023-03-30,Individual
DNR-04235,35-44,WA,2022-05-12,Individual
DNR-04236,65+,NY,2021-05-16,Individual
DNR-04237,35-44,OH,2023-06-12,Individual
DNR-04238,35-44,PA,2023-08-28,Major Donor
DNR-04239,35-44,GA,2021-08-31,Individual
DNR-04240,35-44,FL,2023-03-23,Individual
DNR-04241,55-64,PA,2022-08-10,Individual
DNR-04242,45-54,CA,2021-11-23,Individual
DNR-04243,55-64,NY,2021-07-26,Individual
DNR-04244,35-44,CA,2021-11-04,Individual
DNR-04245,45-54,NY,2025-06-14,Individual
DNR-04246,18-24,IL,2021-01-05,Individual
DNR-04247,45-54,CO,2025-09-24,Individual
DNR-04248,25-34,TX,2023-01-02,Individual
DNR-04249,18-24,MI,2022-09-27,Individual
DNR-04250,45-54,FL,2021-06-18,Major Donor
DNR-04251,35-44,GA,2025-06-05,Individual
DNR-04252,35-44,NC,2021-08-09,Individual
DNR-04253,35-44,CA,2021-05-27,Individual
DNR-04254,25-34,WA,2023-08-05,Individual
DNR-04255,25-34,MI,2025-05-09,Individual
DNR-04256,18-24,PA,2022-04-04,Individual
DNR-04257,35-44,GA,2024-09-23,Individual
DNR-04258,35-44,WA,2023-01-05,Foundation
DNR-04259,35-44,FL,2024-12-16,Individual
DNR-04260,35-44,PA,2025-06-15,Major Donor
DNR-04261,25-34,TX,2022-03-08,Individual
DNR-04262,45-54,CA,2021-03-17,Individual
DNR-04263,35-44,TX,2021-10-30,Individual
DNR-04264,55-64,CO,2025-01-20,Individual
DNR-04265,45-54,OH,2022-10-18,Individual
DNR-04266,45-54,WA,2023-04-20,Individual
DNR-04267,35-44,CO,2024-02-05,Individual
DNR-04268,45-54,PA,2022-03-06,Corporate
DNR-04269,35-44,NY,2021-11-17,Individual
DNR-04270,55-64,OH,2021-03-06,Individual
DNR-04271,35-44,OH,2022-01-18,Individual
DNR-04272,35-44,TX,2025-05-25,Individual
DNR-04273,65+,OH,2025-07-29,Individual
DNR-04274,65+,MI,2024-09-10,Individual
DNR-04275,18-24,TX,2025-11-13,Individual
DNR-04276,35-44,PA,2022-05-29,Individual
DNR-04277,25-34,NC,2021-10-31,Individual
DNR-04278,25-34,FL,2024-05-21,Individual
DNR-04279,18-24,NY,2025-01-16,Individual
DNR-04280,35-44,MI,2024-07-17,Individual
DNR-04281,25-34,NC,2023-02-03,Individual
DNR-04282,35-44,WA,2022-02-18,Individual
DNR-04283,35-44,NC,2025-10-23,Individual
DNR-04284,65+,MI,2023-03-12,Corporate
DNR-04285,55-64,CO,2024-06-07,Individual
DNR-04286,65+,MI,2025-06-27,Individual
DNR-04287,65+,GA,2024-01-26,Individual
DNR-04288,18-24,MI,2021-04-02,Individual
DNR-04289,18-24,OH,2024-07-08,Foundation
DNR-04290,45-54,FL,2023-08-08,Corporate
DNR-04291,25-34,IL,2022-10-08,Individual
DNR-04292,55-64,FL,2022-09-07,Corporate
DNR-04293,25-34,IL,2024-09-30,Corporate
DNR-04294,18-24,GA,2021-01-09,Individual
DNR-04295,35-44,CA,2022-05-05,Individual
DNR-04296,45-54,NC,2025-07-02,Individual
DNR-04297,55-64,CO,2023-05-04,Individual
DNR-04298,55-64,MI,2025-06-16,Individual
DNR-04299,65+,FL,2024-09-20,Individual
DNR-04300,35-44,CA,2023-12-30,Individual
DNR-04301,65+,NC,2025-10-18,Individual
DNR-04302,45-54,FL,2025-01-26,Individual
DNR-04303,18-24,WA,2021-01-30,Individual
DNR-04304,18-24,TX,2022-05-18,Foundation
DNR-04305,25-34,IL,2025-03-15,Individual
DNR-04306,25-34,OH,2024-10-07,Individual
DNR-04307,35-44,IL,2022-02-22,Individual
DNR-04308,45-54,WA,2022-09-26,Major Donor
DNR-04309,25-34,CA,2021-05-21,Individual
DNR-04310,65+,CA,2025-10-14,Foundation
DNR-04311,55-64,IL,2025-05-14,Individual
DNR-04312,35-44,CA,2022-01-02,Individual
DNR-04313,55-64,GA,2023-10-22,Individual
DNR-04314,45-54,IL,2023-11-13,Individual
DNR-04315,55-64,PA,2025-05-28,Individual
DNR-04316,25-34,IL,2021-12-28,Individual
DNR-04317,65+,CA,2025-01-25,Individual
DNR-04318,35-44,NC,2021-05-10,Individual
DNR-04319,25-34,WA,2025-07-28,Individual
DNR-04320,55-64,OH,2022-12-21,Individual
DNR-04321,55-64,OH,2021-08-01,Individual
DNR-04322,45-54,GA,2022-03-11,Individual
DNR-04323,45-54,CO,2025-05-04,Individual
DNR-04324,65+,GA,2022-04-10,Individual
DNR-04325,35-44,WA,2024-02-16,Individual
DNR-04326,18-24,GA,2023-01-26,Individual
DNR-04327,35-44,WA,2022-01-21,Individual
DNR-04328,35-44,NY,2023-02-02,Individual
DNR-04329,25-34,CA,2022-10-08,Corporate
DNR-04330,55-64,MI,2024-05-02,Individual
DNR-04331,45-54,NC,2021-10-06,Individual
DNR-04332,25-34,NY,2025-01-26,Individual
DNR-04333,35-44,IL,2025-05-30,Individual
DNR-04334,35-44,CA,2024-01-05,Individual
DNR-04335,45-54,TX,2021-04-23,Foundation
DNR-04336,35-44,TX,2024-11-26,Individual
DNR-04337,35-44,CA,2022-07-29,Individual
DNR-04338,35-44,CO,2023-12-24,Individual
DNR-04339,18-24,IL,2022-09-07,Individual
DNR-04340,25-34,TX,2022-11-03,Individual
DNR-04341,55-64,PA,2023-12-12,Individual
DNR-04342,25-34,PA,2021-08-21,Individual
DNR-04343,25-34,FL,2022-10-14,Corporate
DNR-04344,25-34,IL,2024-04-07,Individual
DNR-04345,45-54,NC,2022-09-30,Individual
DNR-04346,45-54,MI,2025-10-26,Individual
DNR-04347,35-44,NC,2025-11-18,Individual
DNR-04348,55-64,NY,2024-09-09,Individual
DNR-04349,35-44,WA,2022-10-01,Corporate
DNR-04350,18-24,CA,2022-11-14,Individual
DNR-04351,45-54,CA,2021-07-13,Foundation
DNR-04352,55-64,OH,2023-09-04,Individual
DNR-04353,25-34,NC,2024-01-15,Individual
DNR-04354,35-44,TX,2025-06-15,Individual
DNR-04355,45-54,CA,2024-08-21,Corporate
DNR-04356,35-44,CO,2024-07-15,Individual
DNR-04357,45-54,WA,2024-12-21,Individual
DNR-04358,35-44,WA,2023-11-10,Individual
DNR-04359,45-54,CO,2023-12-08,Corporate
DNR-04360,35-44,FL,2025-05-09,Individual
DNR-04361,45-54,OH,2021-05-02,Individual
DNR-04362,35-44,TX,2022-01-30,Individual
DNR-04363,35-44,MI,2023-04-09,Major Donor
DNR-04364,45-54,CA,2022-08-13,Individual
DNR-04365,45-54,GA,2024-12-18,Individual
DNR-04366,35-44,FL,2021-01-03,Major Donor
DNR-04367,25-34,TX,2025-03-10,Individual
DNR-04368,25-34,WA,2025-07-26,Individual
DNR-04369,18-24,FL,2022-05-25,Individual
DNR-04370,18-24,OH,2025-03-06,Individual
DNR-04371,25-34,CA,2021-09-30,Foundation
DNR-04372,25-34,CA,2024-03-22,Individual
DNR-04373,35-44,PA,2025-08-27,Individual
DNR-04374,25-34,WA,2022-02-27,Individual
DNR-04375,35-44,OH,2025-05-28,Individual
DNR-04376,45-54,GA,2023-02-15,Individual
DNR-04377,45-54,FL,2024-09-20,Individual
DNR-04378,55-64,WA,2023-03-09,Individual
DNR-04379,65+,OH,2022-05-13,Individual
DNR-04380,35-44,TX,2021-04-11,Individual
DNR-04381,55-64,CO,2021-05-06,Individual
DNR-04382,25-34,CA,2023-07-29,Individual
DNR-04383,25-34,OH,2022-08-12,Individual
DNR-04384,55-64,NC,2025-04-25,Individual
DNR-04385,35-44,WA,2021-05-14,Individual
DNR-04386,45-54,IL,2022-04-05,Individual
DNR-04387,35-44,TX,2025-09-16,Individual
DNR-04388,65+,NY,2023-09-11,Individual
DNR-04389,35-44,FL,2025-05-19,Individual
DNR-04390,65+,CA,2024-02-04,Individual
DNR-04391,35-44,CO,2022-07-03,Individual
DNR-04392,45-54,IL,2021-07-22,Individual
DNR-04393,18-24,CA,2025-03-09,Individual
DNR-04394,25-34,FL,2022-05-10,Corporate
DNR-04395,65+,MI,2025-04-01,Foundation
DNR-04396,35-44,TX,2024-03-22,Individual
DNR-04397,35-44,TX,2024-07-09,Individual
DNR-04398,45-54,NC,2021-02-10,Individual
DNR-04399,18-24,FL,2023-05-10,Individual
DNR-04400,35-44,OH,2022-01-19,Individual
DNR-04401,25-34,FL,2022-05-30,Individual
DNR-04402,55-64,MI,2024-07-11,Individual
DNR-04403,25-34,GA,2024-03-03,Individual
DNR-04404,25-34,NY,2024-07-03,Individual
DNR-04405,35-44,FL,2025-10-23,Individual
DNR-04406,25-34,NC,2023-12-27,Individual
DNR-04407,25-34,TX,2021-02-03,Individual
DNR-04408,18-24,GA,2022-04-19,Individual
DNR-04409,45-54,CA,2023-04-25,Individual
DNR-04410,45-54,CO,2024-10-26,Major Donor
DNR-04411,25-34,PA,2021-10-05,Individual
DNR-04412,18-24,MI,2021-07-18,Individual
DNR-04413,35-44,MI,2023-04-18,Individual
DNR-04414,25-34,FL,2023-07-11,Corporate
DNR-04415,55-64,MI,2024-06-06,Individual
DNR-04416,65+,FL,2024-01-05,Individual
DNR-04417,25-34,TX,2021-04-01,Individual
DNR-04418,45-54,GA,2024-09-08,Individual
DNR-04419,55-64,PA,2025-08-01,Major Donor
DNR-04420,45-54,MI,2021-07-24,Individual
DNR-04421,45-54,PA,2022-07-23,Individual
DNR-04422,45-54,NY,2025-03-23,Individual
DNR-04423,45-54,NY,2025-02-22,Individual
DNR-04424,25-34,TX,2024-09-28,Individual
DNR-04425,45-54,FL,2022-04-25,Individual
DNR-04426,25-34,GA,2025-08-22,Individual
DNR-04427,25-34,TX,2021-05-06,Individual
DNR-04428,65+,FL,2021-03-06,Individual
DNR-04429,55-64,IL,2023-01-21,Individual
DNR-04430,25-34,CA,2025-09-06,Individual
DNR-04431,35-44,NY,2025-09-04,Corporate
DNR-04432,45-54,WA,2021-12-17,Individual
DNR-04433,25-34,TX,2025-09-23,Corporate
DNR-04434,35-44,OH,2022-03-10,Individual
DNR-04435,25-34,CO,2022-04-15,Individual
DNR-04436,55-64,NC,2023-12-02,Individual
DNR-04437,65+,PA,2024-04-26,Corporate
DNR-04438,65+,NC,2023-07-17,Individual
DNR-04439,65+,OH,2024-09-14,Individual
DNR-04440,55-64,IL,2021-12-19,Individual
DNR-04441,25-34,CO,2022-10-09,Individual
DNR-04442,18-24,OH,2025-06-23,Individual
DNR-04443,45-54,CA,2022-08-29,Individual
DNR-04444,55-64,TX,2025-11-27,Individual
DNR-04445,45-54,CA,2021-04-21,Individual
DNR-04446,65+,MI,2024-02-22,Individual
DNR-04447,25-34,NC,2024-12-30,Individual
DNR-04448,25-34,TX,2022-01-04,Individual
DNR-04449,35-44,MI,2022-05-08,Corporate
DNR-04450,25-34,NC,2024-01-19,Corporate
DNR-04451,45-54,IL,2021-06-21,Individual
DNR-04452,25-34,TX,2022-06-19,Individual
DNR-04453,55-64,FL,2021-04-01,Individual
DNR-04454,25-34,WA,2021-10-14,Individual
DNR-04455,45-54,CA,2021-07-03,Individual
DNR-04456,45-54,CO,2023-05-15,Individual
DNR-04457,25-34,IL,2025-04-06,Individual
DNR-04458,18-24,NY,2025-10-02,Individual
DNR-04459,45-54,NY,2025-05-17,Individual
DNR-04460,18-24,PA,2025-11-03,Individual
DNR-04461,55-64,MI,2021-12-04,Individual
DNR-04462,25-34,CA,2021-06-16,Individual
DNR-04463,45-54,PA,2023-06-19,Individual
DNR-04464,45-54,MI,2021-04-28,Individual
DNR-04465,65+,PA,2021-02-22,Individual
DNR-04466,55-64,NC,2023-02-16,Individual
DNR-04467,35-44,TX,2024-08-15,Individual
DNR-04468,25-34,WA,2021-06-24,Individual
DNR-04469,35-44,NC,2024-03-26,Individual
DNR-04470,25-34,IL,2025-04-22,Individual
DNR-04471,18-24,OH,2023-10-24,Individual
DNR-04472,35-44,NY,2023-08-19,Individual
DNR-04473,18-24,IL,2021-04-01,Individual
DNR-04474,45-54,CA,2022-05-19,Individual
DNR-04475,25-34,TX,2023-01-11,Individual
DNR-04476,25-34,OH,2023-04-10,Individual
DNR-04477,35-44,PA,2021-11-02,Individual
DNR-04478,35-44,TX,2023-01-27,Individual
DNR-04479,45-54,NC,2025-05-27,Individual
DNR-04480,35-44,OH,2025-01-02,Individual
DNR-04481,45-54,MI,2022-03-02,Individual
DNR-04482,35-44,NY,2024-02-18,Individual
DNR-04483,45-54,NC,2025-05-01,Individual
DNR-04484,18-24,NY,2022-01-14,Individual
DNR-04485,25-34,NC,2021-09-08,Corporate
DNR-04486,65+,CO,2021-09-12,Corporate
DNR-04487,45-54,WA,2021-01-11,Individual
DNR-04488,35-44,FL,2021-12-30,Individual
DNR-04489,45-54,FL,2023-11-23,Individual
DNR-04490,35-44,FL,2023-12-19,Individual
DNR-04491,25-34,OH,2021-11-14,Individual
DNR-04492,45-54,NC,2024-06-21,Individual
DNR-04493,45-54,IL,2024-03-16,Individual
DNR-04494,18-24,OH,2023-04-15,Individual
DNR-04495,35-44,CO,2025-03-30,Individual
DNR-04496,25-34,IL,2025-09-27,Individual
DNR-04497,35-44,NY,2025-05-13,Individual
DNR-04498,65+,WA,2025-08-11,Individual
DNR-04499,65+,PA,2023-03-10,Individual
DNR-04500,55-64,TX,2025-04-01,Individual
DNR-04501,45-54,PA,2023-04-06,Individual
DNR-04502,25-34,FL,2022-11-28,Individual
DNR-04503,18-24,CA,2025-11-08,Corporate
DNR-04504,35-44,IL,2023-08-21,Individual
DNR-04505,45-54,NC,2025-11-03,Individual
DNR-04506,18-24,FL,2023-11-01,Corporate
DNR-04507,25-34,CO,2025-02-05,Individual
DNR-04508,55-64,IL,2023-10-23,Individual
DNR-04509,25-34,MI,2022-11-11,Individual
DNR-04510,45-54,PA,2025-08-31,Individual
DNR-04511,45-54,IL,2021-03-18,Individual
DNR-04512,25-34,PA,2022-05-05,Individual
DNR-04513,25-34,PA,2022-02-02,Individual
DNR-04514,45-54,TX,2024-12-22,Individual
DNR-04515,25-34,MI,2025-07-09,Individual
DNR-04516,45-54,CA,2023-07-21,Individual
DNR-04517,65+,FL,2024-01-20,Individual
DNR-04518,45-54,GA,2024-04-30,Individual
DNR-04519,45-54,FL,2022-03-20,Individual
DNR-04520,55-64,CO,2021-03-22,Corporate
DNR-04521,65+,MI,2021-06-07,Foundation
DNR-04522,55-64,PA,2025-04-09,Individual
DNR-04523,65+,OH,2023-03-09,Individual
DNR-04524,55-64,NY,2025-05-15,Individual
DNR-04525,25-34,NY,2021-01-22,Corporate
DNR-04526,25-34,OH,2025-07-19,Individual
DNR-04527,55-64,NC,2021-08-18,Individual
DNR-04528,35-44,GA,2021-01-27,Individual
DNR-04529,25-34,IL,2024-07-28,Individual
DNR-04530,25-34,CO,2025-08-13,Major Donor
DNR-04531,55-64,WA,2023-05-01,Corporate
DNR-04532,45-54,PA,2022-03-14,Individual
DNR-04533,18-24,MI,2021-10-02,Corporate
DNR-04534,55-64,WA,2021-05-26,Individual
DNR-04535,25-34,IL,2025-04-30,Individual
DNR-04536,35-44,PA,2022-04-08,Individual
DNR-04537,25-34,OH,2025-09-13,Individual
DNR-04538,45-54,FL,2022-02-03,Individual
DNR-04539,25-34,FL,2024-05-27,Individual
DNR-04540,35-44,CA,2023-07-14,Individual
DNR-04541,18-24,CO,2021-07-08,Individual
DNR-04542,25-34,NC,2025-10-22,Individual
DNR-04543,18-24,PA,2023-04-15,Foundation
DNR-04544,55-64,FL,2024-07-15,Individual
DNR-04545,35-44,CO,2023-10-06,Foundation
DNR-04546,25-34,CO,2021-04-05,Individual
DNR-04547,55-64,NY,2021-09-21,Individual
DNR-04548,18-24,FL,2022-01-31,Corporate
DNR-04549,55-64,CA,2023-01-10,Individual
DNR-04550,18-24,TX,2025-08-03,Corporate
DNR-04551,35-44,CO,2024-11-03,Individual
DNR-04552,25-34,FL,2022-03-12,Individual
DNR-04553,35-44,OH,2022-06-05,Corporate
DNR-04554,35-44,CA,2023-11-09,Individual
DNR-04555,35-44,NC,2023-09-22,Individual
DNR-04556,45-54,NC,2024-08-12,Corporate
DNR-04557,45-54,NY,2025-08-30,Individual
DNR-04558,55-64,NY,2021-08-26,Individual
DNR-04559,35-44,FL,2025-06-14,Individual
DNR-04560,35-44,WA,2022-12-03,Individual
DNR-04561,35-44,OH,2024-02-01,Individual
DNR-04562,45-54,MI,2021-04-05,Individual
DNR-04563,25-34,PA,2025-01-22,Individual
DNR-04564,18-24,NY,2023-07-14,Individual
DNR-04565,45-54,CO,2023-11-06,Individual
DNR-04566,35-44,TX,2021-05-13,Individual
DNR-04567,35-44,IL,2021-02-02,Individual
DNR-04568,35-44,MI,2024-04-08,Individual
DNR-04569,65+,OH,2024-12-17,Individual
DNR-04570,55-64,WA,2025-04-20,Individual
DNR-04571,45-54,MI,2022-08-31,Individual
DNR-04572,45-54,GA,2025-03-08,Individual
DNR-04573,35-44,NC,2021-07-03,Corporate
DNR-04574,35-44,MI,2025-05-24,Individual
DNR-04575,45-54,IL,2022-05-24,Individual
DNR-04576,55-64,MI,2021-02-13,Individual
DNR-04577,55-64,TX,2024-06-21,Individual
DNR-04578,55-64,FL,2022-01-25,Individual
DNR-04579,55-64,OH,2022-08-26,Individual
DNR-04580,65+,NY,2023-04-08,Individual
DNR-04581,18-24,NC,2023-04-16,Individual
DNR-04582,45-54,GA,2023-08-27,Individual
DNR-04583,55-64,WA,2025-04-14,Individual
DNR-04584,25-34,NC,2023-06-25,Individual
DNR-04585,45-54,PA,2025-01-23,Individual
DNR-04586,65+,WA,2024-10-04,Individual
DNR-04587,35-44,WA,2022-05-15,Corporate
DNR-04588,55-64,IL,2024-02-24,Individual
DNR-04589,35-44,OH,2025-08-23,Individual
DNR-04590,25-34,CO,2024-09-21,Individual
DNR-04591,35-44,NC,2024-03-05,Individual
DNR-04592,25-34,MI,2025-07-06,Individual
DNR-04593,45-54,OH,2025-04-12,Individual
DNR-04594,55-64,OH,2024-09-15,Individual
DNR-04595,35-44,CA,2024-03-19,Individual
DNR-04596,45-54,OH,2025-08-26,Individual
DNR-04597,45-54,TX,2021-07-21,Individual
DNR-04598,35-44,MI,2025-04-19,Individual
DNR-04599,55-64,IL,2022-11-21,Major Donor
DNR-04600,25-34,NC,2025-09-24,Individual
DNR-04601,55-64,IL,2021-11-02,Individual
DNR-04602,45-54,NY,2025-10-07,Individual
DNR-04603,65+,GA,2025-10-17,Individual
DNR-04604,18-24,NC,2025-03-21,Individual
DNR-04605,65+,OH,2023-06-09,Individual
DNR-04606,25-34,OH,2021-05-09,Major Donor
DNR-04607,25-34,FL,2023-10-29,Individual
DNR-04608,55-64,NY,2025-07-26,Individual
DNR-04609,35-44,NY,2021-04-09,Foundation
DNR-04610,25-34,WA,2024-06-07,Individual
DNR-04611,45-54,NY,2024-05-27,Individual
DNR-04612,25-34,WA,2023-07-18,Individual
DNR-04613,45-54,GA,2023-12-05,Individual
DNR-04614,25-34,CO,2024-08-07,Individual
DNR-04615,25-34,NY,2023-01-25,Individual
DNR-04616,45-54,OH,2023-10-12,Individual
DNR-04617,65+,TX,2021-11-29,Individual
DNR-04618,55-64,WA,2025-01-26,Individual
DNR-04619,35-44,NC,2021-09-24,Individual
DNR-04620,55-64,CO,2025-06-24,Individual
DNR-04621,65+,NY,2024-07-04,Individual
DNR-04622,65+,CA,2021-11-26,Individual
DNR-04623,18-24,NC,2025-04-25,Individual
DNR-04624,18-24,FL,2024-10-13,Individual
DNR-04625,25-34,TX,2022-02-11,Individual
DNR-04626,65+,FL,2022-10-06,Individual
DNR-04627,35-44,GA,2022-12-08,Corporate
DNR-04628,35-44,FL,2024-01-21,Corporate
DNR-04629,65+,WA,2025-10-06,Major Donor
DNR-04630,25-34,OH,2021-07-28,Individual
DNR-04631,35-44,NC,2021-08-19,Individual
DNR-04632,35-44,NC,2024-10-03,Individual
DNR-04633,35-44,FL,2024-03-20,Major Donor
DNR-04634,55-64,NC,2022-03-23,Individual
DNR-04635,45-54,CO,2022-08-31,Individual
DNR-04636,35-44,TX,2021-12-12,Corporate
DNR-04637,35-44,CA,2025-11-05,Individual
DNR-04638,65+,FL,2023-06-03,Individual
DNR-04639,25-34,CA,2023-07-15,Individual
DNR-04640,25-34,TX,2023-03-27,Individual
DNR-04641,35-44,NC,2023-08-07,Individual
DNR-04642,18-24,TX,2021-12-15,Corporate
DNR-04643,35-44,MI,2024-08-01,Individual
DNR-04644,25-34,FL,2024-01-04,Individual
DNR-04645,65+,TX,2022-06-19,Individual
DNR-04646,45-54,GA,2024-03-18,Individual
DNR-04647,45-54,FL,2025-05-26,Individual
DNR-04648,55-64,NC,2025-04-02,Individual
DNR-04649,55-64,TX,2022-05-13,Corporate
DNR-04650,35-44,NY,2024-01-19,Individual
DNR-04651,55-64,CO,2022-11-25,Individual
DNR-04652,45-54,NC,2021-02-16,Individual
DNR-04653,35-44,CA,2025-01-12,Individual
DNR-04654,18-24,GA,2023-07-18,Individual
DNR-04655,35-44,TX,2022-04-29,Corporate
DNR-04656,35-44,NY,2025-10-28,Individual
DNR-04657,25-34,TX,2023-02-10,Individual
DNR-04658,35-44,WA,2022-01-05,Individual
DNR-04659,35-44,WA,2021-11-23,Individual
DNR-04660,35-44,GA,2023-01-20,Individual
DNR-04661,35-44,TX,2021-08-03,Individual
DNR-04662,45-54,TX,2025-02-09,Individual
DNR-04663,25-34,MI,2021-05-29,Major Donor
DNR-04664,55-64,NY,2023-03-26,Foundation
DNR-04665,55-64,IL,2024-02-16,Individual
DNR-04666,45-54,IL,2022-04-27,Individual
DNR-04667,18-24,TX,2025-05-24,Individual
DNR-04668,18-24,PA,2021-09-17,Corporate
DNR-04669,45-54,CO,2025-06-24,Individual
DNR-04670,45-54,CO,2022-04-16,Individual
DNR-04671,25-34,IL,2024-05-10,Individual
DNR-04672,55-64,PA,2024-08-20,Individual
DNR-04673,35-44,WA,2025-09-29,Individual
DNR-04674,35-44,GA,2021-05-16,Individual
DNR-04675,35-44,NY,2024-07-06,Individual
DNR-04676,25-34,TX,2024-11-24,Individual
DNR-04677,35-44,OH,2022-04-27,Corporate
DNR-04678,55-64,WA,2023-09-06,Individual
DNR-04679,45-54,IL,2022-01-18,Individual
DNR-04680,65+,CA,2023-02-19,Individual
DNR-04681,65+,GA,2025-01-13,Individual
DNR-04682,35-44,TX,2024-06-04,Individual
DNR-04683,65+,NC,2025-10-22,Individual
DNR-04684,25-34,TX,2023-10-16,Individual
DNR-04685,25-34,CO,2022-10-18,Individual
DNR-04686,45-54,WA,2021-03-20,Individual
DNR-04687,45-54,WA,2023-12-10,Individual
DNR-04688,35-44,CO,2024-07-04,Individual
DNR-04689,45-54,PA,2022-07-06,Corporate
DNR-04690,35-44,MI,2025-03-28,Major Donor
DNR-04691,45-54,NY,2022-11-11,Individual
DNR-04692,25-34,NC,2024-10-10,Individual
DNR-04693,35-44,PA,2021-12-27,Individual
DNR-04694,65+,OH,2022-07-04,Individual
DNR-04695,25-34,PA,2023-08-02,Individual
DNR-04696,35-44,WA,2025-08-20,Individual
DNR-04697,25-34,NC,2022-05-21,Individual
DNR-04698,25-34,OH,2025-02-23,Individual
DNR-04699,55-64,FL,2025-08-28,Corporate
DNR-04700,65+,CA,2024-01-24,Foundation
DNR-04701,25-34,WA,2022-11-28,Individual
DNR-04702,25-34,PA,2024-10-25,Corporate
DNR-04703,35-44,PA,2025-01-19,Major Donor
DNR-04704,45-54,OH,2023-03-08,Individual
DNR-04705,45-54,PA,2024-04-21,Individual
DNR-04706,45-54,CA,2023-12-21,Individual
DNR-04707,65+,CA,2022-04-03,Corporate
DNR-04708,35-44,NY,2024-02-21,Individual
DNR-04709,25-34,OH,2024-08-15,Individual
DNR-04710,18-24,PA,2025-10-08,Individual
DNR-04711,45-54,IL,2025-03-29,Individual
DNR-04712,35-44,MI,2022-04-05,Individual
DNR-04713,55-64,MI,2021-09-03,Corporate
DNR-04714,25-34,GA,2021-06-02,Corporate
DNR-04715,18-24,NC,2024-05-11,Individual
DNR-04716,45-54,IL,2025-09-03,Individual
DNR-04717,55-64,FL,2025-06-13,Individual
DNR-04718,35-44,GA,2023-03-19,Individual
DNR-04719,35-44,CA,2021-08-09,Individual
DNR-04720,35-44,FL,2022-03-20,Individual
DNR-04721,45-54,NC,2025-08-02,Individual
DNR-04722,35-44,PA,2021-07-19,Individual
DNR-04723,45-54,TX,2021-04-04,Individual
DNR-04724,55-64,IL,2024-11-28,Corporate
DNR-04725,18-24,PA,2025-04-26,Individual
DNR-04726,45-54,CA,2021-12-30,Individual
DNR-04727,35-44,NY,2024-11-26,Individual
DNR-04728,25-34,GA,2024-05-24,Individual
DNR-04729,25-34,NC,2021-01-14,Individual
DNR-04730,55-64,OH,2023-12-15,Individual
DNR-04731,65+,NC,2021-11-30,Corporate
DNR-04732,55-64,OH,2025-07-16,Corporate
DNR-04733,55-64,MI,2021-04-30,Foundation
DNR-04734,55-64,NC,2023-11-04,Individual
DNR-04735,55-64,TX,2023-06-25,Individual
DNR-04736,35-44,CO,2023-10-07,Individual
DNR-04737,45-54,CO,2024-10-02,Individual
DNR-04738,35-44,PA,2024-04-19,Individual
DNR-04739,45-54,TX,2025-06-02,Individual
DNR-04740,65+,CA,2023-10-26,Individual
DNR-04741,35-44,PA,2021-06-19,Individual
DNR-04742,55-64,NY,2021-02-22,Individual
DNR-04743,35-44,WA,2021-03-29,Individual
DNR-04744,55-64,CA,2022-04-16,Individual
DNR-04745,55-64,CA,2022-04-30,Individual
DNR-04746,35-44,FL,2025-06-25,Individual
DNR-04747,35-44,NC,2021-01-12,Individual
DNR-04748,35-44,CO,2022-02-22,Individual
DNR-04749,35-44,IL,2022-01-09,Individual
DNR-04750,45-54,OH,2025-10-10,Individual
DNR-04751,45-54,TX,2024-04-16,Individual
DNR-04752,45-54,FL,2023-10-21,Foundation
DNR-04753,45-54,GA,2023-05-17,Individual
DNR-04754,45-54,TX,2025-01-13,Foundation
DNR-04755,35-44,NC,2025-03-10,Individual
DNR-04756,65+,IL,2025-02-21,Individual
DNR-04757,18-24,FL,2022-03-05,Foundation
DNR-04758,45-54,CA,2025-07-08,Individual
DNR-04759,55-64,TX,2025-02-18,Individual
DNR-04760,55-64,WA,2022-02-14,Individual
DNR-04761,45-54,NY,2021-01-15,Individual
DNR-04762,55-64,NC,2023-02-12,Individual
DNR-04763,35-44,FL,2022-05-17,Individual
DNR-04764,35-44,NC,2025-01-09,Individual
DNR-04765,35-44,CO,2021-12-05,Individual
DNR-04766,25-34,TX,2021-06-28,Individual
DNR-04767,35-44,CO,2022-12-18,Individual
DNR-04768,25-34,TX,2023-01-14,Individual
DNR-04769,45-54,NY,2023-02-16,Individual
DNR-04770,25-34,WA,2022-10-29,Individual
DNR-04771,55-64,NC,2025-02-28,Individual
DNR-04772,35-44,NC,2022-05-09,Individual
DNR-04773,35-44,CA,2025-11-15,Individual
DNR-04774,18-24,WA,2024-08-14,Individual
DNR-04775,55-64,CO,2022-03-17,Individual
DNR-04776,45-54,TX,2022-03-21,Corporate
DNR-04777,35-44,TX,2025-09-12,Corporate
DNR-04778,45-54,MI,2021-11-14,Individual
DNR-04779,55-64,CA,2022-03-15,Individual
DNR-04780,35-44,MI,2025-02-09,Individual
DNR-04781,25-34,NC,2021-06-04,Individual
DNR-04782,25-34,WA,2021-10-22,Individual
DNR-04783,25-34,MI,2023-01-15,Individual
DNR-04784,25-34,NC,2025-10-19,Corporate
DNR-04785,25-34,CO,2022-09-23,Individual
DNR-04786,45-54,GA,2024-08-13,Individual
DNR-04787,35-44,FL,2022-03-25,Individual
DNR-04788,25-34,IL,2021-02-10,Individual
DNR-04789,55-64,MI,2024-03-28,Individual
DNR-04790,25-34,GA,2025-01-05,Individual
DNR-04791,55-64,GA,2024-05-21,Individual
DNR-04792,25-34,CA,2021-01-06,Individual
DNR-04793,25-34,MI,2021-11-28,Individual
DNR-04794,65+,CO,2023-08-18,Individual
DNR-04795,45-54,PA,2021-08-19,Individual
DNR-04796,45-54,NC,2021-10-11,Individual
DNR-04797,18-24,WA,2022-05-13,Individual
DNR-04798,25-34,PA,2025-03-22,Major Donor
DNR-04799,45-54,NY,2023-03-25,Individual
DNR-04800,18-24,NY,2024-01-28,Individual
DNR-04801,35-44,WA,2022-06-28,Individual
DNR-04802,35-44,MI,2023-08-12,Individual
DNR-04803,25-34,CO,2023-06-17,Individual
DNR-04804,35-44,NC,2025-01-18,Individual
DNR-04805,45-54,OH,2023-01-02,Individual
DNR-04806,65+,NY,2021-05-05,Individual
DNR-04807,65+,FL,2022-02-18,Individual
DNR-04808,55-64,MI,2023-03-06,Individual
DNR-04809,18-24,TX,2022-10-19,Individual
DNR-04810,45-54,CA,2022-03-07,Corporate
DNR-04811,45-54,TX,2021-02-16,Individual
DNR-04812,65+,CO,2025-05-15,Corporate
DNR-04813,25-34,FL,2022-12-15,Individual
DNR-04814,55-64,NC,2023-09-06,Individual
DNR-04815,55-64,NY,2022-01-30,Individual
DNR-04816,35-44,FL,2024-03-26,Individual
DNR-04817,25-34,CA,2024-11-07,Individual
DNR-04818,45-54,CO,2021-10-25,Individual
DNR-04819,25-34,WA,2021-11-07,Individual
DNR-04820,35-44,WA,2024-12-05,Foundation
DNR-04821,45-54,CO,2021-10-13,Individual
DNR-04822,25-34,OH,2024-10-11,Individual
DNR-04823,25-34,CA,2021-08-03,Individual
DNR-04824,35-44,CO,2024-06-18,Individual
DNR-04825,65+,GA,2022-12-04,Individual
DNR-04826,45-54,CO,2022-05-25,Individual
DNR-04827,45-54,OH,2022-03-15,Individual
DNR-04828,45-54,WA,2023-02-18,Individual
DNR-04829,55-64,IL,2022-01-02,Individual
DNR-04830,25-34,IL,2025-05-10,Individual
DNR-04831,35-44,NC,2021-12-27,Individual
DNR-04832,35-44,PA,2024-10-30,Individual
DNR-04833,45-54,TX,2025-10-27,Individual
DNR-04834,35-44,NY,2021-11-04,Individual
DNR-04835,25-34,PA,2025-09-17,Individual
DNR-04836,55-64,CA,2022-12-18,Individual
DNR-04837,45-54,FL,2025-07-18,Individual
DNR-04838,45-54,TX,2025-01-05,Individual
DNR-04839,35-44,NY,2025-05-15,Individual
DNR-04840,65+,CA,2025-05-09,Individual
DNR-04841,35-44,PA,2021-10-18,Individual
DNR-04842,35-44,IL,2024-01-31,Individual
DNR-04843,25-34,NY,2025-04-11,Corporate
DNR-04844,55-64,TX,2022-06-16,Foundation
DNR-04845,35-44,NY,2021-02-22,Individual
DNR-04846,45-54,GA,2023-05-16,Individual
DNR-04847,25-34,TX,2022-04-18,Individual
DNR-04848,35-44,CO,2024-05-11,Individual
DNR-04849,55-64,NY,2021-06-24,Individual
DNR-04850,25-34,IL,2023-04-25,Individual
DNR-04851,65+,PA,2023-12-24,Individual
DNR-04852,55-64,WA,2022-10-17,Individual
DNR-04853,25-34,CO,2024-07-17,Individual
DNR-04854,25-34,CA,2025-11-10,Individual
DNR-04855,65+,OH,2021-02-04,Individual
DNR-04856,55-64,GA,2023-10-14,Individual
DNR-04857,55-64,MI,2023-01-25,Individual
DNR-04858,45-54,PA,2021-05-13,Individual
DNR-04859,55-64,FL,2023-02-01,Individual
DNR-04860,25-34,IL,2022-05-30,Individual
DNR-04861,25-34,NC,2023-08-04,Individual
DNR-04862,55-64,NC,2021-05-02,Individual
DNR-04863,18-24,CO,2021-09-09,Individual
DNR-04864,25-34,GA,2025-06-12,Individual
DNR-04865,65+,GA,2023-03-28,Individual
DNR-04866,18-24,NY,2021-11-28,Individual
DNR-04867,45-54,PA,2023-11-25,Individual
DNR-04868,45-54,CO,2023-07-07,Individual
DNR-04869,45-54,GA,2021-08-10,Major Donor
DNR-04870,18-24,GA,2021-06-22,Individual
DNR-04871,35-44,FL,2021-07-28,Individual
DNR-04872,18-24,IL,2022-11-12,Individual
DNR-04873,65+,GA,2023-01-10,Foundation
DNR-04874,35-44,CA,2022-09-07,Individual
DNR-04875,18-24,OH,2024-12-12,Individual
DNR-04876,55-64,WA,2022-01-08,Individual
DNR-04877,45-54,MI,2022-12-29,Individual
DNR-04878,25-34,NC,2022-06-04,Individual
DNR-04879,65+,FL,2021-01-12,Individual
DNR-04880,55-64,GA,2024-05-28,Individual
DNR-04881,55-64,OH,2022-06-05,Individual
DNR-04882,35-44,CA,2025-08-13,Individual
DNR-04883,25-34,GA,2023-12-11,Individual
DNR-04884,65+,OH,2021-02-08,Individual
DNR-04885,35-44,PA,2023-04-30,Individual
DNR-04886,55-64,CA,2024-07-07,Individual
DNR-04887,35-44,GA,2021-04-14,Individual
DNR-04888,18-24,CO,2021-09-12,Corporate
DNR-04889,25-34,NC,2024-09-03,Individual
DNR-04890,45-54,CO,2021-05-20,Individual
DNR-04891,45-54,MI,2025-10-24,Individual
DNR-04892,45-54,CO,2021-01-07,Individual
DNR-04893,25-34,IL,2021-05-15,Individual
DNR-04894,18-24,MI,2024-06-04,Individual
DNR-04895,45-54,GA,2022-09-02,Individual
DNR-04896,35-44,GA,2023-03-20,Individual
DNR-04897,18-24,GA,2024-08-01,Individual
DNR-04898,25-34,OH,2024-04-23,Individual
DNR-04899,45-54,CA,2023-02-22,Individual
DNR-04900,65+,TX,2023-04-22,Corporate
DNR-04901,65+,GA,2022-03-19,Individual
DNR-04902,25-34,TX,2023-09-10,Individual
DNR-04903,25-34,CO,2025-04-10,Individual
DNR-04904,45-54,MI,2024-11-11,Foundation
DNR-04905,65+,MI,2022-08-16,Individual
DNR-04906,18-24,IL,2023-07-03,Individual
DNR-04907,55-64,WA,2021-12-05,Corporate
DNR-04908,35-44,NC,2021-10-13,Individual
DNR-04909,45-54,TX,2023-08-02,Individual
DNR-04910,18-24,TX,2021-08-05,Individual
DNR-04911,18-24,WA,2024-09-15,Individual
DNR-04912,55-64,NC,2024-07-09,Individual
DNR-04913,35-44,CO,2025-06-25,Individual
DNR-04914,35-44,NC,2025-03-18,Individual
DNR-04915,65+,CA,2025-05-17,Individual
DNR-04916,65+,CO,2021-06-21,Major Donor
DNR-04917,45-54,IL,2025-09-09,Individual
DNR-04918,55-64,CA,2024-09-16,Individual
DNR-04919,55-64,IL,2024-01-25,Corporate
DNR-04920,55-64,GA,2024-01-01,Individual
DNR-04921,45-54,FL,2022-12-31,Individual
DNR-04922,65+,PA,2024-03-15,Major Donor
DNR-04923,45-54,NY,2023-06-16,Foundation
DNR-04924,45-54,OH,2025-07-21,Individual
DNR-04925,45-54,TX,2023-08-30,Individual
DNR-04926,45-54,IL,2025-09-21,Individual
DNR-04927,55-64,WA,2024-05-04,Individual
DNR-04928,35-44,GA,2021-06-22,Foundation
DNR-04929,25-34,TX,2024-10-13,Individual
DNR-04930,45-54,NC,2024-05-13,Individual
DNR-04931,55-64,MI,2021-11-05,Individual
DNR-04932,35-44,WA,2024-10-04,Foundation
DNR-04933,45-54,FL,2021-04-13,Individual
DNR-04934,65+,CA,2025-01-01,Individual
DNR-04935,25-34,OH,2025-06-07,Individual
DNR-04936,45-54,FL,2021-04-01,Individual
DNR-04937,45-54,CO,2021-12-29,Individual
DNR-04938,35-44,OH,2024-02-07,Individual
DNR-04939,65+,MI,2022-12-27,Individual
DNR-04940,45-54,WA,2025-06-23,Corporate
DNR-04941,45-54,MI,2023-03-27,Individual
DNR-04942,35-44,MI,2023-05-14,Individual
DNR-04943,25-34,IL,2023-02-10,Individual
DNR-04944,25-34,NC,2024-06-06,Individual
DNR-04945,35-44,TX,2022-10-02,Individual
DNR-04946,35-44,TX,2024-02-23,Individual
DNR-04947,25-34,WA,2022-12-30,Individual
DNR-04948,45-54,NY,2023-04-13,Individual
DNR-04949,65+,FL,2023-10-27,Foundation
DNR-04950,45-54,NC,2022-06-29,Individual
DNR-04951,55-64,TX,2022-04-12,Individual
DNR-04952,25-34,NC,2022-06-14,Individual
DNR-04953,18-24,NY,2023-07-01,Individual
DNR-04954,25-34,CA,2024-06-30,Individual
DNR-04955,25-34,CO,2022-03-16,Major Donor
DNR-04956,55-64,MI,2022-05-24,Individual
DNR-04957,65+,FL,2024-08-03,Individual
DNR-04958,25-34,GA,2025-01-03,Individual
DNR-04959,18-24,TX,2025-01-13,Individual
DNR-04960,25-34,NC,2022-05-25,Individual
DNR-04961,35-44,CO,2023-11-13,Individual
DNR-04962,35-44,IL,2021-02-14,Corporate
DNR-04963,25-34,CA,2025-03-17,Individual
DNR-04964,35-44,NY,2024-06-16,Individual
DNR-04965,35-44,NY,2025-11-23,Individual
DNR-04966,35-44,CA,2025-06-02,Individual
DNR-04967,35-44,CO,2023-08-21,Individual
DNR-04968,25-34,IL,2021-05-14,Individual
DNR-04969,55-64,WA,2024-05-02,Individual
DNR-04970,65+,CO,2021-03-27,Individual
DNR-04971,35-44,NC,2021-01-06,Corporate
DNR-04972,18-24,IL,2021-10-25,Individual
DNR-04973,65+,FL,2023-04-28,Individual
DNR-04974,25-34,OH,2025-09-16,Individual
DNR-04975,25-34,OH,2024-07-07,Individual
DNR-04976,45-54,FL,2024-06-16,Individual
DNR-04977,35-44,MI,2024-12-02,Major Donor
DNR-04978,65+,OH,2024-01-31,Individual
DNR-04979,55-64,CA,2024-03-07,Individual
DNR-04980,25-34,PA,2022-11-02,Individual
DNR-04981,25-34,MI,2025-07-04,Individual
DNR-04982,45-54,NY,2021-10-04,Individual
DNR-04983,35-44,PA,2025-09-27,Individual
DNR-04984,35-44,CO,2022-05-20,Individual
DNR-04985,18-24,CA,2021-04-02,Individual
DNR-04986,18-24,MI,2023-05-16,Individual
DNR-04987,45-54,OH,2024-01-07,Individual
DNR-04988,25-34,CO,2022-03-01,Individual
DNR-04989,35-44,IL,2024-08-19,Individual
DNR-04990,18-24,GA,2022-11-03,Individual
DNR-04991,45-54,WA,2021-01-16,Individual
DNR-04992,25-34,NC,2024-03-18,Individual
DNR-04993,18-24,OH,2024-04-03,Individual
DNR-04994,25-34,CO,2023-02-08,Individual
DNR-04995,35-44,GA,2025-10-31,Individual
DNR-04996,55-64,IL,2023-04-21,Individual
DNR-04997,55-64,IL,2021-11-28,Individual
DNR-04998,35-44,GA,2022-10-07,Individual
DNR-04999,18-24,GA,2022-11-28,Individual
DNR-05000,55-64,FL,2025-05-22,Foundation
DNR-05001,55-64,NY,2022-01-29,Individual
DNR-05002,55-64,PA,2023-05-21,Individual
DNR-05003,55-64,TX,2022-06-13,Individual
DNR-05004,55-64,PA,2025-10-16,Individual
DNR-05005,25-34,WA,2024-12-05,Individual
DNR-05006,35-44,NY,2022-11-16,Individual
DNR-05007,45-54,TX,2021-01-19,Individual
DNR-05008,25-34,IL,2025-10-19,Individual
DNR-05009,55-64,OH,2022-01-06,Foundation
DNR-05010,35-44,OH,2023-09-07,Individual
DNR-05011,45-54,OH,2021-10-03,Individual
DNR-05012,25-34,CO,2021-02-26,Individual
DNR-05013,65+,NC,2021-07-24,Individual
DNR-05014,45-54,NC,2025-07-28,Foundation
DNR-05015,18-24,NC,2024-08-02,Individual
DNR-05016,45-54,OH,2021-01-31,Individual
DNR-05017,65+,TX,2023-09-13,Individual
DNR-05018,25-34,MI,2022-02-06,Corporate
DNR-05019,55-64,NY,2023-01-04,Individual
DNR-05020,25-34,CO,2025-07-01,Individual
DNR-05021,55-64,WA,2023-04-17,Individual
DNR-05022,25-34,CA,2025-07-21,Individual
DNR-05023,35-44,FL,2021-12-04,Individual
DNR-05024,35-44,FL,2025-02-15,Individual
DNR-05025,45-54,OH,2023-05-31,Individual
DNR-05026,18-24,NC,2025-11-10,Individual
DNR-05027,45-54,PA,2022-12-19,Major Donor
DNR-05028,25-34,TX,2022-06-27,Foundation
DNR-05029,45-54,FL,2021-09-10,Individual
DNR-05030,25-34,IL,2023-10-29,Individual
DNR-05031,65+,IL,2021-04-07,Individual
DNR-05032,35-44,GA,2022-09-18,Individual
DNR-05033,55-64,CA,2022-11-25,Individual
DNR-05034,25-34,CO,2021-08-17,Individual
DNR-05035,45-54,CO,2023-07-06,Individual
DNR-05036,45-54,MI,2025-02-06,Major Donor
DNR-05037,25-34,GA,2025-02-11,Individual
DNR-05038,25-34,WA,2025-05-04,Individual
DNR-05039,45-54,TX,2022-08-25,Individual
DNR-05040,25-34,NC,2023-09-30,Individual
DNR-05041,25-34,CA,2024-01-09,Individual
DNR-05042,18-24,NC,2023-08-31,Individual
DNR-05043,18-24,OH,2021-05-05,Individual
DNR-05044,25-34,CO,2022-05-21,Individual
DNR-05045,35-44,FL,2024-07-25,Individual
DNR-05046,35-44,TX,2022-10-28,Individual
DNR-05047,25-34,FL,2022-07-01,Individual
DNR-05048,55-64,CO,2022-09-18,Individual
DNR-05049,25-34,CA,2025-06-02,Individual
DNR-05050,35-44,NC,2025-01-04,Corporate
DNR-05051,18-24,OH,2022-08-10,Individual
DNR-05052,25-34,IL,2022-12-09,Major Donor
DNR-05053,25-34,OH,2024-10-04,Foundation
DNR-05054,25-34,NC,2021-04-20,Individual
DNR-05055,35-44,MI,2023-01-11,Individual
DNR-05056,55-64,CA,2022-03-22,Individual
DNR-05057,45-54,CO,2021-02-01,Individual
DNR-05058,45-54,CA,2024-10-03,Individual
DNR-05059,65+,NC,2021-10-29,Individual
DNR-05060,45-54,OH,2024-09-15,Individual
DNR-05061,45-54,MI,2025-07-05,Individual
DNR-05062,25-34,CO,2023-12-17,Individual
DNR-05063,65+,PA,2024-05-11,Individual
DNR-05064,25-34,GA,2023-09-13,Individual
DNR-05065,35-44,TX,2021-08-03,Individual
DNR-05066,18-24,CA,2022-06-04,Individual
DNR-05067,45-54,CO,2025-11-01,Individual
DNR-05068,25-34,TX,2023-02-20,Individual
DNR-05069,45-54,MI,2022-02-22,Individual
DNR-05070,25-34,MI,2023-07-10,Individual
DNR-05071,65+,WA,2025-06-11,Individual
DNR-05072,18-24,TX,2024-09-12,Individual
DNR-05073,25-34,NC,2024-03-06,Individual
DNR-05074,45-54,FL,2021-04-12,Individual
DNR-05075,18-24,CA,2021-12-10,Individual
DNR-05076,25-34,NY,2021-01-31,Individual
DNR-05077,35-44,GA,2021-02-03,Individual
DNR-05078,18-24,NY,2023-06-08,Individual
DNR-05079,45-54,NC,2023-11-07,Individual
DNR-05080,45-54,CA,2025-07-01,Individual
DNR-05081,55-64,FL,2021-01-23,Individual
DNR-05082,25-34,NY,2023-02-03,Individual
DNR-05083,45-54,PA,2025-01-23,Individual
DNR-05084,65+,MI,2024-08-23,Individual
DNR-05085,55-64,IL,2023-11-12,Individual
DNR-05086,55-64,NC,2023-05-13,Individual
DNR-05087,35-44,OH,2024-08-06,Individual
DNR-05088,35-44,WA,2025-11-10,Major Donor
DNR-05089,18-24,CO,2025-06-07,Individual
DNR-05090,35-44,OH,2025-05-03,Major Donor
DNR-05091,55-64,IL,2022-01-09,Individual
DNR-05092,45-54,GA,2022-11-06,Foundation
DNR-05093,18-24,CO,2025-09-05,Individual
DNR-05094,65+,WA,2021-04-05,Individual
DNR-05095,25-34,NY,2023-03-10,Individual
DNR-05096,35-44,CA,2024-08-18,Individual
DNR-05097,55-64,FL,2024-12-22,Individual
DNR-05098,35-44,PA,2022-08-01,Individual
DNR-05099,55-64,MI,2021-07-25,Individual
DNR-05100,35-44,NC,2022-07-05,Individual
DNR-05101,55-64,FL,2024-06-13,Individual
DNR-05102,25-34,NC,2023-05-31,Individual
DNR-05103,45-54,MI,2021-10-16,Individual
DNR-05104,35-44,GA,2024-06-27,Individual
DNR-05105,25-34,OH,2025-05-27,Individual
DNR-05106,55-64,MI,2024-02-17,Individual
DNR-05107,65+,WA,2021-08-31,Individual
DNR-05108,45-54,PA,2024-08-05,Individual
DNR-05109,45-54,TX,2021-03-04,Individual
DNR-05110,18-24,GA,2023-01-14,Individual
DNR-05111,45-54,TX,2023-02-12,Individual
DNR-05112,25-34,CO,2021-02-15,Foundation
DNR-05113,35-44,WA,2025-04-14,Major Donor
DNR-05114,55-64,TX,2023-12-06,Individual
DNR-05115,65+,NC,2023-02-18,Individual
DNR-05116,65+,MI,2025-10-17,Individual
DNR-05117,65+,GA,2023-01-25,Foundation
DNR-05118,35-44,CA,2023-01-10,Individual
DNR-05119,35-44,CA,2023-08-02,Individual
DNR-05120,35-44,OH,2024-10-06,Individual
DNR-05121,18-24,NC,2024-05-18,Individual
DNR-05122,45-54,TX,2024-10-10,Individual
DNR-05123,45-54,OH,2022-07-29,Individual
DNR-05124,25-34,TX,2021-10-10,Individual
DNR-05125,35-44,MI,2024-05-20,Foundation
DNR-05126,55-64,IL,2021-06-02,Individual
DNR-05127,25-34,TX,2025-01-16,Individual
DNR-05128,35-44,IL,2021-08-04,Individual
DNR-05129,55-64,PA,2023-02-03,Individual
DNR-05130,25-34,MI,2023-06-11,Individual
DNR-05131,55-64,GA,2021-10-17,Individual
DNR-05132,45-54,CO,2025-08-28,Individual
DNR-05133,35-44,CO,2021-04-12,Individual
DNR-05134,65+,GA,2022-12-02,Individual
DNR-05135,25-34,GA,2021-12-18,Individual
DNR-05136,65+,MI,2021-12-30,Individual
DNR-05137,55-64,IL,2022-11-03,Corporate
DNR-05138,35-44,WA,2021-01-11,Individual
DNR-05139,25-34,IL,2025-07-31,Individual
DNR-05140,25-34,OH,2025-01-08,Individual
DNR-05141,65+,PA,2021-05-29,Individual
DNR-05142,18-24,PA,2021-01-13,Individual
DNR-05143,55-64,NY,2024-02-26,Individual
DNR-05144,35-44,NY,2021-07-07,Individual
DNR-05145,35-44,CA,2024-06-04,Individual
DNR-05146,35-44,OH,2025-07-30,Individual
DNR-05147,18-24,PA,2021-06-15,Individual
DNR-05148,55-64,GA,2022-04-11,Foundation
DNR-05149,25-34,NY,2021-04-20,Individual
DNR-05150,55-64,MI,2021-03-09,Individual
DNR-05151,18-24,GA,2022-10-05,Individual
DNR-05152,55-64,WA,2022-06-10,Corporate
DNR-05153,45-54,IL,2021-06-27,Corporate
DNR-05154,45-54,FL,2024-02-25,Individual
DNR-05155,55-64,NC,2025-07-19,Individual
DNR-05156,45-54,FL,2023-08-18,Individual
DNR-05157,35-44,MI,2025-11-07,Corporate
DNR-05158,35-44,CA,2022-06-11,Individual
DNR-05159,25-34,MI,2023-04-27,Individual
DNR-05160,65+,GA,2025-06-13,Individual
DNR-05161,55-64,CA,2022-02-19,Individual
DNR-05162,45-54,CA,2022-03-13,Corporate
DNR-05163,18-24,PA,2021-03-14,Individual
DNR-05164,45-54,FL,2025-05-06,Individual
DNR-05165,35-44,IL,2024-11-03,Individual
DNR-05166,55-64,CO,2022-03-13,Major Donor
DNR-05167,35-44,FL,2023-01-08,Individual
DNR-05168,25-34,NC,2022-11-22,Corporate
DNR-05169,25-34,NC,2021-05-04,Individual
DNR-05170,35-44,FL,2023-06-11,Individual
DNR-05171,65+,IL,2024-04-19,Individual
DNR-05172,35-44,NC,2022-09-06,Foundation
DNR-05173,35-44,FL,2022-09-14,Foundation
DNR-05174,55-64,WA,2023-02-23,Corporate
DNR-05175,65+,NC,2025-10-07,Individual
DNR-05176,18-24,GA,2021-04-08,Individual
DNR-05177,35-44,GA,2022-07-21,Individual
DNR-05178,25-34,OH,2024-06-23,Individual
DNR-05179,25-34,NY,2021-11-23,Individual
DNR-05180,65+,PA,2024-05-01,Individual
DNR-05181,45-54,IL,2021-08-08,Individual
DNR-05182,65+,CA,2025-02-05,Individual
DNR-05183,25-34,CA,2022-04-24,Individual
DNR-05184,65+,CA,2023-08-06,Individual
DNR-05185,18-24,PA,2024-05-15,Major Donor
DNR-05186,65+,WA,2025-07-08,Individual
DNR-05187,45-54,TX,2023-03-08,Individual
DNR-05188,45-54,PA,2024-07-22,Individual
DNR-05189,65+,IL,2022-04-24,Individual
DNR-05190,45-54,NY,2024-12-01,Foundation
DNR-05191,25-34,PA,2021-06-19,Individual
DNR-05192,45-54,NY,2025-05-27,Individual
DNR-05193,35-44,CO,2021-01-22,Individual
DNR-05194,25-34,FL,2021-04-14,Individual
DNR-05195,25-34,PA,2025-11-03,Individual
DNR-05196,45-54,IL,2025-06-23,Individual
DNR-05197,45-54,NY,2023-06-21,Individual
DNR-05198,65+,GA,2023-06-17,Individual
DNR-05199,45-54,TX,2021-07-24,Individual
DNR-05200,18-24,PA,2023-08-08,Individual
DNR-05201,45-54,WA,2024-12-21,Individual
DNR-05202,45-54,CA,2021-02-27,Corporate
DNR-05203,35-44,WA,2021-04-09,Individual
DNR-05204,35-44,CO,2024-06-27,Individual
DNR-05205,55-64,CA,2021-01-25,Individual
DNR-05206,25-34,NY,2021-01-07,Individual
DNR-05207,35-44,CO,2022-03-16,Individual
DNR-05208,18-24,IL,2025-04-07,Individual
DNR-05209,25-34,FL,2024-07-07,Individual
DNR-05210,45-54,TX,2024-09-01,Individual
DNR-05211,55-64,FL,2024-01-23,Individual
DNR-05212,35-44,NY,2023-02-05,Individual
DNR-05213,18-24,OH,2023-01-11,Individual
DNR-05214,45-54,WA,2023-09-25,Individual
DNR-05215,35-44,NC,2021-02-09,Individual
DNR-05216,35-44,GA,2021-05-01,Individual
DNR-05217,55-64,FL,2023-09-05,Individual
DNR-05218,45-54,TX,2023-09-08,Individual
DNR-05219,25-34,FL,2025-01-07,Corporate
DNR-05220,35-44,CO,2024-03-13,Individual
DNR-05221,18-24,OH,2023-02-07,Corporate
DNR-05222,55-64,TX,2023-10-03,Individual
DNR-05223,25-34,WA,2022-11-16,Individual
DNR-05224,18-24,FL,2022-12-14,Individual
DNR-05225,25-34,OH,2023-02-17,Individual
DNR-05226,35-44,IL,2022-01-12,Individual
DNR-05227,45-54,WA,2022-01-12,Individual
DNR-05228,25-34,FL,2024-03-18,Individual
DNR-05229,25-34,NY,2022-09-23,Individual
DNR-05230,45-54,WA,2025-02-18,Individual
DNR-05231,18-24,FL,2023-05-14,Individual
DNR-05232,65+,NC,2021-01-12,Individual
DNR-05233,25-34,TX,2023-04-28,Individual
DNR-05234,35-44,FL,2021-08-27,Individual
DNR-05235,65+,IL,2025-06-16,Individual
DNR-05236,65+,GA,2024-10-21,Individual
DNR-05237,65+,NC,2022-11-16,Individual
DNR-05238,35-44,MI,2025-06-06,Major Donor
DNR-05239,25-34,CO,2025-10-29,Individual
DNR-05240,35-44,OH,2024-04-30,Individual
DNR-05241,55-64,OH,2021-04-06,Individual
DNR-05242,25-34,NY,2024-10-06,Individual
DNR-05243,35-44,NC,2024-11-22,Individual
DNR-05244,35-44,GA,2022-01-18,Individual
DNR-05245,25-34,GA,2021-02-20,Individual
DNR-05246,35-44,TX,2021-08-23,Individual
DNR-05247,45-54,TX,2022-04-08,Individual
DNR-05248,65+,CA,2022-01-23,Individual
DNR-05249,45-54,TX,2024-08-18,Individual
DNR-05250,65+,CA,2021-05-19,Individual
DNR-05251,35-44,NY,2023-12-06,Individual
DNR-05252,25-34,CA,2024-11-06,Individual
DNR-05253,35-44,NC,2025-05-02,Individual
DNR-05254,45-54,CO,2023-01-31,Individual
DNR-05255,45-54,GA,2024-04-20,Corporate
DNR-05256,25-34,CO,2024-11-14,Major Donor
DNR-05257,35-44,CO,2021-07-12,Individual
DNR-05258,55-64,FL,2021-04-14,Individual
DNR-05259,55-64,MI,2023-09-08,Individual
DNR-05260,45-54,OH,2025-10-24,Individual
DNR-05261,35-44,MI,2024-05-31,Foundation
DNR-05262,55-64,IL,2023-09-10,Corporate
DNR-05263,35-44,NY,2022-11-11,Foundation
DNR-05264,35-44,TX,2024-09-08,Individual
DNR-05265,25-34,NY,2025-01-19,Individual
DNR-05266,45-54,NC,2021-12-30,Individual
DNR-05267,55-64,FL,2021-09-19,Individual
DNR-05268,25-34,IL,2021-10-05,Individual
DNR-05269,35-44,IL,2021-07-01,Individual
DNR-05270,25-34,CO,2024-09-03,Individual
DNR-05271,25-34,OH,2025-10-28,Individual
DNR-05272,45-54,CO,2023-01-08,Individual
DNR-05273,45-54,CO,2021-01-21,Individual
DNR-05274,45-54,NY,2021-01-27,Individual
DNR-05275,45-54,FL,2022-07-22,Foundation
DNR-05276,45-54,GA,2025-10-12,Individual
DNR-05277,25-34,CA,2023-01-06,Corporate
DNR-05278,25-34,TX,2022-05-15,Individual
DNR-05279,35-44,NY,2023-10-28,Individual
DNR-05280,25-34,WA,2023-04-14,Individual
DNR-05281,45-54,MI,2025-08-17,Individual
DNR-05282,35-44,GA,2022-04-18,Foundation
DNR-05283,45-54,MI,2022-12-30,Individual
DNR-05284,55-64,WA,2024-01-06,Individual
DNR-05285,65+,CA,2021-02-16,Individual
DNR-05286,55-64,CO,2023-05-02,Individual
DNR-05287,35-44,MI,2021-06-01,Individual
DNR-05288,25-34,CO,2021-03-25,Corporate
DNR-05289,65+,NY,2023-12-24,Individual
DNR-05290,65+,NC,2022-06-24,Individual
DNR-05291,45-54,OH,2025-08-09,Individual
DNR-05292,25-34,FL,2021-11-29,Individual
DNR-05293,18-24,NY,2021-08-31,Individual
DNR-05294,55-64,OH,2023-01-22,Individual
DNR-05295,35-44,NY,2025-09-20,Foundation
DNR-05296,35-44,TX,2023-02-24,Individual
DNR-05297,55-64,PA,2021-06-22,Individual
DNR-05298,45-54,IL,2023-01-11,Individual
DNR-05299,35-44,OH,2022-09-08,Individual
DNR-05300,45-54,MI,2023-03-13,Major Donor
DNR-05301,25-34,OH,2025-04-27,Individual
DNR-05302,45-54,OH,2022-12-06,Individual
DNR-05303,25-34,TX,2021-12-09,Individual
DNR-05304,55-64,CA,2023-03-01,Individual
DNR-05305,25-34,FL,2021-07-01,Individual
DNR-05306,25-34,CO,2025-05-29,Individual
DNR-05307,45-54,PA,2022-12-05,Foundation
DNR-05308,25-34,NC,2022-06-30,Individual
DNR-05309,55-64,NY,2025-10-08,Individual
DNR-05310,65+,MI,2023-12-30,Individual
DNR-05311,45-54,OH,2024-11-08,Individual
DNR-05312,45-54,CO,2021-10-30,Individual
DNR-05313,45-54,OH,2021-06-23,Individual
DNR-05314,45-54,FL,2022-06-24,Individual
DNR-05315,65+,IL,2021-10-02,Individual
DNR-05316,25-34,PA,2023-08-02,Major Donor
DNR-05317,45-54,FL,2024-09-27,Individual
DNR-05318,25-34,NY,2022-05-18,Individual
DNR-05319,18-24,CO,2025-07-15,Individual
DNR-05320,45-54,GA,2025-09-05,Individual
DNR-05321,65+,IL,2023-04-11,Individual
DNR-05322,55-64,OH,2023-01-28,Corporate
DNR-05323,25-34,PA,2024-11-13,Individual
DNR-05324,45-54,CO,2025-06-19,Individual
DNR-05325,45-54,WA,2025-06-22,Major Donor
DNR-05326,35-44,FL,2022-11-19,Foundation
DNR-05327,35-44,IL,2023-06-14,Individual
DNR-05328,45-54,NC,2023-03-16,Individual
DNR-05329,18-24,FL,2023-02-22,Foundation
DNR-05330,25-34,IL,2022-07-29,Individual
DNR-05331,45-54,NY,2023-01-28,Individual
DNR-05332,55-64,MI,2024-03-18,Individual
DNR-05333,55-64,TX,2022-09-20,Individual
DNR-05334,25-34,PA,2025-04-07,Individual
DNR-05335,35-44,GA,2024-03-25,Individual
DNR-05336,65+,NY,2022-01-08,Individual
DNR-05337,25-34,FL,2023-07-18,Corporate
DNR-05338,45-54,CA,2023-01-24,Individual
DNR-05339,25-34,IL,2022-06-29,Individual
DNR-05340,65+,WA,2021-04-18,Major Donor
DNR-05341,25-34,TX,2024-01-21,Individual
DNR-05342,35-44,PA,2023-05-01,Individual
DNR-05343,55-64,GA,2022-09-25,Individual
DNR-05344,45-54,GA,2024-03-06,Individual
DNR-05345,65+,NY,2022-04-08,Individual
DNR-05346,45-54,CA,2021-03-03,Individual
DNR-05347,55-64,TX,2023-10-13,Foundation
DNR-05348,18-24,CO,2021-10-18,Foundation
DNR-05349,65+,NC,2024-01-30,Individual
DNR-05350,25-34,WA,2022-07-30,Individual
DNR-05351,25-34,NC,2022-07-27,Individual
DNR-05352,25-34,WA,2025-06-22,Individual
DNR-05353,35-44,CA,2024-08-25,Corporate
DNR-05354,65+,WA,2023-10-16,Individual
DNR-05355,45-54,OH,2025-07-29,Individual
DNR-05356,45-54,TX,2025-06-20,Individual
DNR-05357,35-44,TX,2022-04-01,Corporate
DNR-05358,45-54,OH,2024-03-28,Individual
DNR-05359,18-24,IL,2022-01-21,Individual
DNR-05360,18-24,WA,2021-05-07,Individual
DNR-05361,25-34,GA,2024-12-05,Individual
DNR-05362,65+,PA,2024-01-05,Individual
DNR-05363,45-54,NY,2022-10-29,Individual
DNR-05364,25-34,WA,2021-03-16,Individual
DNR-05365,18-24,TX,2021-12-31,Individual
DNR-05366,55-64,FL,2022-10-17,Individual
DNR-05367,45-54,FL,2021-09-03,Individual
DNR-05368,25-34,FL,2024-03-20,Individual
DNR-05369,55-64,CO,2025-04-12,Individual
DNR-05370,25-34,NY,2021-06-27,Individual
DNR-05371,35-44,PA,2022-02-11,Individual
DNR-05372,35-44,OH,2022-12-20,Individual
DNR-05373,18-24,WA,2021-12-27,Corporate
DNR-05374,45-54,GA,2022-01-17,Individual
DNR-05375,25-34,PA,2025-05-25,Individual
DNR-05376,55-64,WA,2024-06-14,Individual
DNR-05377,25-34,TX,2024-10-30,Individual
DNR-05378,55-64,GA,2021-11-05,Individual
DNR-05379,25-34,NC,2022-04-10,Individual
DNR-05380,18-24,PA,2024-05-20,Individual
DNR-05381,45-54,FL,2025-10-13,Individual
DNR-05382,25-34,OH,2025-05-21,Individual
DNR-05383,35-44,NY,2023-05-25,Individual
DNR-05384,65+,NC,2023-08-20,Individual
DNR-05385,25-34,MI,2023-07-30,Individual
DNR-05386,25-34,NC,2023-10-17,Individual
DNR-05387,55-64,OH,2025-07-11,Individual
DNR-05388,35-44,TX,2021-03-21,Individual
DNR-05389,45-54,NC,2023-03-23,Individual
DNR-05390,45-54,NC,2022-04-01,Corporate
DNR-05391,45-54,GA,2024-07-18,Foundation
DNR-05392,45-54,CO,2024-09-26,Individual
DNR-05393,55-64,OH,2025-04-10,Individual
DNR-05394,35-44,IL,2023-09-07,Individual
DNR-05395,65+,FL,2021-09-26,Individual
DNR-05396,25-34,TX,2024-11-15,Major Donor
DNR-05397,45-54,MI,2024-12-29,Individual
DNR-05398,25-34,NC,2022-08-22,Individual
DNR-05399,45-54,CO,2024-10-04,Corporate
DNR-05400,45-54,TX,2025-07-29,Individual
DNR-05401,35-44,NY,2022-01-01,Individual
DNR-05402,55-64,PA,2023-02-12,Individual
DNR-05403,18-24,OH,2022-03-09,Individual
DNR-05404,45-54,CO,2022-05-12,Individual
DNR-05405,25-34,WA,2023-09-08,Corporate
DNR-05406,25-34,WA,2021-08-23,Individual
DNR-05407,25-34,FL,2025-06-13,Individual
DNR-05408,35-44,NC,2021-01-13,Individual
DNR-05409,45-54,PA,2022-09-17,Individual
DNR-05410,45-54,FL,2021-11-01,Individual
DNR-05411,35-44,NY,2025-05-06,Individual
DNR-05412,45-54,FL,2023-11-08,Individual
DNR-05413,35-44,PA,2024-03-15,Individual
DNR-05414,45-54,GA,2023-03-02,Individual
DNR-05415,25-34,CA,2021-04-03,Individual
DNR-05416,45-54,CA,2025-06-25,Individual
DNR-05417,65+,IL,2023-01-25,Individual
DNR-05418,55-64,WA,2021-05-28,Individual
DNR-05419,25-34,MI,2022-12-02,Individual
DNR-05420,45-54,MI,2024-10-05,Individual
DNR-05421,35-44,GA,2022-03-10,Individual
DNR-05422,18-24,NY,2023-01-03,Individual
DNR-05423,25-34,OH,2025-07-20,Individual
DNR-05424,18-24,WA,2021-11-21,Individual
DNR-05425,45-54,CA,2023-10-14,Individual
DNR-05426,65+,MI,2021-11-03,Individual
DNR-05427,35-44,MI,2022-05-14,Individual
DNR-05428,45-54,GA,2023-04-07,Individual
DNR-05429,65+,GA,2023-04-12,Individual
DNR-05430,35-44,GA,2022-03-18,Individual
DNR-05431,45-54,TX,2022-04-19,Individual
DNR-05432,35-44,NY,2021-09-28,Individual
DNR-05433,45-54,NC,2023-08-01,Foundation
DNR-05434,45-54,OH,2024-01-01,Individual
DNR-05435,45-54,FL,2022-12-23,Individual
DNR-05436,65+,CO,2024-07-16,Individual
DNR-05437,25-34,CA,2024-11-20,Individual
DNR-05438,35-44,FL,2024-07-14,Individual
DNR-05439,45-54,MI,2021-03-05,Foundation
DNR-05440,25-34,TX,2024-07-28,Individual
DNR-05441,45-54,PA,2021-04-04,Individual
DNR-05442,35-44,OH,2025-09-21,Individual
DNR-05443,45-54,GA,2022-07-12,Major Donor
DNR-05444,35-44,CO,2025-06-26,Corporate
DNR-05445,35-44,NC,2021-04-13,Individual
DNR-05446,35-44,WA,2023-08-09,Individual
DNR-05447,35-44,MI,2025-04-11,Individual
DNR-05448,65+,CA,2023-07-07,Individual
DNR-05449,35-44,PA,2023-05-10,Individual
DNR-05450,18-24,PA,2023-05-24,Individual
DNR-05451,25-34,PA,2021-03-09,Individual
DNR-05452,25-34,MI,2024-12-02,Individual
DNR-05453,25-34,OH,2025-02-22,Individual
DNR-05454,35-44,CA,2024-06-16,Individual
DNR-05455,45-54,PA,2021-08-14,Corporate
DNR-05456,35-44,PA,2021-10-09,Individual
DNR-05457,35-44,GA,2022-02-26,Individual
DNR-05458,35-44,CA,2025-01-12,Individual
DNR-05459,35-44,WA,2021-11-27,Individual
DNR-05460,25-34,CA,2022-02-27,Individual
DNR-05461,35-44,NC,2025-10-14,Individual
DNR-05462,55-64,PA,2024-06-25,Individual
DNR-05463,65+,OH,2024-06-06,Individual
DNR-05464,35-44,PA,2024-09-08,Individual
DNR-05465,65+,IL,2025-03-24,Individual
DNR-05466,45-54,CA,2025-03-07,Individual
DNR-05467,45-54,OH,2025-06-10,Corporate
DNR-05468,45-54,MI,2024-03-12,Corporate
DNR-05469,65+,IL,2022-05-12,Individual
DNR-05470,35-44,MI,2022-07-19,Individual
DNR-05471,25-34,NC,2022-07-07,Corporate
DNR-05472,45-54,NC,2025-04-04,Individual
DNR-05473,18-24,PA,2021-12-17,Individual
DNR-05474,45-54,GA,2023-10-23,Individual
DNR-05475,65+,WA,2025-01-21,Foundation
DNR-05476,55-64,NC,2025-08-02,Individual
DNR-05477,25-34,FL,2024-04-08,Corporate
DNR-05478,18-24,MI,2021-11-19,Individual
DNR-05479,45-54,CA,2023-07-02,Individual
DNR-05480,18-24,PA,2025-10-29,Individual
DNR-05481,35-44,FL,2022-09-10,Corporate
DNR-05482,55-64,PA,2022-08-11,Individual
DNR-05483,45-54,TX,2022-11-21,Individual
DNR-05484,18-24,IL,2021-03-18,Individual
DNR-05485,35-44,CA,2024-03-06,Individual
DNR-05486,25-34,NY,2021-10-31,Individual
DNR-05487,55-64,PA,2025-08-13,Individual
DNR-05488,25-34,CO,2021-08-07,Individual
DNR-05489,55-64,PA,2025-11-05,Individual
DNR-05490,35-44,PA,2023-12-19,Individual
DNR-05491,45-54,GA,2024-04-07,Individual
DNR-05492,35-44,CA,2021-01-05,Individual
DNR-05493,65+,IL,2024-03-20,Individual
DNR-05494,35-44,IL,2024-12-16,Individual
DNR-05495,35-44,CA,2024-11-25,Individual
DNR-05496,45-54,PA,2021-05-29,Individual
DNR-05497,35-44,TX,2021-04-09,Corporate
DNR-05498,25-34,WA,2022-01-26,Individual
DNR-05499,55-64,FL,2025-02-26,Individual
DNR-05500,25-34,OH,2022-09-27,Individual
DNR-05501,18-24,FL,2022-03-02,Individual
DNR-05502,45-54,NC,2024-09-20,Individual
DNR-05503,55-64,OH,2025-02-27,Individual
DNR-05504,55-64,NY,2025-05-20,Individual
DNR-05505,65+,WA,2024-02-05,Individual
DNR-05506,55-64,MI,2022-10-05,Individual
DNR-05507,55-64,NY,2025-10-29,Individual
DNR-05508,45-54,WA,2021-11-10,Corporate
DNR-05509,35-44,IL,2024-09-19,Major Donor
DNR-05510,25-34,NY,2021-05-12,Individual
DNR-05511,35-44,TX,2022-09-11,Individual
DNR-05512,55-64,PA,2022-04-13,Individual
DNR-05513,55-64,MI,2021-04-07,Individual
DNR-05514,35-44,GA,2022-07-29,Individual
DNR-05515,55-64,TX,2025-03-20,Individual
DNR-05516,35-44,TX,2022-02-12,Individual
DNR-05517,18-24,NY,2024-07-01,Individual
DNR-05518,45-54,CA,2021-10-03,Individual
DNR-05519,18-24,NY,2022-03-18,Individual
DNR-05520,35-44,GA,2022-03-26,Individual
DNR-05521,25-34,OH,2021-05-19,Individual
DNR-05522,65+,NY,2025-05-24,Individual
DNR-05523,25-34,GA,2023-06-16,Corporate
DNR-05524,55-64,PA,2024-06-02,Individual
DNR-05525,18-24,IL,2022-05-26,Corporate
DNR-05526,18-24,TX,2024-08-07,Individual
DNR-05527,45-54,IL,2022-04-18,Individual
DNR-05528,25-34,FL,2025-07-30,Individual
DNR-05529,65+,TX,2022-07-09,Individual
DNR-05530,35-44,CA,2021-04-06,Individual
DNR-05531,45-54,NY,2025-06-26,Individual
DNR-05532,25-34,TX,2021-07-06,Individual
DNR-05533,35-44,PA,2024-09-17,Individual
DNR-05534,55-64,OH,2021-04-30,Individual
DNR-05535,55-64,GA,2025-08-30,Individual
DNR-05536,25-34,GA,2025-02-03,Individual
DNR-05537,35-44,IL,2024-08-08,Individual
DNR-05538,55-64,MI,2023-04-28,Individual
DNR-05539,25-34,OH,2025-11-01,Individual
DNR-05540,25-34,GA,2023-01-07,Individual
DNR-05541,35-44,TX,2021-11-12,Individual
DNR-05542,65+,TX,2022-11-27,Individual
DNR-05543,18-24,MI,2021-11-15,Individual
DNR-05544,35-44,NC,2025-05-21,Individual
DNR-05545,65+,CO,2022-08-01,Individual
DNR-05546,25-34,FL,2025-02-23,Individual
DNR-05547,45-54,CA,2024-07-08,Individual
DNR-05548,25-34,CA,2025-06-15,Individual
DNR-05549,35-44,NC,2021-04-07,Individual
DNR-05550,35-44,CO,2021-03-27,Individual
DNR-05551,65+,MI,2024-02-07,Individual
DNR-05552,55-64,CA,2021-04-13,Individual
DNR-05553,55-64,GA,2023-07-20,Corporate
DNR-05554,55-64,FL,2022-08-20,Individual
DNR-05555,25-34,MI,2024-05-10,Individual
DNR-05556,35-44,MI,2024-06-18,Individual
DNR-05557,55-64,CA,2022-10-14,Individual
DNR-05558,25-34,GA,2023-10-09,Individual
DNR-05559,25-34,NC,2023-03-06,Individual
DNR-05560,18-24,IL,2023-07-20,Individual
DNR-05561,35-44,OH,2021-11-03,Individual
DNR-05562,55-64,MI,2024-10-22,Individual
DNR-05563,65+,FL,2024-08-16,Individual
DNR-05564,45-54,FL,2025-02-24,Individual
DNR-05565,35-44,GA,2022-02-19,Major Donor
DNR-05566,18-24,NC,2025-12-02,Corporate
DNR-05567,35-44,MI,2025-09-18,Individual
DNR-05568,35-44,TX,2022-11-09,Individual
DNR-05569,45-54,OH,2021-01-22,Corporate
DNR-05570,35-44,MI,2025-04-18,Individual
DNR-05571,25-34,WA,2025-04-18,Corporate
DNR-05572,45-54,TX,2023-07-07,Individual
DNR-05573,45-54,TX,2023-03-25,Individual
DNR-05574,35-44,IL,2024-05-09,Individual
DNR-05575,35-44,PA,2022-01-14,Individual
DNR-05576,65+,MI,2025-06-16,Individual
DNR-05577,25-34,OH,2021-11-11,Individual
DNR-05578,25-34,MI,2022-12-17,Individual
DNR-05579,35-44,CO,2021-10-02,Individual
DNR-05580,35-44,CA,2021-11-19,Individual
DNR-05581,65+,OH,2022-10-23,Corporate
DNR-05582,45-54,PA,2022-03-24,Individual
DNR-05583,45-54,FL,2025-04-01,Individual
DNR-05584,45-54,TX,2023-06-12,Individual
DNR-05585,55-64,CO,2024-08-15,Individual
DNR-05586,65+,NY,2022-08-31,Individual
DNR-05587,35-44,IL,2023-06-03,Individual
DNR-05588,45-54,NC,2024-06-30,Individual
DNR-05589,25-34,CA,2022-11-27,Individual
DNR-05590,55-64,NY,2022-04-02,Individual
DNR-05591,45-54,FL,2021-03-31,Individual
DNR-05592,18-24,WA,2024-12-13,Corporate
DNR-05593,25-34,TX,2021-06-21,Individual
DNR-05594,45-54,NC,2025-05-21,Individual
DNR-05595,25-34,PA,2024-09-19,Corporate
DNR-05596,35-44,OH,2024-01-08,Individual
DNR-05597,35-44,NY,2024-01-03,Individual
DNR-05598,25-34,PA,2021-08-01,Individual
DNR-05599,18-24,IL,2022-06-21,Individual
DNR-05600,55-64,WA,2022-09-18,Individual
DNR-05601,35-44,MI,2021-01-02,Individual
DNR-05602,35-44,WA,2023-10-27,Corporate
DNR-05603,55-64,NC,2023-12-11,Individual
DNR-05604,65+,WA,2022-11-02,Individual
DNR-05605,55-64,CO,2023-04-03,Individual
DNR-05606,25-34,OH,2022-09-29,Individual
DNR-05607,35-44,TX,2025-01-23,Individual
DNR-05608,45-54,OH,2021-08-17,Individual
DNR-05609,18-24,TX,2025-07-15,Individual
DNR-05610,18-24,IL,2021-02-05,Individual
DNR-05611,45-54,CA,2021-12-01,Individual
DNR-05612,65+,MI,2022-07-31,Individual
DNR-05613,55-64,CA,2025-05-02,Corporate
DNR-05614,35-44,OH,2023-08-23,Corporate
DNR-05615,65+,IL,2024-04-19,Individual
DNR-05616,25-34,TX,2024-03-24,Individual
DNR-05617,25-34,NC,2023-11-19,Individual
DNR-05618,55-64,OH,2021-02-10,Individual
DNR-05619,45-54,TX,2023-04-20,Individual
DNR-05620,18-24,FL,2024-12-17,Individual
DNR-05621,35-44,NC,2025-03-12,Individual
DNR-05622,25-34,PA,2023-03-23,Individual
DNR-05623,55-64,IL,2024-07-17,Individual
DNR-05624,55-64,NC,2022-05-16,Corporate
DNR-05625,35-44,CO,2024-12-24,Individual
DNR-05626,55-64,MI,2021-11-28,Corporate
DNR-05627,45-54,MI,2021-12-17,Individual
DNR-05628,35-44,CO,2021-05-08,Individual
DNR-05629,35-44,OH,2023-06-05,Individual
DNR-05630,25-34,NC,2022-05-15,Corporate
DNR-05631,35-44,OH,2022-02-28,Corporate
DNR-05632,65+,FL,2024-10-10,Individual
DNR-05633,65+,CA,2025-07-27,Individual
DNR-05634,25-34,WA,2023-11-02,Individual
DNR-05635,55-64,OH,2024-01-16,Corporate
DNR-05636,25-34,OH,2021-12-29,Individual
DNR-05637,55-64,NY,2024-02-05,Individual
DNR-05638,45-54,TX,2021-06-02,Individual
DNR-05639,45-54,TX,2022-02-16,Corporate
DNR-05640,55-64,CO,2021-07-23,Individual
DNR-05641,25-34,CO,2022-04-04,Individual
DNR-05642,18-24,GA,2024-05-13,Individual
DNR-05643,55-64,CO,2022-10-29,Individual
DNR-05644,55-64,GA,2021-02-10,Individual
DNR-05645,18-24,WA,2023-03-01,Individual
DNR-05646,45-54,NY,2025-01-21,Individual
DNR-05647,45-54,CA,2024-07-24,Corporate
DNR-05648,25-34,CA,2025-10-20,Individual
DNR-05649,45-54,OH,2024-06-26,Individual
DNR-05650,35-44,CA,2021-08-28,Individual
DNR-05651,35-44,NC,2022-12-23,Foundation
DNR-05652,45-54,PA,2024-08-10,Individual
DNR-05653,45-54,NY,2024-09-15,Individual
DNR-05654,25-34,OH,2025-01-06,Individual
DNR-05655,65+,OH,2023-02-11,Individual
DNR-05656,25-34,PA,2023-12-30,Individual
DNR-05657,25-34,GA,2024-03-23,Individual
DNR-05658,35-44,MI,2022-02-23,Individual
DNR-05659,25-34,IL,2021-11-29,Individual
DNR-05660,45-54,GA,2024-10-06,Individual
DNR-05661,25-34,MI,2025-02-20,Individual
DNR-05662,45-54,TX,2021-02-16,Individual
DNR-05663,35-44,IL,2025-04-16,Individual
DNR-05664,45-54,OH,2021-05-09,Individual
DNR-05665,18-24,MI,2023-09-20,Individual
DNR-05666,45-54,IL,2023-07-26,Individual
DNR-05667,45-54,MI,2024-02-20,Individual
DNR-05668,18-24,NC,2022-08-06,Individual
DNR-05669,55-64,IL,2022-02-01,Individual
DNR-05670,25-34,GA,2021-08-19,Individual
DNR-05671,35-44,OH,2023-11-29,Foundation
DNR-05672,55-64,CA,2025-02-10,Individual
DNR-05673,45-54,NY,2023-02-19,Individual
DNR-05674,18-24,MI,2022-06-28,Individual
DNR-05675,35-44,OH,2021-12-08,Individual
DNR-05676,65+,CA,2025-11-29,Individual
DNR-05677,18-24,OH,2025-09-08,Corporate
DNR-05678,18-24,OH,2021-10-13,Foundation
DNR-05679,65+,NY,2022-08-17,Individual
DNR-05680,25-34,IL,2025-09-17,Individual
DNR-05681,55-64,NY,2023-01-05,Individual
DNR-05682,45-54,FL,2024-02-14,Corporate
DNR-05683,18-24,GA,2025-11-27,Individual
DNR-05684,45-54,FL,2022-09-17,Individual
DNR-05685,35-44,CO,2024-06-21,Individual
DNR-05686,35-44,FL,2021-08-06,Individual
DNR-05687,65+,PA,2021-01-30,Individual
DNR-05688,25-34,WA,2021-01-27,Individual
DNR-05689,55-64,OH,2022-12-08,Individual
DNR-05690,55-64,MI,2021-07-28,Individual
DNR-05691,18-24,PA,2022-12-30,Individual
DNR-05692,45-54,MI,2023-03-05,Individual
DNR-05693,65+,WA,2022-01-28,Individual
DNR-05694,35-44,GA,2025-09-26,Corporate
DNR-05695,55-64,CO,2024-03-12,Individual
DNR-05696,45-54,TX,2021-02-09,Individual
DNR-05697,55-64,NY,2023-04-29,Corporate
DNR-05698,25-34,PA,2021-08-20,Individual
DNR-05699,25-34,IL,2024-11-09,Individual
DNR-05700,25-34,MI,2022-09-13,Foundation
DNR-05701,35-44,IL,2024-05-04,Foundation
DNR-05702,35-44,OH,2024-09-24,Individual
DNR-05703,25-34,NY,2025-08-04,Corporate
DNR-05704,55-64,CA,2023-02-13,Individual
DNR-05705,45-54,OH,2022-10-25,Corporate
DNR-05706,35-44,OH,2025-11-22,Individual
DNR-05707,65+,TX,2025-04-23,Individual
DNR-05708,35-44,FL,2021-09-13,Individual
DNR-05709,35-44,NY,2024-07-24,Individual
DNR-05710,35-44,OH,2022-06-14,Individual
DNR-05711,45-54,PA,2022-09-14,Individual
DNR-05712,45-54,PA,2023-02-02,Individual
DNR-05713,55-64,FL,2021-12-16,Individual
DNR-05714,18-24,CA,2023-12-31,Individual
DNR-05715,45-54,FL,2021-10-08,Individual
DNR-05716,55-64,MI,2021-07-28,Individual
DNR-05717,25-34,TX,2021-04-26,Individual
DNR-05718,25-34,CA,2024-09-10,Individual
DNR-05719,25-34,WA,2025-01-08,Individual
DNR-05720,35-44,TX,2021-10-21,Individual
DNR-05721,45-54,NC,2023-05-22,Individual
DNR-05722,35-44,PA,2025-02-07,Individual
DNR-05723,45-54,TX,2024-12-29,Individual
DNR-05724,35-44,WA,2022-01-06,Individual
DNR-05725,45-54,PA,2025-09-20,Individual
DNR-05726,65+,PA,2021-07-27,Individual
DNR-05727,25-34,CA,2023-09-29,Individual
DNR-05728,18-24,WA,2021-04-23,Individual
DNR-05729,45-54,IL,2021-04-07,Individual
DNR-05730,25-34,FL,2023-07-07,Individual
DNR-05731,25-34,TX,2025-04-16,Individual
DNR-05732,35-44,CO,2022-09-02,Individual
DNR-05733,25-34,GA,2025-10-14,Individual
DNR-05734,35-44,MI,2021-09-01,Individual
DNR-05735,35-44,MI,2023-07-30,Individual
DNR-05736,25-34,NC,2022-02-21,Individual
DNR-05737,25-34,NC,2023-12-31,Individual
DNR-05738,55-64,CA,2022-03-22,Individual
DNR-05739,55-64,NC,2024-11-10,Individual
DNR-05740,35-44,NY,2024-05-15,Major Donor
DNR-05741,45-54,TX,2023-11-17,Individual
DNR-05742,18-24,TX,2025-07-22,Corporate
DNR-05743,25-34,IL,2023-09-10,Individual
DNR-05744,25-34,WA,2025-08-22,Individual
DNR-05745,25-34,CO,2021-05-09,Individual
DNR-05746,55-64,FL,2022-09-19,Individual
DNR-05747,35-44,NC,2022-11-02,Individual
DNR-05748,45-54,CA,2021-04-13,Individual
DNR-05749,35-44,IL,2022-12-31,Individual
DNR-05750,35-44,CO,2022-07-26,Corporate
DNR-05751,35-44,TX,2023-09-09,Individual
DNR-05752,45-54,CA,2024-04-28,Individual
DNR-05753,55-64,TX,2022-09-28,Individual
DNR-05754,25-34,OH,2024-04-18,Individual
DNR-05755,25-34,PA,2024-07-12,Individual
DNR-05756,45-54,NY,2021-04-18,Individual
DNR-05757,18-24,MI,2024-11-13,Individual
DNR-05758,25-34,NY,2024-02-09,Individual
DNR-05759,55-64,WA,2023-12-25,Corporate
DNR-05760,25-34,CA,2024-12-22,Individual
DNR-05761,45-54,IL,2024-01-12,Individual
DNR-05762,35-44,IL,2022-08-12,Individual
DNR-05763,55-64,IL,2025-02-16,Foundation
DNR-05764,65+,WA,2024-06-22,Individual
DNR-05765,45-54,GA,2024-06-13,Individual
DNR-05766,55-64,GA,2021-12-16,Individual
DNR-05767,45-54,NC,2022-11-04,Individual
DNR-05768,45-54,MI,2021-09-16,Foundation
DNR-05769,18-24,CO,2021-04-16,Individual
DNR-05770,45-54,WA,2024-04-10,Individual
DNR-05771,55-64,TX,2024-09-18,Individual
DNR-05772,25-34,MI,2022-09-05,Individual
DNR-05773,25-34,NY,2025-10-28,Individual
DNR-05774,35-44,IL,2022-11-04,Individual
DNR-05775,55-64,FL,2022-11-05,Individual
DNR-05776,55-64,NC,2023-05-22,Individual
DNR-05777,25-34,TX,2023-03-13,Major Donor
DNR-05778,18-24,NC,2025-01-27,Individual
DNR-05779,35-44,NC,2023-10-27,Individual
DNR-05780,45-54,MI,2021-08-22,Individual
DNR-05781,18-24,PA,2023-10-04,Individual
DNR-05782,55-64,CO,2024-03-26,Individual
DNR-05783,65+,CO,2025-06-17,Individual
DNR-05784,25-34,CA,2024-03-19,Individual
DNR-05785,18-24,PA,2023-07-01,Individual
DNR-05786,35-44,OH,2021-10-30,Individual
DNR-05787,55-64,PA,2024-04-13,Individual
DNR-05788,45-54,CO,2021-07-03,Individual
DNR-05789,18-24,CO,2023-10-31,Individual
DNR-05790,18-24,WA,2023-08-10,Foundation
DNR-05791,45-54,NY,2022-10-15,Individual
DNR-05792,25-34,FL,2025-03-09,Individual
DNR-05793,18-24,NC,2025-06-01,Individual
DNR-05794,65+,IL,2021-09-15,Corporate
DNR-05795,35-44,CA,2021-10-03,Individual
DNR-05796,18-24,NY,2022-05-14,Individual
DNR-05797,55-64,CA,2024-11-14,Individual
DNR-05798,25-34,IL,2025-10-19,Individual
DNR-05799,25-34,FL,2022-11-03,Individual
DNR-05800,35-44,PA,2025-01-03,Individual
DNR-05801,45-54,FL,2024-11-28,Individual
DNR-05802,25-34,GA,2023-02-16,Individual
DNR-05803,35-44,CO,2021-06-11,Individual
DNR-05804,25-34,PA,2024-05-12,Individual
DNR-05805,18-24,NY,2022-05-11,Individual
DNR-05806,35-44,OH,2024-07-07,Individual
DNR-05807,65+,GA,2021-07-05,Individual
DNR-05808,45-54,OH,2024-09-25,Individual
DNR-05809,45-54,MI,2025-08-08,Individual
DNR-05810,55-64,CA,2022-01-16,Individual
DNR-05811,25-34,WA,2021-07-27,Individual
DNR-05812,25-34,NC,2024-06-10,Individual
DNR-05813,25-34,NY,2022-05-07,Individual
DNR-05814,45-54,WA,2025-10-18,Individual
DNR-05815,35-44,FL,2023-02-14,Individual
DNR-05816,25-34,IL,2022-08-28,Individual
DNR-05817,45-54,OH,2022-06-10,Individual
DNR-05818,25-34,CO,2021-06-06,Individual
DNR-05819,35-44,FL,2023-08-04,Foundation
DNR-05820,55-64,IL,2022-11-17,Individual
DNR-05821,18-24,PA,2023-04-19,Individual
DNR-05822,45-54,NC,2021-09-12,Individual
DNR-05823,65+,NY,2021-01-03,Individual
DNR-05824,35-44,OH,2022-06-25,Individual
DNR-05825,35-44,CA,2021-10-03,Foundation
DNR-05826,45-54,GA,2022-06-24,Individual
DNR-05827,45-54,MI,2021-08-26,Individual
DNR-05828,65+,MI,2022-10-12,Individual
DNR-05829,18-24,GA,2023-04-24,Individual
DNR-05830,55-64,WA,2023-04-04,Individual
DNR-05831,65+,NY,2025-10-28,Individual
DNR-05832,35-44,IL,2024-03-12,Individual
DNR-05833,55-64,PA,2024-06-10,Individual
DNR-05834,25-34,CO,2025-03-26,Foundation
DNR-05835,55-64,NC,2022-05-01,Individual
DNR-05836,25-34,GA,2025-03-14,Corporate
DNR-05837,55-64,NY,2021-09-10,Individual
DNR-05838,55-64,NC,2024-08-07,Foundation
DNR-05839,55-64,IL,2021-09-03,Individual
DNR-05840,55-64,FL,2025-05-08,Individual
DNR-05841,45-54,NC,2022-09-17,Foundation
DNR-05842,25-34,GA,2021-05-14,Individual
DNR-05843,35-44,NC,2023-06-27,Individual
DNR-05844,25-34,IL,2022-04-01,Individual
DNR-05845,18-24,IL,2025-04-08,Individual
DNR-05846,18-24,NY,2021-07-13,Individual
DNR-05847,65+,PA,2024-06-29,Corporate
DNR-05848,45-54,OH,2022-01-31,Individual
DNR-05849,25-34,TX,2021-02-17,Individual
DNR-05850,25-34,NY,2022-12-16,Individual
DNR-05851,55-64,FL,2022-06-21,Individual
DNR-05852,45-54,PA,2021-06-24,Individual
DNR-05853,18-24,IL,2023-07-12,Individual
DNR-05854,45-54,GA,2021-05-16,Individual
DNR-05855,45-54,CA,2024-11-13,Individual
DNR-05856,25-34,FL,2024-03-03,Individual
DNR-05857,18-24,MI,2025-09-17,Individual
DNR-05858,35-44,WA,2023-09-16,Individual
DNR-05859,25-34,GA,2021-10-23,Individual
DNR-05860,45-54,GA,2021-02-27,Individual
DNR-05861,65+,MI,2021-11-06,Individual
DNR-05862,25-34,CA,2023-04-14,Individual
DNR-05863,55-64,TX,2023-10-13,Individual
DNR-05864,55-64,CO,2022-08-17,Individual
DNR-05865,25-34,CA,2024-08-15,Individual
DNR-05866,45-54,NY,2021-08-09,Individual
DNR-05867,35-44,CA,2022-01-30,Individual
DNR-05868,18-24,NY,2024-11-09,Individual
DNR-05869,35-44,WA,2021-11-02,Individual
DNR-05870,65+,NY,2021-12-14,Individual
DNR-05871,55-64,FL,2021-03-07,Individual
DNR-05872,35-44,TX,2023-03-12,Corporate
DNR-05873,25-34,NC,2021-05-24,Individual
DNR-05874,35-44,GA,2024-04-09,Individual
DNR-05875,18-24,GA,2024-05-23,Individual
DNR-05876,65+,MI,2022-05-14,Individual
DNR-05877,35-44,MI,2021-01-26,Individual
DNR-05878,55-64,NY,2023-08-04,Individual
DNR-05879,25-34,CA,2024-09-02,Individual
DNR-05880,35-44,NY,2022-02-23,Individual
DNR-05881,55-64,WA,2025-03-03,Individual
DNR-05882,25-34,NY,2023-03-10,Individual
DNR-05883,35-44,CO,2025-07-06,Individual
DNR-05884,35-44,CA,2025-05-04,Individual
DNR-05885,25-34,CA,2023-10-13,Individual
DNR-05886,35-44,IL,2023-08-29,Individual
DNR-05887,65+,TX,2022-05-17,Individual
DNR-05888,35-44,TX,2025-08-17,Individual
DNR-05889,25-34,OH,2022-01-12,Individual
DNR-05890,25-34,MI,2021-02-01,Individual
DNR-05891,25-34,CO,2022-07-07,Individual
DNR-05892,45-54,IL,2024-09-22,Individual
DNR-05893,55-64,GA,2025-02-28,Individual
DNR-05894,18-24,WA,2022-01-05,Individual
DNR-05895,45-54,PA,2022-01-10,Individual
DNR-05896,25-34,OH,2021-07-13,Individual
DNR-05897,45-54,IL,2021-06-11,Individual
DNR-05898,65+,WA,2025-01-14,Individual
DNR-05899,35-44,CO,2021-10-02,Individual
DNR-05900,35-44,OH,2023-01-06,Individual
DNR-05901,25-34,WA,2021-03-17,Individual
DNR-05902,65+,MI,2021-08-15,Individual
DNR-05903,55-64,NC,2025-09-20,Individual
DNR-05904,45-54,CO,2023-04-09,Major Donor
DNR-05905,55-64,IL,2024-05-27,Individual
DNR-05906,55-64,NC,2023-09-08,Individual
DNR-05907,25-34,OH,2024-10-13,Individual
DNR-05908,35-44,IL,2021-05-01,Corporate
DNR-05909,18-24,CO,2022-10-01,Individual
DNR-05910,45-54,CA,2022-04-18,Individual
DNR-05911,18-24,IL,2024-03-02,Individual
DNR-05912,25-34,OH,2024-06-23,Individual
DNR-05913,35-44,CO,2022-09-08,Individual
DNR-05914,65+,FL,2025-01-27,Individual
DNR-05915,45-54,TX,2023-03-16,Individual
DNR-05916,35-44,FL,2025-09-04,Individual
DNR-05917,35-44,IL,2022-07-25,Individual
DNR-05918,18-24,TX,2023-07-09,Foundation
DNR-05919,65+,OH,2021-08-29,Individual
DNR-05920,25-34,CO,2022-10-15,Individual
DNR-05921,18-24,TX,2025-10-19,Individual
DNR-05922,35-44,CO,2022-02-13,Individual
DNR-05923,35-44,PA,2021-10-31,Corporate
DNR-05924,55-64,NY,2021-01-04,Corporate
DNR-05925,45-54,OH,2021-05-05,Individual
DNR-05926,45-54,OH,2022-05-25,Individual
DNR-05927,25-34,NY,2023-07-18,Individual
DNR-05928,45-54,MI,2021-01-07,Individual
DNR-05929,25-34,NY,2021-07-04,Individual
DNR-05930,55-64,CA,2021-02-17,Individual
DNR-05931,45-54,TX,2023-02-27,Individual
DNR-05932,45-54,FL,2025-08-08,Individual
DNR-05933,45-54,NC,2023-07-25,Individual
DNR-05934,35-44,CO,2025-05-03,Individual
DNR-05935,18-24,CO,2024-06-19,Individual
DNR-05936,65+,CA,2022-11-21,Individual
DNR-05937,45-54,GA,2025-10-17,Corporate
DNR-05938,18-24,NY,2022-06-13,Individual
DNR-05939,65+,NC,2024-05-07,Individual
DNR-05940,25-34,CA,2022-07-22,Individual
DNR-05941,25-34,GA,2021-07-18,Individual
DNR-05942,35-44,CA,2021-06-18,Corporate
DNR-05943,45-54,WA,2022-10-14,Individual
DNR-05944,35-44,TX,2023-01-27,Individual
DNR-05945,55-64,TX,2025-04-04,Individual
DNR-05946,25-34,WA,2021-02-07,Individual
DNR-05947,25-34,FL,2021-01-25,Individual
DNR-05948,18-24,PA,2022-07-23,Individual
DNR-05949,45-54,IL,2023-02-08,Foundation
DNR-05950,45-54,OH,2022-08-04,Individual
DNR-05951,45-54,CA,2023-06-04,Individual
DNR-05952,25-34,WA,2021-04-30,Individual
DNR-05953,25-34,NC,2025-01-16,Individual
DNR-05954,25-34,TX,2021-07-07,Individual
DNR-05955,35-44,IL,2024-08-29,Individual
DNR-05956,55-64,TX,2021-01-03,Individual
DNR-05957,35-44,CA,2021-03-10,Individual
DNR-05958,35-44,TX,2023-10-15,Individual
DNR-05959,65+,WA,2023-08-16,Individual
DNR-05960,25-34,FL,2022-01-30,Individual
DNR-05961,18-24,IL,2022-12-07,Major Donor
DNR-05962,25-34,NC,2021-06-28,Individual
DNR-05963,35-44,NC,2021-10-13,Individual
DNR-05964,65+,WA,2021-08-26,Individual
DNR-05965,65+,PA,2021-12-28,Individual
DNR-05966,45-54,OH,2024-03-02,Individual
DNR-05967,18-24,MI,2021-08-23,Corporate
DNR-05968,25-34,OH,2021-12-21,Individual
DNR-05969,25-34,FL,2021-02-18,Individual
DNR-05970,25-34,CA,2023-12-06,Individual
DNR-05971,65+,FL,2025-01-21,Corporate
DNR-05972,65+,WA,2021-09-18,Individual
DNR-05973,25-34,NY,2023-05-25,Individual
DNR-05974,65+,CO,2024-09-03,Corporate
DNR-05975,45-54,OH,2023-02-06,Individual
DNR-05976,65+,CO,2025-03-19,Individual
DNR-05977,35-44,NY,2025-03-25,Individual
DNR-05978,25-34,TX,2025-11-28,Individual
DNR-05979,25-34,WA,2023-06-20,Individual
DNR-05980,65+,CA,2022-09-07,Individual
DNR-05981,25-34,PA,2024-06-27,Individual
DNR-05982,55-64,FL,2023-10-20,Individual
DNR-05983,55-64,IL,2025-02-07,Individual
DNR-05984,65+,CA,2022-04-27,Individual
DNR-05985,45-54,TX,2023-10-03,Major Donor
DNR-05986,45-54,TX,2022-10-13,Individual
DNR-05987,65+,OH,2025-08-19,Individual
DNR-05988,35-44,OH,2023-07-17,Major Donor
DNR-05989,65+,CO,2024-12-11,Individual
DNR-05990,25-34,TX,2025-05-23,Individual
DNR-05991,65+,MI,2022-07-20,Major Donor
DNR-05992,35-44,NC,2023-06-25,Corporate
DNR-05993,55-64,MI,2023-06-25,Individual
DNR-05994,55-64,WA,2022-08-24,Individual
DNR-05995,45-54,PA,2021-11-23,Individual
DNR-05996,65+,CA,2021-01-31,Individual
DNR-05997,35-44,GA,2025-07-10,Individual
DNR-05998,25-34,PA,2022-09-10,Major Donor
DNR-05999,25-34,NY,2025-11-05,Individual
DNR-06000,55-64,OH,2022-09-22,Individual
DNR-06001,25-34,CA,2024-01-27,Individual
DNR-06002,35-44,IL,2022-11-20,Individual
DNR-06003,35-44,PA,2024-05-23,Individual
DNR-06004,25-34,OH,2022-06-10,Individual
DNR-06005,55-64,WA,2024-09-13,Individual
DNR-06006,25-34,WA,2025-08-04,Individual
DNR-06007,55-64,NC,2024-12-25,Individual
DNR-06008,25-34,FL,2024-02-02,Individual
DNR-06009,35-44,IL,2021-01-06,Corporate
DNR-06010,45-54,IL,2022-04-07,Individual
DNR-06011,35-44,TX,2023-10-22,Corporate
DNR-06012,35-44,MI,2025-01-22,Individual
DNR-06013,18-24,OH,2025-06-30,Individual
DNR-06014,55-64,PA,2023-04-10,Individual
DNR-06015,25-34,NY,2025-10-01,Individual
DNR-06016,55-64,PA,2022-01-08,Individual
DNR-06017,45-54,CA,2022-09-29,Individual
DNR-06018,25-34,NY,2025-07-01,Individual
DNR-06019,18-24,MI,2021-08-31,Individual
DNR-06020,35-44,FL,2025-03-04,Foundation
DNR-06021,45-54,WA,2023-10-15,Individual
DNR-06022,18-24,NY,2025-11-22,Individual
DNR-06023,65+,FL,2022-02-19,Individual
DNR-06024,45-54,MI,2021-08-04,Individual
DNR-06025,65+,CA,2024-06-29,Individual
DNR-06026,18-24,NY,2021-07-03,Individual
DNR-06027,65+,CA,2022-03-06,Individual
DNR-06028,45-54,CO,2022-05-08,Individual
DNR-06029,35-44,WA,2021-07-22,Individual
DNR-06030,55-64,CA,2024-02-11,Individual
DNR-06031,55-64,TX,2024-07-14,Individual
DNR-06032,35-44,CO,2025-04-07,Major Donor
DNR-06033,65+,CO,2024-06-17,Major Donor
DNR-06034,45-54,IL,2023-11-06,Individual
DNR-06035,35-44,NC,2025-09-28,Major Donor
DNR-06036,65+,WA,2022-11-05,Corporate
DNR-06037,65+,PA,2021-09-04,Individual
DNR-06038,25-34,CA,2022-04-03,Individual
DNR-06039,25-34,NC,2021-02-16,Individual
DNR-06040,35-44,CO,2024-10-16,Corporate
DNR-06041,55-64,MI,2021-01-08,Individual
DNR-06042,25-34,CA,2025-04-07,Individual
DNR-06043,18-24,CO,2023-05-01,Individual
DNR-06044,45-54,TX,2023-11-15,Individual
DNR-06045,45-54,MI,2021-09-23,Corporate
DNR-06046,25-34,GA,2024-07-21,Major Donor
DNR-06047,25-34,PA,2025-05-06,Individual
DNR-06048,35-44,OH,2025-09-12,Individual
DNR-06049,55-64,NY,2024-02-21,Corporate
DNR-06050,45-54,WA,2022-01-08,Individual
DNR-06051,35-44,PA,2025-01-20,Individual
DNR-06052,35-44,NY,2023-08-12,Corporate
DNR-06053,45-54,IL,2021-12-14,Individual
DNR-06054,25-34,OH,2022-02-02,Individual
DNR-06055,55-64,OH,2022-01-17,Individual
DNR-06056,65+,MI,2024-04-13,Individual
DNR-06057,45-54,GA,2024-10-01,Individual
DNR-06058,35-44,OH,2022-06-16,Individual
DNR-06059,45-54,CA,2025-06-29,Individual
DNR-06060,25-34,MI,2023-06-14,Individual
DNR-06061,65+,CO,2025-10-07,Major Donor
DNR-06062,65+,CA,2025-03-14,Foundation
DNR-06063,25-34,OH,2022-10-22,Individual
DNR-06064,35-44,NY,2022-09-03,Individual
DNR-06065,25-34,PA,2023-09-11,Corporate
DNR-06066,65+,WA,2021-04-06,Major Donor
DNR-06067,55-64,TX,2023-12-07,Individual
DNR-06068,45-54,CO,2022-08-01,Individual
DNR-06069,55-64,MI,2021-08-19,Individual
DNR-06070,55-64,NC,2021-10-08,Individual
DNR-06071,18-24,CA,2021-05-16,Individual
DNR-06072,55-64,CA,2025-02-21,Individual
DNR-06073,55-64,NY,2025-07-26,Individual
DNR-06074,65+,OH,2021-10-29,Individual
DNR-06075,55-64,CO,2023-09-03,Individual
DNR-06076,45-54,OH,2024-02-01,Major Donor
DNR-06077,25-34,MI,2024-12-31,Individual
DNR-06078,35-44,CA,2025-11-02,Individual
DNR-06079,18-24,CA,2021-07-11,Individual
DNR-06080,35-44,IL,2025-04-08,Individual
DNR-06081,35-44,MI,2025-04-24,Major Donor
DNR-06082,65+,PA,2025-06-01,Individual
DNR-06083,35-44,CO,2023-08-26,Individual
DNR-06084,25-34,NC,2025-04-16,Corporate
DNR-06085,35-44,GA,2025-04-27,Individual
DNR-06086,25-34,MI,2022-11-06,Individual
DNR-06087,35-44,CA,2023-02-02,Individual
DNR-06088,25-34,WA,2022-12-01,Individual
DNR-06089,55-64,GA,2021-04-04,Individual
DNR-06090,35-44,TX,2021-11-26,Individual
DNR-06091,35-44,CO,2022-08-29,Individual
DNR-06092,55-64,OH,2025-09-22,Major Donor
DNR-06093,25-34,PA,2025-05-03,Individual
DNR-06094,18-24,FL,2021-05-13,Individual
DNR-06095,35-44,PA,2021-05-06,Individual
DNR-06096,55-64,GA,2023-02-26,Individual
DNR-06097,55-64,GA,2023-12-25,Major Donor
DNR-06098,25-34,GA,2024-09-23,Individual
DNR-06099,25-34,NY,2022-10-14,Individual
DNR-06100,35-44,CA,2025-05-09,Individual
DNR-06101,55-64,CO,2025-09-18,Individual
DNR-06102,35-44,TX,2023-07-30,Individual
DNR-06103,25-34,OH,2024-02-27,Individual
DNR-06104,65+,GA,2024-11-04,Individual
DNR-06105,55-64,NY,2022-01-16,Individual
DNR-06106,25-34,NY,2023-07-08,Individual
DNR-06107,35-44,FL,2023-07-02,Individual
DNR-06108,18-24,CO,2021-10-22,Individual
DNR-06109,25-34,NC,2022-02-27,Foundation
DNR-06110,45-54,PA,2023-04-02,Individual
DNR-06111,55-64,OH,2024-05-21,Individual
DNR-06112,35-44,NY,2025-01-18,Individual
DNR-06113,45-54,IL,2023-04-13,Corporate
DNR-06114,35-44,OH,2023-11-25,Corporate
DNR-06115,25-34,CO,2024-04-26,Individual
DNR-06116,55-64,IL,2022-11-17,Individual
DNR-06117,18-24,NC,2021-01-13,Individual
DNR-06118,25-34,FL,2025-09-05,Individual
DNR-06119,25-34,PA,2024-03-29,Individual
DNR-06120,35-44,IL,2024-05-05,Corporate
DNR-06121,25-34,WA,2025-05-10,Individual
DNR-06122,35-44,CO,2025-02-20,Individual
DNR-06123,55-64,GA,2023-08-29,Individual
DNR-06124,25-34,OH,2024-12-26,Individual
DNR-06125,45-54,NY,2025-10-08,Individual
DNR-06126,35-44,TX,2022-05-10,Individual
DNR-06127,25-34,OH,2025-09-27,Individual
DNR-06128,35-44,FL,2025-03-16,Individual
DNR-06129,25-34,WA,2022-01-05,Individual
DNR-06130,25-34,CA,2021-10-29,Individual
DNR-06131,35-44,GA,2025-09-08,Individual
DNR-06132,65+,CA,2023-05-23,Individual
DNR-06133,55-64,TX,2023-05-17,Individual
DNR-06134,35-44,IL,2024-06-17,Corporate
DNR-06135,35-44,NC,2022-07-04,Individual
DNR-06136,25-34,CA,2022-04-22,Individual
DNR-06137,45-54,FL,2025-09-08,Individual
DNR-06138,25-34,NY,2024-04-12,Corporate
DNR-06139,65+,MI,2022-01-05,Individual
DNR-06140,25-34,IL,2025-06-16,Individual
DNR-06141,25-34,CA,2022-01-13,Individual
DNR-06142,18-24,CA,2021-05-05,Individual
DNR-06143,55-64,NY,2023-07-12,Individual
DNR-06144,25-34,FL,2022-03-19,Individual
DNR-06145,18-24,PA,2023-07-02,Corporate
DNR-06146,18-24,MI,2024-11-04,Individual
DNR-06147,35-44,GA,2022-02-11,Individual
DNR-06148,25-34,MI,2022-01-11,Individual
DNR-06149,55-64,GA,2022-04-04,Corporate
DNR-06150,55-64,OH,2021-11-24,Individual
DNR-06151,18-24,FL,2022-05-10,Corporate
DNR-06152,35-44,PA,2024-02-27,Individual
DNR-06153,55-64,MI,2022-06-17,Individual
DNR-06154,65+,PA,2025-02-01,Individual
DNR-06155,25-34,MI,2021-08-11,Individual
DNR-06156,45-54,GA,2022-04-06,Individual
DNR-06157,25-34,MI,2022-01-05,Individual
DNR-06158,25-34,WA,2021-08-30,Individual
DNR-06159,55-64,OH,2021-04-08,Individual
DNR-06160,35-44,OH,2021-05-02,Individual
DNR-06161,35-44,TX,2023-07-16,Individual
DNR-06162,45-54,IL,2023-07-19,Corporate
DNR-06163,45-54,IL,2022-12-30,Major Donor
DNR-06164,45-54,NY,2024-06-30,Individual
DNR-06165,35-44,NC,2023-07-17,Individual
DNR-06166,18-24,CO,2023-06-10,Individual
DNR-06167,55-64,NY,2023-10-12,Major Donor
DNR-06168,18-24,CO,2021-12-14,Individual
DNR-06169,55-64,TX,2021-07-31,Individual
DNR-06170,25-34,CA,2024-05-03,Individual
DNR-06171,65+,FL,2023-01-31,Individual
DNR-06172,25-34,MI,2024-06-23,Individual
DNR-06173,25-34,TX,2021-03-12,Individual
DNR-06174,25-34,TX,2022-12-15,Foundation
DNR-06175,25-34,CA,2021-01-14,Foundation
DNR-06176,35-44,WA,2021-03-25,Individual
DNR-06177,55-64,NY,2025-07-08,Individual
DNR-06178,45-54,PA,2021-08-21,Individual
DNR-06179,45-54,NY,2022-08-04,Individual
DNR-06180,45-54,NC,2022-04-08,Corporate
DNR-06181,45-54,FL,2025-07-14,Individual
DNR-06182,55-64,FL,2024-07-01,Individual
DNR-06183,55-64,OH,2025-11-28,Individual
DNR-06184,25-34,NC,2021-12-01,Individual
DNR-06185,45-54,NC,2021-02-24,Individual
DNR-06186,25-34,IL,2024-08-14,Individual
DNR-06187,25-34,MI,2025-03-22,Individual
DNR-06188,35-44,MI,2021-04-28,Individual
DNR-06189,55-64,MI,2023-03-16,Individual
DNR-06190,18-24,TX,2024-06-13,Individual
DNR-06191,35-44,CA,2022-05-13,Foundation
DNR-06192,45-54,IL,2023-09-13,Individual
DNR-06193,18-24,TX,2021-11-24,Individual
DNR-06194,25-34,CA,2024-05-04,Individual
DNR-06195,35-44,MI,2024-03-05,Individual
DNR-06196,25-34,OH,2025-06-20,Individual
DNR-06197,25-34,GA,2023-07-04,Individual
DNR-06198,35-44,OH,2023-02-02,Individual
DNR-06199,35-44,TX,2025-10-17,Foundation
DNR-06200,45-54,OH,2024-09-29,Corporate
DNR-06201,55-64,TX,2022-05-31,Individual
DNR-06202,45-54,CA,2024-12-07,Individual
DNR-06203,25-34,NY,2023-07-08,Individual
DNR-06204,45-54,NC,2024-03-15,Individual
DNR-06205,25-34,NY,2022-07-05,Individual
DNR-06206,25-34,PA,2022-01-27,Individual
DNR-06207,35-44,NY,2024-11-16,Individual
DNR-06208,25-34,TX,2022-10-13,Individual
DNR-06209,25-34,FL,2021-07-25,Individual
DNR-06210,35-44,GA,2024-09-26,Individual
DNR-06211,35-44,TX,2023-09-21,Corporate
DNR-06212,65+,PA,2022-06-19,Individual
DNR-06213,55-64,TX,2024-11-19,Individual
DNR-06214,25-34,IL,2021-07-11,Individual
DNR-06215,35-44,NC,2024-07-10,Individual
DNR-06216,25-34,NY,2025-06-09,Individual
DNR-06217,35-44,NY,2022-09-12,Individual
DNR-06218,35-44,MI,2023-06-03,Individual
DNR-06219,55-64,TX,2022-02-11,Foundation
DNR-06220,45-54,PA,2024-04-21,Individual
DNR-06221,45-54,NY,2021-07-15,Individual
DNR-06222,45-54,WA,2021-12-06,Individual
DNR-06223,25-34,NC,2022-08-17,Foundation
DNR-06224,55-64,PA,2022-11-15,Individual
DNR-06225,25-34,CO,2025-02-14,Individual
DNR-06226,55-64,CO,2024-01-14,Individual
DNR-06227,35-44,OH,2023-06-15,Individual
DNR-06228,45-54,IL,2025-06-03,Individual
DNR-06229,45-54,TX,2023-03-26,Individual
DNR-06230,25-34,WA,2023-01-13,Individual
DNR-06231,35-44,MI,2025-11-27,Individual
DNR-06232,25-34,TX,2023-03-14,Individual
DNR-06233,55-64,NC,2025-11-16,Individual
DNR-06234,55-64,WA,2022-01-11,Individual
DNR-06235,55-64,IL,2023-04-11,Individual
DNR-06236,35-44,MI,2023-07-05,Individual
DNR-06237,25-34,NY,2025-04-07,Individual
DNR-06238,25-34,TX,2021-07-05,Corporate
DNR-06239,25-34,MI,2022-05-19,Corporate
DNR-06240,18-24,NY,2024-03-20,Individual
DNR-06241,35-44,TX,2024-05-25,Individual
DNR-06242,18-24,OH,2025-08-30,Individual
DNR-06243,65+,PA,2023-03-28,Individual
DNR-06244,65+,PA,2025-08-23,Individual
DNR-06245,18-24,IL,2023-06-01,Individual
DNR-06246,45-54,MI,2024-08-18,Individual
DNR-06247,55-64,MI,2021-06-03,Individual
DNR-06248,55-64,NC,2022-03-26,Individual
DNR-06249,25-34,GA,2024-06-22,Individual
DNR-06250,45-54,OH,2021-07-11,Individual
DNR-06251,18-24,NY,2025-10-12,Individual
DNR-06252,35-44,NY,2023-12-20,Individual
DNR-06253,35-44,WA,2022-10-19,Individual
DNR-06254,55-64,GA,2025-03-13,Individual
DNR-06255,35-44,FL,2023-06-12,Corporate
DNR-06256,65+,NY,2024-12-22,Individual
DNR-06257,25-34,TX,2021-01-31,Individual
DNR-06258,25-34,OH,2022-02-14,Individual
DNR-06259,25-34,CA,2024-09-11,Individual
DNR-06260,55-64,OH,2022-02-26,Major Donor
DNR-06261,65+,MI,2021-08-23,Individual
DNR-06262,25-34,OH,2022-06-15,Individual
DNR-06263,25-34,CA,2022-09-06,Individual
DNR-06264,55-64,IL,2023-03-08,Individual
DNR-06265,25-34,TX,2021-08-27,Corporate
DNR-06266,55-64,NC,2023-08-09,Individual
DNR-06267,35-44,NY,2023-01-12,Individual
DNR-06268,25-34,IL,2023-05-15,Corporate
DNR-06269,45-54,NY,2024-05-22,Individual
DNR-06270,35-44,CA,2025-08-04,Individual
DNR-06271,35-44,NC,2023-08-28,Individual
DNR-06272,65+,GA,2024-02-02,Individual
DNR-06273,25-34,IL,2024-06-23,Individual
DNR-06274,55-64,IL,2024-11-29,Individual
DNR-06275,35-44,IL,2024-02-22,Individual
DNR-06276,25-34,IL,2021-06-09,Individual
DNR-06277,35-44,FL,2022-12-09,Individual
DNR-06278,45-54,GA,2023-10-24,Individual
DNR-06279,18-24,PA,2024-03-13,Individual
DNR-06280,45-54,CO,2025-11-26,Individual
DNR-06281,55-64,OH,2022-04-07,Individual
DNR-06282,35-44,GA,2024-02-20,Individual
DNR-06283,35-44,CO,2021-12-21,Individual
DNR-06284,18-24,NY,2022-06-30,Individual
DNR-06285,35-44,PA,2024-05-04,Individual
DNR-06286,35-44,IL,2024-07-05,Corporate
DNR-06287,45-54,FL,2021-12-24,Individual
DNR-06288,45-54,NY,2022-10-20,Individual
DNR-06289,35-44,CA,2024-04-06,Individual
DNR-06290,18-24,GA,2022-06-21,Individual
DNR-06291,35-44,CA,2025-09-30,Individual
DNR-06292,35-44,NC,2022-08-25,Individual
DNR-06293,35-44,OH,2022-06-21,Individual
DNR-06294,45-54,GA,2025-01-30,Individual
DNR-06295,55-64,OH,2025-09-23,Individual
DNR-06296,55-64,TX,2022-06-10,Corporate
DNR-06297,55-64,OH,2024-10-23,Corporate
DNR-06298,65+,CA,2024-02-08,Corporate
DNR-06299,55-64,CA,2023-01-24,Individual
DNR-06300,35-44,MI,2023-11-30,Individual
DNR-06301,18-24,GA,2024-03-15,Individual
DNR-06302,25-34,CA,2023-09-01,Corporate
DNR-06303,35-44,NY,2021-01-23,Individual
DNR-06304,55-64,NC,2024-11-29,Individual
DNR-06305,65+,PA,2023-02-28,Individual
DNR-06306,35-44,PA,2023-04-24,Individual
DNR-06307,25-34,IL,2021-03-16,Individual
DNR-06308,25-34,NY,2023-05-21,Individual
DNR-06309,35-44,FL,2023-03-23,Individual
DNR-06310,35-44,CA,2021-02-15,Individual
DNR-06311,25-34,TX,2024-01-28,Foundation
DNR-06312,55-64,MI,2023-05-12,Individual
DNR-06313,25-34,NY,2024-08-08,Individual
DNR-06314,35-44,NC,2025-04-29,Individual
DNR-06315,35-44,PA,2023-06-02,Individual
DNR-06316,55-64,OH,2024-10-16,Individual
DNR-06317,45-54,FL,2023-08-23,Individual
DNR-06318,25-34,NC,2022-09-16,Individual
DNR-06319,55-64,GA,2024-11-21,Individual
DNR-06320,55-64,WA,2023-03-30,Individual
DNR-06321,55-64,WA,2022-10-23,Individual
DNR-06322,25-34,CA,2022-09-12,Individual
DNR-06323,25-34,NC,2024-11-23,Individual
DNR-06324,55-64,NC,2023-05-16,Individual
DNR-06325,45-54,NY,2025-11-06,Individual
DNR-06326,25-34,NY,2023-04-14,Individual
DNR-06327,55-64,MI,2025-04-11,Individual
DNR-06328,18-24,FL,2024-10-16,Corporate
DNR-06329,25-34,NC,2025-07-17,Individual
DNR-06330,45-54,MI,2025-09-15,Individual
DNR-06331,25-34,CA,2025-07-30,Individual
DNR-06332,45-54,FL,2024-02-25,Individual
DNR-06333,35-44,GA,2025-05-02,Individual
DNR-06334,18-24,OH,2025-02-19,Corporate
DNR-06335,45-54,TX,2025-08-12,Individual
DNR-06336,25-34,FL,2023-04-10,Individual
DNR-06337,45-54,WA,2025-01-10,Individual
DNR-06338,25-34,FL,2022-04-26,Major Donor
DNR-06339,65+,MI,2022-11-01,Individual
DNR-06340,35-44,MI,2024-11-18,Individual
DNR-06341,35-44,OH,2024-06-04,Major Donor
DNR-06342,45-54,NC,2024-05-11,Individual
DNR-06343,35-44,MI,2023-06-19,Individual
DNR-06344,65+,FL,2023-12-23,Individual
DNR-06345,45-54,IL,2024-02-24,Corporate
DNR-06346,55-64,CO,2024-09-10,Individual
DNR-06347,45-54,CO,2021-10-28,Individual
DNR-06348,45-54,OH,2021-06-04,Individual
DNR-06349,65+,OH,2023-08-24,Individual
DNR-06350,45-54,WA,2024-07-22,Individual
DNR-06351,35-44,WA,2022-03-31,Individual
DNR-06352,55-64,NY,2023-12-17,Individual
DNR-06353,55-64,MI,2021-07-30,Individual
DNR-06354,65+,WA,2025-01-20,Individual
DNR-06355,18-24,GA,2023-11-13,Individual
DNR-06356,35-44,MI,2025-05-06,Individual
DNR-06357,35-44,GA,2021-11-16,Individual
DNR-06358,35-44,NC,2021-04-09,Individual
DNR-06359,55-64,CA,2021-03-06,Individual
DNR-06360,25-34,TX,2023-07-20,Individual
DNR-06361,45-54,WA,2024-05-15,Foundation
DNR-06362,55-64,NC,2025-11-18,Individual
DNR-06363,18-24,NY,2022-10-31,Individual
DNR-06364,35-44,MI,2023-07-27,Individual
DNR-06365,25-34,WA,2022-11-26,Foundation
DNR-06366,25-34,OH,2023-08-15,Individual
DNR-06367,65+,WA,2024-01-11,Individual
DNR-06368,55-64,OH,2021-08-19,Individual
DNR-06369,55-64,OH,2025-10-25,Individual
DNR-06370,45-54,NC,2023-03-14,Individual
DNR-06371,25-34,CA,2021-10-01,Individual
DNR-06372,55-64,TX,2023-07-24,Individual
DNR-06373,65+,IL,2023-05-13,Individual
DNR-06374,35-44,MI,2022-07-29,Individual
DNR-06375,25-34,IL,2023-02-21,Individual
DNR-06376,45-54,GA,2022-11-16,Major Donor
DNR-06377,18-24,CO,2021-01-13,Individual
DNR-06378,65+,TX,2022-08-28,Individual
DNR-06379,55-64,FL,2022-09-03,Individual
DNR-06380,45-54,TX,2023-04-16,Individual
DNR-06381,25-34,TX,2022-04-02,Individual
DNR-06382,45-54,OH,2024-02-04,Corporate
DNR-06383,45-54,FL,2025-08-13,Individual
DNR-06384,55-64,NY,2024-06-03,Individual
DNR-06385,35-44,OH,2021-09-28,Corporate
DNR-06386,55-64,CO,2022-10-14,Individual
DNR-06387,35-44,CO,2022-09-24,Individual
DNR-06388,35-44,CA,2025-04-14,Individual
DNR-06389,35-44,PA,2024-12-04,Individual
DNR-06390,45-54,FL,2025-05-15,Foundation
DNR-06391,45-54,NC,2025-11-25,Individual
DNR-06392,35-44,CO,2024-01-25,Individual
DNR-06393,35-44,NC,2024-03-13,Individual
DNR-06394,45-54,OH,2023-01-27,Individual
DNR-06395,65+,FL,2021-11-08,Major Donor
DNR-06396,35-44,GA,2023-05-27,Individual
DNR-06397,65+,OH,2024-05-22,Individual
DNR-06398,25-34,MI,2022-08-05,Individual
DNR-06399,35-44,WA,2022-09-28,Individual
DNR-06400,18-24,IL,2021-12-23,Individual
DNR-06401,35-44,TX,2022-01-16,Individual
DNR-06402,25-34,OH,2023-04-22,Individual
DNR-06403,65+,MI,2023-05-04,Individual
DNR-06404,25-34,PA,2024-04-09,Individual
DNR-06405,45-54,MI,2023-02-12,Individual
DNR-06406,45-54,CO,2024-09-08,Individual
DNR-06407,45-54,FL,2024-05-20,Individual
DNR-06408,45-54,GA,2022-03-18,Individual
DNR-06409,45-54,GA,2025-11-07,Major Donor
DNR-06410,45-54,PA,2024-12-25,Individual
DNR-06411,35-44,FL,2025-05-19,Individual
DNR-06412,18-24,IL,2022-06-06,Individual
DNR-06413,25-34,FL,2024-05-30,Individual
DNR-06414,25-34,MI,2024-05-20,Individual
DNR-06415,25-34,NY,2021-06-23,Individual
DNR-06416,18-24,IL,2021-03-02,Individual
DNR-06417,45-54,GA,2021-04-12,Individual
DNR-06418,45-54,CO,2023-03-28,Individual
DNR-06419,35-44,WA,2021-05-18,Foundation
DNR-06420,18-24,IL,2024-09-16,Individual
DNR-06421,18-24,IL,2025-02-06,Foundation
DNR-06422,35-44,MI,2021-08-31,Individual
DNR-06423,65+,NC,2023-10-13,Individual
DNR-06424,45-54,NC,2023-08-21,Individual
DNR-06425,55-64,OH,2023-06-10,Individual
DNR-06426,55-64,CO,2022-09-01,Individual
DNR-06427,18-24,MI,2021-10-05,Individual
DNR-06428,18-24,TX,2024-12-23,Individual
DNR-06429,25-34,MI,2022-04-24,Individual
DNR-06430,35-44,CA,2023-09-20,Major Donor
DNR-06431,45-54,MI,2024-06-28,Foundation
DNR-06432,65+,NC,2023-04-01,Individual
DNR-06433,65+,PA,2025-07-31,Individual
DNR-06434,55-64,CA,2023-04-04,Individual
DNR-06435,25-34,NY,2023-08-29,Individual
DNR-06436,35-44,NC,2023-07-08,Individual
DNR-06437,65+,TX,2023-06-01,Individual
DNR-06438,65+,WA,2025-04-01,Individual
DNR-06439,55-64,IL,2025-04-29,Individual
DNR-06440,35-44,IL,2022-05-23,Individual
DNR-06441,35-44,CA,2021-09-04,Individual
DNR-06442,45-54,PA,2024-09-06,Individual
DNR-06443,18-24,GA,2025-10-08,Individual
DNR-06444,45-54,CA,2023-10-01,Individual
DNR-06445,35-44,FL,2023-10-14,Major Donor
DNR-06446,45-54,WA,2023-05-09,Individual
DNR-06447,25-34,PA,2022-01-03,Foundation
DNR-06448,55-64,MI,2025-09-03,Individual
DNR-06449,25-34,GA,2025-01-19,Individual
DNR-06450,18-24,IL,2022-02-01,Individual
DNR-06451,35-44,IL,2025-02-07,Individual
DNR-06452,35-44,MI,2022-07-18,Individual
DNR-06453,35-44,NY,2021-01-01,Individual
DNR-06454,45-54,TX,2023-06-29,Individual
DNR-06455,65+,NY,2025-05-06,Individual
DNR-06456,35-44,CA,2024-11-17,Individual
DNR-06457,18-24,GA,2025-05-12,Individual
DNR-06458,65+,NC,2024-07-13,Individual
DNR-06459,35-44,GA,2025-10-14,Individual
DNR-06460,45-54,NC,2024-11-24,Individual
DNR-06461,25-34,OH,2024-04-29,Individual
DNR-06462,18-24,CA,2022-01-30,Major Donor
DNR-06463,35-44,PA,2024-02-18,Individual
DNR-06464,18-24,CO,2022-12-11,Individual
DNR-06465,55-64,GA,2025-07-13,Individual
DNR-06466,55-64,OH,2022-06-18,Individual
DNR-06467,45-54,CA,2024-10-02,Individual
DNR-06468,35-44,GA,2023-03-27,Individual
DNR-06469,18-24,FL,2021-01-06,Individual
DNR-06470,45-54,PA,2025-08-25,Individual
DNR-06471,25-34,NY,2022-10-01,Individual
DNR-06472,65+,CO,2025-04-08,Individual
DNR-06473,25-34,NC,2024-01-24,Individual
DNR-06474,45-54,OH,2021-02-19,Individual
DNR-06475,65+,CO,2025-04-24,Individual
DNR-06476,35-44,NC,2021-03-23,Individual
DNR-06477,65+,WA,2024-02-10,Individual
DNR-06478,45-54,NC,2024-11-21,Individual
DNR-06479,35-44,TX,2024-01-12,Individual
DNR-06480,25-34,OH,2024-05-30,Individual
DNR-06481,45-54,FL,2022-08-02,Individual
DNR-06482,25-34,CO,2025-11-11,Individual
DNR-06483,18-24,FL,2023-05-06,Individual
DNR-06484,35-44,NY,2024-05-23,Major Donor
DNR-06485,65+,OH,2023-10-28,Corporate
DNR-06486,45-54,MI,2023-09-26,Individual
DNR-06487,65+,MI,2024-02-18,Individual
DNR-06488,45-54,CA,2021-12-11,Individual
DNR-06489,25-34,CO,2024-05-12,Individual
DNR-06490,55-64,IL,2025-08-12,Individual
DNR-06491,25-34,WA,2025-11-08,Individual
DNR-06492,55-64,OH,2025-10-20,Corporate
DNR-06493,45-54,NC,2021-07-25,Individual
DNR-06494,35-44,OH,2022-11-25,Individual
DNR-06495,25-34,MI,2022-05-09,Individual
DNR-06496,35-44,GA,2024-09-05,Individual
DNR-06497,65+,TX,2025-06-24,Individual
DNR-06498,45-54,GA,2021-02-07,Individual
DNR-06499,35-44,IL,2024-10-20,Individual
DNR-06500,35-44,CO,2023-01-15,Individual
DNR-06501,18-24,NC,2024-11-30,Foundation
DNR-06502,55-64,WA,2024-10-22,Corporate
DNR-06503,55-64,IL,2022-02-07,Individual
DNR-06504,55-64,MI,2023-03-11,Individual
DNR-06505,45-54,OH,2022-11-26,Individual
DNR-06506,55-64,OH,2025-11-30,Individual
DNR-06507,25-34,PA,2021-09-28,Corporate
DNR-06508,35-44,NY,2024-12-10,Individual
DNR-06509,18-24,CO,2023-01-15,Individual
DNR-06510,45-54,NY,2023-02-27,Individual
DNR-06511,55-64,GA,2021-09-23,Individual
DNR-06512,35-44,OH,2021-01-13,Individual
DNR-06513,55-64,OH,2021-04-10,Individual
DNR-06514,35-44,OH,2022-04-30,Individual
DNR-06515,18-24,CO,2025-08-26,Individual
DNR-06516,25-34,WA,2023-12-24,Corporate
DNR-06517,18-24,NC,2023-05-29,Individual
DNR-06518,55-64,MI,2024-04-18,Individual
DNR-06519,65+,NY,2021-03-31,Individual
DNR-06520,45-54,TX,2025-07-08,Individual
DNR-06521,45-54,PA,2023-01-18,Individual
DNR-06522,55-64,GA,2021-11-20,Individual
DNR-06523,35-44,MI,2025-03-31,Individual
DNR-06524,25-34,WA,2023-01-21,Individual
DNR-06525,35-44,NY,2025-08-16,Individual
DNR-06526,35-44,TX,2024-06-30,Individual
DNR-06527,35-44,GA,2025-11-03,Foundation
DNR-06528,25-34,IL,2022-08-28,Individual
DNR-06529,25-34,PA,2024-07-14,Individual
DNR-06530,65+,IL,2022-08-09,Individual
DNR-06531,35-44,NC,2024-11-21,Individual
DNR-06532,18-24,NC,2021-07-05,Individual
DNR-06533,45-54,PA,2021-09-05,Individual
DNR-06534,25-34,IL,2024-07-12,Individual
DNR-06535,65+,TX,2025-04-10,Individual
DNR-06536,55-64,PA,2025-11-11,Individual
DNR-06537,45-54,NY,2021-11-02,Individual
DNR-06538,35-44,FL,2022-10-07,Individual
DNR-06539,55-64,TX,2025-07-21,Individual
DNR-06540,18-24,NY,2022-09-27,Individual
DNR-06541,45-54,OH,2022-08-30,Individual
DNR-06542,25-34,CA,2023-04-12,Individual
DNR-06543,18-24,PA,2023-01-20,Individual
DNR-06544,18-24,FL,2022-02-12,Individual
DNR-06545,65+,OH,2024-10-23,Individual
DNR-06546,35-44,NY,2023-10-15,Individual
DNR-06547,45-54,PA,2022-12-12,Individual
DNR-06548,35-44,FL,2021-09-22,Individual
DNR-06549,35-44,MI,2022-05-18,Individual
DNR-06550,35-44,IL,2022-06-28,Individual
DNR-06551,25-34,WA,2025-02-07,Individual
DNR-06552,65+,GA,2025-07-21,Individual
DNR-06553,45-54,CA,2024-04-10,Individual
DNR-06554,18-24,WA,2024-03-18,Foundation
DNR-06555,45-54,OH,2023-12-11,Individual
DNR-06556,55-64,OH,2025-03-03,Foundation
DNR-06557,35-44,CA,2024-04-04,Individual
DNR-06558,55-64,CO,2024-02-09,Individual
DNR-06559,45-54,NC,2024-05-28,Individual
DNR-06560,65+,PA,2023-08-01,Individual
DNR-06561,55-64,FL,2024-11-07,Individual
DNR-06562,55-64,CO,2025-03-08,Individual
DNR-06563,25-34,NY,2021-07-01,Individual
DNR-06564,45-54,TX,2025-07-09,Individual
DNR-06565,35-44,FL,2021-02-22,Individual
DNR-06566,55-64,CO,2022-03-21,Individual
DNR-06567,35-44,WA,2024-12-17,Individual
DNR-06568,65+,OH,2021-09-30,Individual
DNR-06569,25-34,NC,2022-08-16,Individual
DNR-06570,55-64,OH,2021-10-01,Individual
DNR-06571,35-44,MI,2025-07-05,Corporate
DNR-06572,25-34,TX,2025-10-27,Individual
DNR-06573,25-34,CO,2023-06-19,Individual
DNR-06574,45-54,PA,2021-11-23,Individual
DNR-06575,25-34,WA,2024-08-27,Individual
DNR-06576,25-34,CO,2022-01-09,Individual
DNR-06577,45-54,FL,2021-01-01,Individual
DNR-06578,35-44,IL,2025-04-08,Individual
DNR-06579,35-44,WA,2021-10-11,Individual
DNR-06580,35-44,MI,2021-05-25,Individual
DNR-06581,35-44,PA,2021-01-19,Individual
DNR-06582,55-64,CO,2025-11-01,Individual
DNR-06583,35-44,GA,2022-12-02,Individual
DNR-06584,45-54,MI,2022-10-25,Individual
DNR-06585,65+,CA,2021-05-23,Individual
DNR-06586,55-64,IL,2021-03-02,Individual
DNR-06587,25-34,OH,2022-05-19,Individual
DNR-06588,25-34,TX,2024-07-04,Individual
DNR-06589,35-44,FL,2023-10-07,Individual
DNR-06590,45-54,CO,2021-06-04,Individual
DNR-06591,35-44,IL,2021-03-11,Foundation
DNR-06592,65+,GA,2025-02-04,Individual
DNR-06593,35-44,FL,2021-01-08,Individual
DNR-06594,35-44,PA,2023-02-15,Individual
DNR-06595,55-64,TX,2021-12-14,Individual
DNR-06596,45-54,NY,2024-07-14,Individual
DNR-06597,45-54,CO,2024-08-04,Individual
DNR-06598,35-44,NY,2021-04-20,Individual
DNR-06599,35-44,PA,2024-10-15,Individual
DNR-06600,35-44,TX,2023-11-03,Individual
DNR-06601,18-24,OH,2023-01-31,Individual
DNR-06602,55-64,FL,2025-08-28,Individual
DNR-06603,55-64,WA,2024-12-18,Individual
DNR-06604,55-64,OH,2023-01-01,Individual
DNR-06605,35-44,CA,2025-06-18,Individual
DNR-06606,25-34,MI,2022-08-03,Individual
DNR-06607,25-34,NC,2023-09-22,Individual
DNR-06608,45-54,MI,2022-03-22,Major Donor
DNR-06609,45-54,NC,2024-10-23,Individual
DNR-06610,65+,CA,2024-12-21,Individual
DNR-06611,45-54,OH,2022-06-12,Individual
DNR-06612,45-54,PA,2021-03-12,Individual
DNR-06613,55-64,MI,2025-07-25,Individual
DNR-06614,25-34,OH,2024-12-09,Individual
DNR-06615,35-44,TX,2025-05-07,Corporate
DNR-06616,65+,IL,2021-09-27,Individual
DNR-06617,25-34,CO,2023-02-20,Individual
DNR-06618,65+,NC,2024-01-28,Individual
DNR-06619,45-54,CA,2025-07-08,Individual
DNR-06620,45-54,PA,2022-11-06,Individual
DNR-06621,18-24,CA,2022-04-12,Individual
DNR-06622,35-44,CO,2022-01-09,Individual
DNR-06623,65+,MI,2025-11-29,Individual
DNR-06624,35-44,GA,2023-12-24,Individual
DNR-06625,55-64,WA,2022-09-07,Individual
DNR-06626,45-54,CO,2021-11-27,Individual
DNR-06627,18-24,NC,2023-10-30,Individual
DNR-06628,25-34,TX,2025-05-05,Individual
DNR-06629,45-54,WA,2022-02-24,Individual
DNR-06630,45-54,IL,2023-09-17,Individual
DNR-06631,18-24,CO,2021-05-19,Individual
DNR-06632,25-34,CO,2021-06-07,Major Donor
DNR-06633,35-44,IL,2022-06-08,Individual
DNR-06634,45-54,NC,2023-08-16,Individual
DNR-06635,35-44,WA,2025-11-17,Foundation
DNR-06636,45-54,MI,2022-10-27,Individual
DNR-06637,55-64,FL,2022-07-06,Individual
DNR-06638,65+,MI,2024-10-21,Individual
DNR-06639,25-34,OH,2025-10-24,Corporate
DNR-06640,55-64,NY,2025-07-05,Individual
DNR-06641,35-44,OH,2024-03-21,Corporate
DNR-06642,25-34,PA,2023-04-01,Individual
DNR-06643,45-54,WA,2022-12-31,Corporate
DNR-06644,25-34,GA,2023-11-04,Individual
DNR-06645,65+,PA,2024-09-24,Corporate
DNR-06646,35-44,GA,2022-11-03,Individual
DNR-06647,65+,IL,2022-12-23,Individual
DNR-06648,18-24,NY,2023-08-22,Individual
DNR-06649,35-44,OH,2023-03-03,Individual
DNR-06650,25-34,WA,2025-07-14,Individual
DNR-06651,35-44,PA,2021-04-28,Individual
DNR-06652,25-34,IL,2022-06-07,Individual
DNR-06653,18-24,NC,2025-10-31,Individual
DNR-06654,65+,NY,2024-04-20,Individual
DNR-06655,55-64,FL,2021-10-22,Individual
DNR-06656,45-54,OH,2023-12-20,Individual
DNR-06657,25-34,PA,2021-02-04,Individual
DNR-06658,18-24,CA,2025-08-08,Individual
DNR-06659,25-34,FL,2023-07-16,Individual
DNR-06660,35-44,IL,2021-04-04,Corporate
DNR-06661,35-44,OH,2021-11-12,Corporate
DNR-06662,55-64,PA,2021-05-05,Individual
DNR-06663,45-54,NC,2025-02-06,Individual
DNR-06664,45-54,IL,2022-04-03,Individual
DNR-06665,25-34,MI,2025-03-10,Individual
DNR-06666,35-44,CA,2021-01-25,Individual
DNR-06667,45-54,MI,2025-08-14,Individual
DNR-06668,25-34,TX,2023-09-25,Individual
DNR-06669,25-34,OH,2024-02-12,Individual
DNR-06670,18-24,PA,2024-06-02,Individual
DNR-06671,35-44,OH,2021-03-28,Individual
DNR-06672,35-44,NC,2025-03-20,Individual
DNR-06673,35-44,WA,2021-01-30,Individual
DNR-06674,45-54,PA,2022-04-02,Individual
DNR-06675,55-64,NY,2024-04-12,Individual
DNR-06676,35-44,TX,2021-10-15,Individual
DNR-06677,25-34,WA,2025-01-08,Individual
DNR-06678,18-24,FL,2025-11-21,Individual
DNR-06679,45-54,TX,2021-07-04,Individual
DNR-06680,45-54,NY,2022-11-12,Individual
DNR-06681,35-44,NY,2023-08-18,Individual
DNR-06682,45-54,WA,2022-04-11,Individual
DNR-06683,45-54,GA,2023-07-31,Individual
DNR-06684,65+,CA,2023-01-13,Individual
DNR-06685,35-44,OH,2024-09-06,Individual
DNR-06686,65+,NC,2025-02-20,Individual
DNR-06687,18-24,NC,2025-01-17,Individual
DNR-06688,55-64,PA,2025-03-26,Individual
DNR-06689,55-64,CO,2025-05-31,Individual
DNR-06690,25-34,MI,2023-11-20,Individual
DNR-06691,45-54,FL,2023-05-11,Individual
DNR-06692,35-44,CO,2021-12-11,Major Donor
DNR-06693,45-54,CO,2024-08-09,Individual
DNR-06694,25-34,OH,2024-06-29,Individual
DNR-06695,65+,FL,2025-09-14,Individual
DNR-06696,35-44,CO,2021-07-22,Individual
DNR-06697,25-34,MI,2021-01-06,Individual
DNR-06698,45-54,WA,2022-03-14,Individual
DNR-06699,65+,NC,2021-06-27,Individual
DNR-06700,35-44,NC,2025-06-23,Individual
DNR-06701,25-34,OH,2021-11-03,Individual
DNR-06702,35-44,IL,2025-08-14,Individual
DNR-06703,45-54,NY,2023-04-29,Individual
DNR-06704,25-34,GA,2023-05-11,Corporate
DNR-06705,45-54,CA,2025-01-24,Individual
DNR-06706,65+,NY,2023-07-12,Individual
DNR-06707,25-34,WA,2021-11-07,Corporate
DNR-06708,18-24,OH,2025-08-22,Individual
DNR-06709,55-64,CO,2022-10-10,Individual
DNR-06710,35-44,WA,2024-01-16,Individual
DNR-06711,35-44,GA,2024-02-05,Individual
DNR-06712,25-34,WA,2024-04-04,Individual
DNR-06713,35-44,PA,2025-06-09,Individual
DNR-06714,18-24,NC,2022-02-19,Individual
DNR-06715,18-24,GA,2024-01-13,Individual
DNR-06716,35-44,PA,2025-03-14,Individual
DNR-06717,35-44,NY,2024-04-09,Individual
DNR-06718,35-44,MI,2024-02-17,Individual
DNR-06719,35-44,OH,2025-04-10,Individual
DNR-06720,35-44,NC,2025-08-21,Individual
DNR-06721,25-34,NY,2023-11-15,Individual
DNR-06722,18-24,GA,2025-10-30,Individual
DNR-06723,25-34,OH,2023-03-28,Individual
DNR-06724,25-34,WA,2024-10-27,Individual
DNR-06725,18-24,PA,2025-05-30,Individual
DNR-06726,55-64,NC,2025-02-20,Individual
DNR-06727,45-54,NC,2021-07-24,Individual
DNR-06728,55-64,CA,2023-12-08,Individual
DNR-06729,55-64,NY,2023-11-13,Individual
DNR-06730,18-24,OH,2024-08-21,Individual
DNR-06731,55-64,MI,2023-03-06,Individual
DNR-06732,18-24,MI,2021-03-17,Corporate
DNR-06733,55-64,MI,2021-09-28,Individual
DNR-06734,45-54,FL,2024-02-11,Individual
DNR-06735,45-54,WA,2022-04-04,Individual
DNR-06736,35-44,GA,2025-10-06,Individual
DNR-06737,35-44,OH,2021-04-05,Individual
DNR-06738,35-44,OH,2023-10-03,Individual
DNR-06739,45-54,FL,2025-11-01,Individual
DNR-06740,45-54,NY,2022-01-27,Individual
DNR-06741,25-34,CA,2025-06-28,Individual
DNR-06742,55-64,FL,2025-04-18,Individual
DNR-06743,35-44,NY,2021-07-25,Individual
DNR-06744,35-44,WA,2024-10-27,Individual
DNR-06745,45-54,NC,2021-03-09,Individual
DNR-06746,45-54,CO,2023-09-07,Individual
DNR-06747,45-54,IL,2022-04-01,Individual
DNR-06748,35-44,NC,2022-06-24,Individual
DNR-06749,65+,IL,2024-01-06,Individual
DNR-06750,35-44,NY,2021-05-11,Individual
DNR-06751,25-34,TX,2024-08-27,Corporate
DNR-06752,55-64,NY,2022-04-10,Major Donor
DNR-06753,65+,CA,2022-02-11,Individual
DNR-06754,35-44,NC,2022-10-27,Individual
DNR-06755,18-24,WA,2024-05-17,Individual
DNR-06756,35-44,GA,2023-06-16,Corporate
DNR-06757,55-64,FL,2024-01-07,Individual
DNR-06758,55-64,WA,2024-08-01,Major Donor
DNR-06759,35-44,IL,2022-07-01,Individual
DNR-06760,45-54,IL,2023-04-24,Major Donor
DNR-06761,65+,OH,2021-02-20,Corporate
DNR-06762,65+,NY,2025-01-26,Corporate
DNR-06763,65+,MI,2021-05-16,Individual
DNR-06764,55-64,NC,2022-10-16,Individual
DNR-06765,25-34,MI,2024-09-17,Individual
DNR-06766,45-54,TX,2023-10-18,Individual
DNR-06767,45-54,WA,2024-05-16,Corporate
DNR-06768,35-44,NC,2023-06-19,Individual
DNR-06769,45-54,TX,2025-05-05,Individual
DNR-06770,35-44,PA,2024-03-02,Individual
DNR-06771,45-54,FL,2024-12-15,Individual
DNR-06772,25-34,CO,2022-04-10,Individual
DNR-06773,35-44,CO,2023-02-03,Individual
DNR-06774,45-54,OH,2022-06-05,Individual
DNR-06775,65+,IL,2021-02-19,Foundation
DNR-06776,55-64,CO,2022-08-21,Individual
DNR-06777,45-54,PA,2022-06-06,Individual
DNR-06778,35-44,IL,2025-03-02,Individual
DNR-06779,45-54,IL,2024-08-24,Individual
DNR-06780,65+,CA,2025-02-26,Foundation
DNR-06781,18-24,NY,2023-05-20,Individual
DNR-06782,18-24,WA,2021-11-27,Corporate
DNR-06783,45-54,WA,2021-07-12,Individual
DNR-06784,55-64,CA,2025-09-05,Foundation
DNR-06785,35-44,IL,2022-04-12,Individual
DNR-06786,45-54,NY,2024-09-29,Individual
DNR-06787,55-64,FL,2024-12-15,Individual
DNR-06788,35-44,NY,2024-11-22,Individual
DNR-06789,45-54,CO,2025-02-16,Major Donor
DNR-06790,35-44,WA,2025-10-27,Individual
DNR-06791,65+,NY,2024-07-28,Major Donor
DNR-06792,65+,WA,2025-07-21,Individual
DNR-06793,45-54,MI,2022-12-14,Foundation
DNR-06794,35-44,TX,2025-01-26,Individual
DNR-06795,25-34,OH,2021-08-27,Individual
DNR-06796,45-54,OH,2023-07-16,Individual
DNR-06797,65+,NY,2023-05-01,Individual
DNR-06798,45-54,FL,2021-10-13,Major Donor
DNR-06799,65+,NY,2022-07-24,Individual
DNR-06800,55-64,TX,2021-10-03,Individual
DNR-06801,25-34,MI,2024-10-24,Individual
DNR-06802,18-24,FL,2024-04-20,Individual
DNR-06803,35-44,FL,2025-01-25,Individual
DNR-06804,45-54,NY,2023-05-13,Individual
DNR-06805,35-44,CA,2021-07-12,Individual
DNR-06806,35-44,OH,2022-11-02,Individual
DNR-06807,18-24,TX,2021-09-04,Individual
DNR-06808,55-64,CA,2022-03-09,Individual
DNR-06809,35-44,PA,2023-07-27,Individual
DNR-06810,25-34,OH,2023-06-09,Corporate
DNR-06811,45-54,FL,2025-07-25,Individual
DNR-06812,35-44,CA,2023-09-30,Individual
DNR-06813,55-64,CO,2024-03-08,Individual
DNR-06814,45-54,PA,2024-08-09,Individual
DNR-06815,25-34,TX,2022-12-31,Individual
DNR-06816,35-44,IL,2023-09-23,Individual
DNR-06817,45-54,NY,2025-07-21,Individual
DNR-06818,65+,NC,2022-03-20,Corporate
DNR-06819,25-34,PA,2022-10-25,Individual
DNR-06820,45-54,FL,2022-12-05,Individual
DNR-06821,65+,IL,2025-08-31,Foundation
DNR-06822,45-54,GA,2024-10-31,Individual
DNR-06823,65+,FL,2021-10-16,Individual
DNR-06824,35-44,FL,2024-03-18,Individual
DNR-06825,65+,IL,2022-04-24,Individual
DNR-06826,45-54,PA,2023-02-14,Individual
DNR-06827,45-54,FL,2024-11-07,Individual
DNR-06828,25-34,CO,2021-11-01,Individual
DNR-06829,35-44,GA,2025-05-20,Individual
DNR-06830,25-34,TX,2024-04-22,Individual
DNR-06831,35-44,MI,2025-11-27,Individual
DNR-06832,35-44,WA,2022-10-22,Individual
DNR-06833,35-44,NY,2023-06-11,Individual
DNR-06834,35-44,NY,2024-12-01,Individual
DNR-06835,45-54,GA,2021-05-03,Individual
DNR-06836,25-34,CA,2022-05-14,Individual
DNR-06837,18-24,FL,2022-10-27,Individual
DNR-06838,35-44,WA,2023-06-07,Individual
DNR-06839,18-24,NC,2021-08-01,Foundation
DNR-06840,25-34,MI,2021-06-08,Individual
DNR-06841,35-44,OH,2024-10-07,Individual
DNR-06842,55-64,NY,2022-09-09,Individual
DNR-06843,45-54,NY,2023-04-13,Individual
DNR-06844,55-64,WA,2021-10-20,Corporate
DNR-06845,55-64,CA,2022-02-10,Individual
DNR-06846,25-34,CO,2023-02-02,Foundation
DNR-06847,18-24,TX,2022-02-06,Individual
DNR-06848,65+,OH,2022-02-04,Individual
DNR-06849,45-54,PA,2025-11-26,Individual
DNR-06850,35-44,TX,2024-11-25,Individual
DNR-06851,25-34,IL,2021-12-11,Individual
DNR-06852,35-44,GA,2025-06-03,Individual
DNR-06853,18-24,PA,2021-03-17,Individual
DNR-06854,25-34,CA,2025-02-21,Individual
DNR-06855,55-64,FL,2025-10-28,Individual
DNR-06856,25-34,TX,2025-10-05,Individual
DNR-06857,18-24,PA,2025-10-13,Individual
DNR-06858,45-54,TX,2022-04-21,Corporate
DNR-06859,35-44,TX,2024-09-23,Individual
DNR-06860,65+,CO,2024-09-03,Individual
DNR-06861,55-64,CA,2024-06-11,Individual
DNR-06862,45-54,FL,2025-04-02,Individual
DNR-06863,25-34,WA,2022-04-03,Individual
DNR-06864,35-44,CA,2021-12-23,Individual
DNR-06865,25-34,MI,2025-06-20,Individual
DNR-06866,55-64,WA,2022-06-05,Individual
DNR-06867,25-34,TX,2022-08-04,Individual
DNR-06868,55-64,IL,2023-10-23,Individual
DNR-06869,55-64,TX,2024-06-02,Individual
DNR-06870,35-44,FL,2022-06-25,Individual
DNR-06871,18-24,MI,2022-07-03,Individual
DNR-06872,55-64,WA,2023-01-01,Individual
DNR-06873,65+,FL,2024-10-04,Individual
DNR-06874,45-54,WA,2022-07-21,Individual
DNR-06875,35-44,FL,2023-01-09,Individual
DNR-06876,55-64,PA,2022-12-31,Individual
DNR-06877,35-44,OH,2024-11-10,Individual
DNR-06878,45-54,CA,2023-01-30,Individual
DNR-06879,55-64,TX,2022-07-02,Individual
DNR-06880,55-64,NC,2023-01-28,Individual
DNR-06881,35-44,IL,2021-05-05,Individual
DNR-06882,55-64,PA,2021-08-04,Individual
DNR-06883,55-64,CO,2022-03-25,Individual
DNR-06884,55-64,IL,2023-01-30,Individual
DNR-06885,45-54,WA,2025-04-16,Individual
DNR-06886,45-54,CO,2022-04-23,Individual
DNR-06887,35-44,WA,2024-11-12,Individual
DNR-06888,55-64,CO,2025-04-18,Individual
DNR-06889,25-34,CO,2022-05-27,Individual
DNR-06890,35-44,MI,2025-03-27,Major Donor
DNR-06891,35-44,CA,2021-11-05,Individual
DNR-06892,55-64,CO,2021-11-17,Individual
DNR-06893,45-54,NC,2023-05-07,Foundation
DNR-06894,25-34,WA,2022-04-05,Individual
DNR-06895,35-44,CO,2022-08-10,Individual
DNR-06896,45-54,OH,2023-05-29,Individual
DNR-06897,45-54,TX,2025-05-27,Individual
DNR-06898,45-54,FL,2022-08-30,Individual
DNR-06899,55-64,NC,2024-06-15,Individual
DNR-06900,35-44,PA,2025-06-01,Individual
DNR-06901,65+,CA,2025-10-29,Individual
DNR-06902,55-64,WA,2021-07-27,Individual
DNR-06903,25-34,FL,2022-02-07,Individual
DNR-06904,25-34,TX,2021-02-17,Individual
DNR-06905,45-54,NY,2023-02-17,Individual
DNR-06906,45-54,GA,2021-07-15,Individual
DNR-06907,18-24,TX,2024-02-09,Corporate
DNR-06908,45-54,CA,2023-03-03,Individual
DNR-06909,65+,OH,2021-09-27,Major Donor
DNR-06910,55-64,GA,2025-05-25,Individual
DNR-06911,45-54,TX,2023-03-24,Individual
DNR-06912,55-64,TX,2025-03-14,Individual
DNR-06913,35-44,OH,2023-03-07,Individual
DNR-06914,25-34,CA,2022-02-25,Corporate
DNR-06915,65+,MI,2023-08-01,Individual
DNR-06916,18-24,OH,2024-07-15,Corporate
DNR-06917,35-44,WA,2025-08-08,Individual
DNR-06918,25-34,WA,2021-06-13,Major Donor
DNR-06919,35-44,IL,2023-04-28,Individual
DNR-06920,45-54,GA,2024-03-07,Individual
DNR-06921,45-54,NC,2024-10-08,Individual
DNR-06922,25-34,CA,2022-04-05,Individual
DNR-06923,35-44,TX,2021-03-09,Individual
DNR-06924,45-54,CA,2022-12-18,Individual
DNR-06925,25-34,MI,2023-04-02,Individual
DNR-06926,18-24,CA,2022-07-12,Individual
DNR-06927,25-34,IL,2022-02-03,Individual
DNR-06928,45-54,GA,2022-03-18,Individual
DNR-06929,65+,IL,2024-09-07,Individual
DNR-06930,35-44,MI,2023-12-29,Individual
DNR-06931,25-34,CO,2024-01-23,Individual
DNR-06932,55-64,GA,2021-05-08,Foundation
DNR-06933,18-24,IL,2024-05-14,Individual
DNR-06934,35-44,IL,2024-01-20,Individual
DNR-06935,45-54,WA,2024-03-30,Individual
DNR-06936,18-24,IL,2021-06-20,Individual
DNR-06937,25-34,NY,2024-09-05,Corporate
DNR-06938,55-64,OH,2021-11-05,Individual
DNR-06939,25-34,NC,2025-10-14,Individual
DNR-06940,18-24,MI,2021-03-09,Individual
DNR-06941,35-44,CA,2024-05-18,Individual
DNR-06942,25-34,CO,2025-09-28,Individual
DNR-06943,25-34,TX,2022-11-06,Individual
DNR-06944,25-34,OH,2021-05-03,Individual
DNR-06945,45-54,WA,2021-05-06,Individual
DNR-06946,65+,MI,2021-07-16,Individual
DNR-06947,45-54,NY,2021-07-24,Individual
DNR-06948,35-44,CO,2021-06-13,Individual
DNR-06949,25-34,TX,2021-06-26,Individual
DNR-06950,45-54,IL,2025-05-22,Individual
DNR-06951,65+,IL,2025-10-02,Individual
DNR-06952,18-24,NC,2023-08-09,Individual
DNR-06953,25-34,CA,2024-02-12,Individual
DNR-06954,45-54,WA,2021-09-02,Individual
DNR-06955,65+,CO,2022-09-05,Individual
DNR-06956,45-54,OH,2021-06-03,Individual
DNR-06957,35-44,OH,2023-09-03,Individual
DNR-06958,25-34,CA,2022-08-27,Corporate
DNR-06959,65+,NY,2022-05-05,Individual
DNR-06960,45-54,CA,2024-07-28,Individual
DNR-06961,25-34,MI,2024-09-08,Major Donor
DNR-06962,45-54,CA,2022-08-10,Individual
DNR-06963,18-24,CO,2022-12-15,Individual
DNR-06964,35-44,PA,2022-05-02,Individual
DNR-06965,45-54,WA,2021-04-16,Individual
DNR-06966,35-44,IL,2022-01-15,Individual
DNR-06967,25-34,PA,2025-07-26,Individual
DNR-06968,35-44,IL,2021-12-26,Individual
DNR-06969,45-54,IL,2021-06-03,Individual
DNR-06970,18-24,CO,2023-09-24,Individual
DNR-06971,45-54,MI,2023-08-14,Individual
DNR-06972,65+,PA,2022-07-20,Individual
DNR-06973,35-44,MI,2023-05-23,Individual
DNR-06974,18-24,PA,2024-05-09,Individual
DNR-06975,45-54,CO,2021-08-06,Individual
DNR-06976,35-44,WA,2022-11-29,Individual
DNR-06977,35-44,NC,2023-04-04,Individual
DNR-06978,55-64,TX,2022-08-30,Corporate
DNR-06979,25-34,TX,2023-07-08,Individual
DNR-06980,55-64,PA,2023-03-10,Individual
DNR-06981,25-34,NY,2023-04-10,Individual
DNR-06982,18-24,IL,2023-09-03,Individual
DNR-06983,65+,CA,2025-10-26,Major Donor
DNR-06984,65+,OH,2025-09-14,Individual
DNR-06985,65+,TX,2023-11-09,Individual
DNR-06986,45-54,GA,2022-06-18,Individual
DNR-06987,55-64,NY,2025-05-13,Individual
DNR-06988,35-44,NC,2024-07-30,Major Donor
DNR-06989,25-34,CA,2024-05-12,Individual
DNR-06990,25-34,GA,2023-09-23,Individual
DNR-06991,35-44,CA,2023-04-15,Individual
DNR-06992,55-64,TX,2021-09-07,Individual
DNR-06993,45-54,TX,2021-10-14,Individual
DNR-06994,35-44,NC,2021-12-25,Individual
DNR-06995,55-64,NC,2022-07-23,Individual
DNR-06996,45-54,MI,2022-01-30,Individual
DNR-06997,25-34,NY,2022-09-01,Individual
DNR-06998,25-34,MI,2025-01-27,Individual
DNR-06999,35-44,CA,2025-07-02,Individual
DNR-07000,25-34,WA,2024-12-13,Individual
DNR-07001,65+,PA,2021-03-02,Individual
DNR-07002,55-64,GA,2022-02-02,Individual
DNR-07003,45-54,MI,2021-10-26,Individual
DNR-07004,18-24,OH,2021-09-26,Corporate
DNR-07005,45-54,WA,2022-08-16,Individual
DNR-07006,45-54,NY,2023-01-07,Foundation
DNR-07007,35-44,NY,2024-05-11,Individual
DNR-07008,18-24,CA,2021-09-19,Corporate
DNR-07009,25-34,IL,2021-02-18,Corporate
DNR-07010,35-44,IL,2025-11-11,Individual
DNR-07011,55-64,TX,2021-06-08,Individual
DNR-07012,55-64,CA,2025-05-31,Individual
DNR-07013,35-44,OH,2024-09-05,Individual
DNR-07014,45-54,WA,2025-06-27,Individual
DNR-07015,25-34,WA,2021-09-21,Individual
DNR-07016,65+,FL,2023-11-11,Individual
DNR-07017,55-64,GA,2021-02-16,Individual
DNR-07018,65+,WA,2024-02-20,Individual
DNR-07019,45-54,CA,2022-04-11,Individual
DNR-07020,25-34,WA,2024-09-29,Individual
DNR-07021,45-54,IL,2024-06-24,Individual
DNR-07022,35-44,MI,2022-05-06,Individual
DNR-07023,35-44,PA,2021-01-29,Individual
DNR-07024,55-64,MI,2022-12-07,Corporate
DNR-07025,55-64,NC,2024-03-17,Individual
DNR-07026,45-54,CO,2025-04-05,Individual
DNR-07027,45-54,OH,2021-01-02,Individual
DNR-07028,45-54,PA,2024-03-06,Individual
DNR-07029,55-64,OH,2021-11-10,Individual
DNR-07030,45-54,OH,2021-01-31,Individual
DNR-07031,25-34,GA,2022-11-11,Individual
DNR-07032,35-44,NY,2025-03-29,Individual
DNR-07033,25-34,OH,2021-06-19,Individual
DNR-07034,35-44,NC,2021-07-10,Corporate
DNR-07035,55-64,NY,2021-05-22,Individual
DNR-07036,45-54,NC,2021-10-14,Individual
DNR-07037,45-54,MI,2022-07-29,Individual
DNR-07038,45-54,OH,2024-06-11,Individual
DNR-07039,35-44,GA,2022-08-29,Individual
DNR-07040,35-44,NY,2025-10-27,Corporate
DNR-07041,25-34,CO,2023-12-25,Individual
DNR-07042,25-34,IL,2021-10-16,Corporate
DNR-07043,18-24,CA,2023-11-16,Individual
DNR-07044,35-44,CO,2023-07-20,Individual
DNR-07045,65+,OH,2022-11-09,Individual
DNR-07046,45-54,PA,2024-05-14,Individual
DNR-07047,65+,NY,2023-07-29,Individual
DNR-07048,35-44,OH,2023-02-26,Individual
DNR-07049,25-34,GA,2021-01-31,Individual
DNR-07050,55-64,FL,2021-05-06,Individual
DNR-07051,55-64,WA,2024-09-07,Individual
DNR-07052,25-34,FL,2024-05-13,Individual
DNR-07053,45-54,TX,2025-10-04,Individual
DNR-07054,18-24,NY,2023-12-12,Individual
DNR-07055,35-44,TX,2025-08-24,Individual
DNR-07056,25-34,TX,2024-11-14,Individual
DNR-07057,65+,MI,2021-07-23,Individual
DNR-07058,18-24,CA,2021-10-12,Individual
DNR-07059,65+,TX,2023-04-15,Individual
DNR-07060,25-34,TX,2021-09-02,Individual
DNR-07061,25-34,NY,2023-04-12,Individual
DNR-07062,25-34,PA,2023-03-23,Individual
DNR-07063,25-34,FL,2025-03-20,Individual
DNR-07064,18-24,NC,2024-04-15,Individual
DNR-07065,35-44,TX,2025-05-17,Foundation
DNR-07066,25-34,MI,2021-11-06,Individual
DNR-07067,25-34,FL,2021-04-10,Individual
DNR-07068,25-34,MI,2022-03-10,Individual
DNR-07069,18-24,NY,2023-09-25,Individual
DNR-07070,45-54,WA,2024-08-16,Individual
DNR-07071,35-44,TX,2022-12-01,Individual
DNR-07072,45-54,WA,2025-09-20,Individual
DNR-07073,18-24,CO,2022-07-30,Individual
DNR-07074,45-54,NY,2023-01-25,Individual
DNR-07075,65+,TX,2025-01-29,Individual
DNR-07076,55-64,PA,2022-04-10,Individual
DNR-07077,25-34,CO,2025-01-28,Individual
DNR-07078,35-44,WA,2022-04-25,Individual
DNR-07079,55-64,CA,2023-08-18,Individual
DNR-07080,35-44,CO,2022-08-07,Individual
DNR-07081,35-44,CO,2022-08-13,Individual
DNR-07082,65+,PA,2021-08-31,Individual
DNR-07083,45-54,CA,2022-02-06,Individual
DNR-07084,65+,OH,2021-06-14,Individual
DNR-07085,35-44,PA,2023-05-12,Individual
DNR-07086,45-54,OH,2021-12-29,Individual
DNR-07087,55-64,TX,2021-05-18,Individual
DNR-07088,45-54,PA,2024-02-09,Individual
DNR-07089,35-44,CA,2023-09-04,Individual
DNR-07090,18-24,TX,2025-06-21,Individual
DNR-07091,25-34,GA,2022-05-19,Individual
DNR-07092,65+,NY,2024-07-06,Individual
DNR-07093,35-44,OH,2023-03-03,Individual
DNR-07094,25-34,FL,2022-02-23,Individual
DNR-07095,45-54,MI,2024-11-01,Individual
DNR-07096,25-34,WA,2021-11-15,Individual
DNR-07097,45-54,PA,2023-11-25,Individual
DNR-07098,35-44,CA,2023-04-29,Individual
DNR-07099,45-54,FL,2022-08-09,Individual
DNR-07100,65+,FL,2021-02-14,Individual
DNR-07101,55-64,FL,2023-07-18,Individual
DNR-07102,45-54,CO,2024-03-12,Individual
DNR-07103,45-54,CA,2021-11-01,Corporate
DNR-07104,35-44,MI,2022-03-01,Individual
DNR-07105,55-64,OH,2024-09-11,Individual
DNR-07106,65+,NC,2024-06-08,Individual
DNR-07107,35-44,NC,2025-01-01,Individual
DNR-07108,35-44,PA,2022-02-18,Individual
DNR-07109,65+,FL,2024-03-13,Individual
DNR-07110,25-34,IL,2023-12-09,Individual
DNR-07111,55-64,PA,2024-09-28,Corporate
DNR-07112,35-44,TX,2021-12-02,Individual
DNR-07113,55-64,FL,2023-06-02,Individual
DNR-07114,18-24,TX,2025-11-20,Corporate
DNR-07115,25-34,PA,2023-09-27,Individual
DNR-07116,65+,GA,2022-03-28,Foundation
DNR-07117,35-44,OH,2025-09-05,Individual
DNR-07118,35-44,NC,2024-06-10,Individual
DNR-07119,45-54,TX,2023-06-23,Individual
DNR-07120,55-64,IL,2021-12-04,Individual
DNR-07121,25-34,IL,2024-12-21,Individual
DNR-07122,35-44,OH,2023-04-14,Individual
DNR-07123,45-54,PA,2024-03-30,Individual
DNR-07124,35-44,CA,2023-02-24,Individual
DNR-07125,18-24,OH,2021-10-20,Individual
DNR-07126,35-44,OH,2025-04-18,Individual
DNR-07127,45-54,FL,2024-12-27,Individual
DNR-07128,18-24,GA,2025-02-23,Individual
DNR-07129,25-34,IL,2024-04-11,Individual
DNR-07130,25-34,CA,2025-11-10,Individual
DNR-07131,55-64,PA,2022-09-09,Individual
DNR-07132,55-64,IL,2021-01-09,Individual
DNR-07133,65+,CO,2023-10-08,Individual
DNR-07134,45-54,NY,2025-10-17,Individual
DNR-07135,65+,CO,2022-08-11,Corporate
DNR-07136,55-64,PA,2024-03-07,Individual
DNR-07137,35-44,WA,2021-08-27,Corporate
DNR-07138,25-34,WA,2021-04-17,Individual
DNR-07139,25-34,GA,2024-06-05,Individual
DNR-07140,65+,TX,2024-02-12,Individual
DNR-07141,35-44,CO,2025-05-05,Individual
DNR-07142,65+,CO,2021-11-16,Individual
DNR-07143,18-24,OH,2024-12-11,Individual
DNR-07144,45-54,NY,2023-09-27,Individual
DNR-07145,45-54,WA,2023-03-21,Individual
DNR-07146,55-64,NC,2021-10-15,Individual
DNR-07147,25-34,TX,2023-05-24,Individual
DNR-07148,18-24,NY,2025-06-14,Individual
DNR-07149,35-44,IL,2025-01-14,Individual
DNR-07150,25-34,NC,2021-09-17,Individual
DNR-07151,55-64,OH,2022-02-21,Individual
DNR-07152,45-54,NY,2025-10-05,Individual
DNR-07153,65+,CO,2025-06-06,Individual
DNR-07154,35-44,CO,2024-01-12,Individual
DNR-07155,25-34,NY,2024-07-30,Individual
DNR-07156,45-54,MI,2025-10-11,Individual
DNR-07157,55-64,MI,2022-08-09,Corporate
DNR-07158,65+,OH,2021-09-30,Individual
DNR-07159,55-64,CA,2022-07-28,Individual
DNR-07160,25-34,PA,2025-11-11,Individual
DNR-07161,65+,FL,2025-04-13,Corporate
DNR-07162,45-54,NY,2023-02-06,Individual
DNR-07163,35-44,OH,2021-06-08,Individual
DNR-07164,55-64,NC,2021-08-13,Individual
DNR-07165,45-54,NY,2025-01-05,Individual
DNR-07166,25-34,NC,2024-01-13,Corporate
DNR-07167,45-54,CO,2025-02-11,Individual
DNR-07168,25-34,CA,2025-02-14,Individual
DNR-07169,25-34,CA,2021-05-06,Individual
DNR-07170,55-64,PA,2022-12-15,Individual
DNR-07171,55-64,FL,2021-06-05,Individual
DNR-07172,25-34,NC,2023-12-06,Individual
DNR-07173,35-44,PA,2024-08-15,Individual
DNR-07174,25-34,MI,2022-12-23,Individual
DNR-07175,65+,NC,2024-08-02,Individual
DNR-07176,35-44,GA,2022-10-13,Individual
DNR-07177,45-54,NY,2025-09-18,Individual
DNR-07178,45-54,TX,2021-07-06,Foundation
DNR-07179,45-54,OH,2023-08-06,Individual
DNR-07180,45-54,CO,2024-05-26,Individual
DNR-07181,25-34,CA,2022-02-23,Individual
DNR-07182,65+,OH,2021-08-07,Individual
DNR-07183,35-44,CA,2025-06-25,Individual
DNR-07184,55-64,OH,2024-03-10,Individual
DNR-07185,45-54,NC,2023-06-18,Individual
DNR-07186,25-34,CA,2022-02-18,Individual
DNR-07187,45-54,NY,2023-09-03,Corporate
DNR-07188,45-54,PA,2022-11-13,Foundation
DNR-07189,45-54,CA,2022-01-24,Individual
DNR-07190,35-44,CO,2024-04-19,Individual
DNR-07191,25-34,FL,2021-11-04,Individual
DNR-07192,45-54,NC,2022-05-22,Individual
DNR-07193,35-44,WA,2021-12-01,Individual
DNR-07194,65+,CO,2021-10-18,Individual
DNR-07195,18-24,WA,2023-09-15,Individual
DNR-07196,25-34,OH,2022-11-08,Individual
DNR-07197,45-54,FL,2023-05-27,Individual
DNR-07198,55-64,NY,2021-01-09,Individual
DNR-07199,35-44,TX,2021-11-07,Individual
DNR-07200,35-44,OH,2025-08-19,Individual
DNR-07201,55-64,FL,2023-05-31,Individual
DNR-07202,45-54,CO,2022-06-07,Individual
DNR-07203,35-44,NC,2024-12-25,Individual
DNR-07204,35-44,FL,2023-01-30,Foundation
DNR-07205,35-44,FL,2021-01-10,Individual
DNR-07206,45-54,GA,2021-01-16,Individual
DNR-07207,55-64,WA,2021-09-14,Corporate
DNR-07208,25-34,CO,2023-07-25,Individual
DNR-07209,35-44,GA,2025-09-26,Individual
DNR-07210,45-54,CA,2023-08-19,Individual
DNR-07211,35-44,TX,2021-09-05,Corporate
DNR-07212,45-54,WA,2022-10-16,Individual
DNR-07213,25-34,MI,2023-10-30,Corporate
DNR-07214,65+,TX,2021-05-06,Individual
DNR-07215,25-34,IL,2021-05-30,Individual
DNR-07216,45-54,GA,2021-10-16,Individual
DNR-07217,65+,PA,2022-03-20,Corporate
DNR-07218,55-64,CO,2025-02-22,Individual
DNR-07219,35-44,MI,2024-09-18,Individual
DNR-07220,45-54,OH,2025-09-05,Corporate
DNR-07221,45-54,GA,2021-09-04,Individual
DNR-07222,45-54,OH,2021-08-10,Individual
DNR-07223,35-44,GA,2022-12-18,Individual
DNR-07224,45-54,CO,2023-04-13,Individual
DNR-07225,55-64,FL,2024-10-27,Individual
DNR-07226,18-24,MI,2022-08-12,Individual
DNR-07227,25-34,IL,2025-01-01,Individual
DNR-07228,35-44,CO,2021-10-11,Major Donor
DNR-07229,35-44,FL,2023-01-17,Individual
DNR-07230,55-64,MI,2024-11-23,Individual
DNR-07231,25-34,MI,2021-06-05,Individual
DNR-07232,18-24,CO,2024-12-11,Individual
DNR-07233,25-34,NY,2022-08-06,Individual
DNR-07234,35-44,WA,2025-04-11,Individual
DNR-07235,65+,PA,2024-04-16,Individual
DNR-07236,25-34,CA,2021-03-18,Individual
DNR-07237,65+,OH,2023-03-24,Individual
DNR-07238,18-24,OH,2021-01-19,Individual
DNR-07239,45-54,WA,2022-12-16,Individual
DNR-07240,65+,MI,2022-06-20,Individual
DNR-07241,65+,FL,2023-07-23,Corporate
DNR-07242,35-44,CO,2022-03-28,Individual
DNR-07243,55-64,MI,2022-02-28,Individual
DNR-07244,45-54,GA,2022-01-18,Individual
DNR-07245,25-34,FL,2024-03-13,Individual
DNR-07246,35-44,WA,2024-12-26,Individual
DNR-07247,45-54,FL,2023-03-05,Corporate
DNR-07248,55-64,CA,2025-07-22,Individual
DNR-07249,55-64,OH,2023-10-11,Individual
DNR-07250,55-64,TX,2023-05-17,Individual
DNR-07251,35-44,MI,2022-09-28,Individual
DNR-07252,35-44,TX,2021-12-07,Major Donor
DNR-07253,55-64,CO,2022-08-18,Individual
DNR-07254,25-34,NC,2025-02-13,Individual
DNR-07255,25-34,WA,2023-03-13,Individual
DNR-07256,18-24,CA,2025-03-09,Individual
DNR-07257,55-64,IL,2024-04-21,Individual
DNR-07258,35-44,CA,2022-03-03,Individual
DNR-07259,25-34,NY,2023-04-01,Foundation
DNR-07260,25-34,FL,2024-08-13,Individual
DNR-07261,55-64,FL,2022-10-18,Corporate
DNR-07262,55-64,FL,2023-02-21,Individual
DNR-07263,65+,NY,2025-07-21,Individual
DNR-07264,18-24,MI,2025-01-19,Individual
DNR-07265,45-54,NC,2024-04-20,Individual
DNR-07266,55-64,IL,2021-08-22,Individual
DNR-07267,65+,TX,2025-10-15,Individual
DNR-07268,65+,PA,2023-12-15,Individual
DNR-07269,18-24,NC,2024-12-02,Foundation
DNR-07270,45-54,NY,2024-05-14,Individual
DNR-07271,18-24,IL,2024-06-27,Individual
DNR-07272,35-44,OH,2024-12-17,Individual
DNR-07273,35-44,TX,2021-07-01,Individual
DNR-07274,18-24,CA,2023-12-30,Corporate
DNR-07275,45-54,OH,2021-10-15,Major Donor
DNR-07276,55-64,MI,2023-12-01,Individual
DNR-07277,55-64,IL,2022-09-13,Individual
DNR-07278,18-24,PA,2025-04-25,Individual
DNR-07279,65+,CA,2025-01-10,Individual
DNR-07280,45-54,FL,2021-03-16,Major Donor
DNR-07281,25-34,MI,2024-10-13,Individual
DNR-07282,25-34,GA,2023-06-06,Individual
DNR-07283,65+,CA,2024-06-21,Individual
DNR-07284,25-34,IL,2024-02-17,Individual
DNR-07285,45-54,GA,2021-10-14,Individual
DNR-07286,35-44,NY,2023-04-16,Individual
DNR-07287,35-44,GA,2025-04-01,Individual
DNR-07288,55-64,NC,2023-05-25,Individual
DNR-07289,55-64,TX,2023-10-12,Individual
DNR-07290,55-64,FL,2024-09-09,Individual
DNR-07291,35-44,NC,2023-04-18,Corporate
DNR-07292,18-24,CO,2024-09-23,Individual
DNR-07293,55-64,WA,2024-09-02,Individual
DNR-07294,35-44,MI,2021-11-27,Individual
DNR-07295,35-44,GA,2021-11-22,Individual
DNR-07296,35-44,MI,2023-11-21,Individual
DNR-07297,35-44,OH,2024-12-03,Individual
DNR-07298,65+,PA,2021-06-25,Foundation
DNR-07299,65+,MI,2021-12-13,Individual
DNR-07300,45-54,MI,2024-10-16,Corporate
DNR-07301,45-54,FL,2021-01-02,Individual
DNR-07302,45-54,TX,2025-07-14,Individual
DNR-07303,35-44,GA,2022-10-25,Individual
DNR-07304,65+,GA,2021-11-08,Individual
DNR-07305,45-54,FL,2023-02-18,Individual
DNR-07306,45-54,NY,2024-02-15,Individual
DNR-07307,18-24,CO,2022-10-12,Individual
DNR-07308,35-44,OH,2022-08-19,Individual
DNR-07309,45-54,MI,2022-11-07,Individual
DNR-07310,25-34,PA,2021-05-24,Foundation
DNR-07311,55-64,NC,2025-11-12,Individual
DNR-07312,45-54,IL,2023-12-28,Individual
DNR-07313,18-24,WA,2023-12-13,Individual
DNR-07314,18-24,MI,2023-01-10,Individual
DNR-07315,45-54,WA,2022-01-12,Individual
DNR-07316,35-44,GA,2022-01-06,Individual
DNR-07317,65+,WA,2022-12-17,Individual
DNR-07318,55-64,MI,2022-04-23,Individual
DNR-07319,25-34,TX,2022-02-06,Individual
DNR-07320,18-24,NC,2022-11-28,Individual
DNR-07321,18-24,IL,2023-03-13,Individual
DNR-07322,65+,OH,2021-12-17,Individual
DNR-07323,35-44,TX,2024-09-16,Individual
DNR-07324,25-34,MI,2021-11-28,Individual
DNR-07325,45-54,NY,2022-03-08,Individual
DNR-07326,18-24,GA,2023-02-27,Individual
DNR-07327,65+,IL,2024-08-01,Individual
DNR-07328,35-44,CO,2025-05-28,Individual
DNR-07329,45-54,MI,2023-05-18,Individual
DNR-07330,35-44,CO,2023-07-14,Individual
DNR-07331,18-24,PA,2024-07-24,Individual
DNR-07332,45-54,WA,2023-10-11,Corporate
DNR-07333,35-44,WA,2025-04-11,Individual
DNR-07334,35-44,GA,2024-05-08,Individual
DNR-07335,35-44,GA,2022-06-08,Individual
DNR-07336,45-54,IL,2025-06-04,Individual
DNR-07337,35-44,CA,2023-02-03,Individual
DNR-07338,35-44,NC,2022-07-29,Individual
DNR-07339,35-44,NC,2024-01-04,Individual
DNR-07340,55-64,NC,2022-02-11,Individual
DNR-07341,45-54,FL,2022-02-11,Individual
DNR-07342,35-44,NC,2024-09-16,Foundation
DNR-07343,55-64,GA,2023-05-29,Individual
DNR-07344,35-44,IL,2022-03-19,Individual
DNR-07345,25-34,WA,2023-11-27,Individual
DNR-07346,35-44,GA,2025-07-20,Individual
DNR-07347,65+,IL,2021-01-10,Corporate
DNR-07348,55-64,OH,2022-05-15,Individual
DNR-07349,45-54,WA,2025-04-29,Individual
DNR-07350,35-44,CO,2025-08-26,Individual
DNR-07351,45-54,NC,2023-06-01,Major Donor
DNR-07352,55-64,IL,2021-03-06,Individual
DNR-07353,35-44,CO,2022-10-16,Individual
DNR-07354,45-54,OH,2021-03-07,Individual
DNR-07355,55-64,NY,2023-08-08,Individual
DNR-07356,25-34,MI,2023-07-27,Individual
DNR-07357,18-24,GA,2025-04-03,Individual
DNR-07358,45-54,TX,2023-07-05,Individual
DNR-07359,35-44,WA,2025-09-26,Major Donor
DNR-07360,45-54,WA,2025-06-03,Corporate
DNR-07361,65+,CA,2021-01-10,Individual
DNR-07362,45-54,PA,2023-05-14,Individual
DNR-07363,45-54,CO,2021-08-14,Individual
DNR-07364,35-44,PA,2024-11-28,Individual
DNR-07365,65+,CA,2021-02-17,Individual
DNR-07366,25-34,CA,2022-10-01,Individual
DNR-07367,45-54,WA,2021-10-13,Corporate
DNR-07368,25-34,FL,2024-11-07,Individual
DNR-07369,55-64,PA,2025-03-18,Individual
DNR-07370,45-54,CA,2022-01-21,Individual
DNR-07371,45-54,MI,2021-08-17,Individual
DNR-07372,55-64,OH,2021-03-01,Individual
DNR-07373,35-44,IL,2023-01-04,Individual
DNR-07374,55-64,OH,2021-11-02,Individual
DNR-07375,35-44,CO,2022-01-11,Individual
DNR-07376,35-44,NC,2021-04-15,Individual
DNR-07377,45-54,PA,2022-01-30,Individual
DNR-07378,25-34,WA,2022-08-23,Individual
DNR-07379,18-24,MI,2025-03-30,Individual
DNR-07380,25-34,FL,2025-08-15,Corporate
DNR-07381,35-44,IL,2022-10-26,Individual
DNR-07382,35-44,WA,2022-12-06,Individual
DNR-07383,45-54,OH,2022-03-27,Individual
DNR-07384,45-54,CA,2021-10-05,Individual
DNR-07385,25-34,IL,2023-05-02,Individual
DNR-07386,55-64,CA,2023-03-01,Individual
DNR-07387,35-44,OH,2024-09-29,Individual
DNR-07388,55-64,TX,2025-01-12,Individual
DNR-07389,55-64,TX,2025-04-08,Individual
DNR-07390,35-44,NC,2025-03-23,Individual
DNR-07391,55-64,GA,2021-08-31,Individual
DNR-07392,45-54,NY,2023-03-15,Individual
DNR-07393,25-34,OH,2023-05-19,Individual
DNR-07394,55-64,MI,2022-05-08,Individual
DNR-07395,18-24,CO,2024-05-09,Individual
DNR-07396,35-44,NY,2023-10-09,Foundation
DNR-07397,45-54,MI,2024-12-29,Individual
DNR-07398,55-64,WA,2024-01-11,Individual
DNR-07399,35-44,WA,2024-12-12,Individual
DNR-07400,25-34,FL,2025-07-05,Individual
DNR-07401,55-64,NC,2022-07-29,Individual
DNR-07402,18-24,NC,2024-02-13,Individual
DNR-07403,25-34,IL,2022-12-06,Corporate
DNR-07404,25-34,MI,2024-08-24,Individual
DNR-07405,35-44,NY,2025-07-29,Individual
DNR-07406,45-54,CO,2025-10-26,Individual
DNR-07407,25-34,GA,2022-05-02,Individual
DNR-07408,35-44,GA,2023-01-11,Individual
DNR-07409,18-24,CO,2022-01-14,Individual
DNR-07410,18-24,IL,2022-11-10,Individual
DNR-07411,55-64,NC,2024-07-11,Individual
DNR-07412,45-54,FL,2025-10-09,Individual
DNR-07413,35-44,CA,2023-06-12,Corporate
DNR-07414,55-64,WA,2021-03-20,Individual
DNR-07415,25-34,WA,2024-04-13,Individual
DNR-07416,35-44,WA,2021-08-08,Individual
DNR-07417,45-54,GA,2024-04-12,Individual
DNR-07418,65+,PA,2024-05-23,Individual
DNR-07419,35-44,TX,2025-07-15,Individual
DNR-07420,35-44,WA,2023-11-09,Individual
DNR-07421,18-24,NC,2024-06-12,Individual
DNR-07422,45-54,TX,2023-09-29,Individual
DNR-07423,25-34,MI,2021-07-20,Individual
DNR-07424,35-44,WA,2021-06-04,Individual
DNR-07425,35-44,NY,2023-08-02,Individual
DNR-07426,35-44,GA,2023-01-06,Individual
DNR-07427,45-54,PA,2023-09-26,Individual
DNR-07428,45-54,CO,2025-10-08,Individual
DNR-07429,25-34,IL,2021-06-15,Individual
DNR-07430,18-24,TX,2022-07-16,Individual
DNR-07431,45-54,CO,2021-01-13,Individual
DNR-07432,45-54,NC,2025-07-11,Individual
DNR-07433,25-34,IL,2024-06-09,Individual
DNR-07434,18-24,MI,2024-07-30,Individual
DNR-07435,35-44,OH,2022-10-10,Individual
DNR-07436,55-64,IL,2021-04-07,Individual
DNR-07437,45-54,FL,2021-01-18,Individual
DNR-07438,45-54,WA,2022-07-14,Individual
DNR-07439,18-24,CO,2022-12-14,Individual
DNR-07440,55-64,NC,2025-01-21,Individual
DNR-07441,18-24,FL,2023-11-01,Individual
DNR-07442,25-34,TX,2025-08-28,Individual
DNR-07443,55-64,CA,2021-05-27,Individual
DNR-07444,35-44,CA,2022-05-15,Individual
DNR-07445,25-34,CA,2024-01-23,Individual
DNR-07446,45-54,PA,2022-04-27,Individual
DNR-07447,18-24,NC,2025-06-19,Individual
DNR-07448,45-54,WA,2025-02-24,Individual
DNR-07449,45-54,WA,2023-03-04,Individual
DNR-07450,55-64,FL,2023-04-22,Individual
DNR-07451,45-54,CA,2024-01-06,Individual
DNR-07452,35-44,FL,2024-08-21,Foundation
DNR-07453,18-24,CO,2025-02-20,Individual
DNR-07454,35-44,GA,2023-11-12,Individual
DNR-07455,18-24,NY,2023-05-28,Individual
DNR-07456,25-34,CO,2022-12-26,Individual
DNR-07457,65+,NY,2021-07-24,Individual
DNR-07458,25-34,NC,2023-07-25,Individual
DNR-07459,18-24,WA,2023-01-18,Corporate
DNR-07460,45-54,CA,2024-10-06,Individual
DNR-07461,18-24,PA,2022-01-05,Individual
DNR-07462,55-64,MI,2021-06-15,Individual
DNR-07463,25-34,WA,2025-03-24,Individual
DNR-07464,65+,OH,2022-09-15,Individual
DNR-07465,45-54,PA,2024-05-25,Individual
DNR-07466,25-34,TX,2022-11-25,Individual
DNR-07467,18-24,GA,2023-07-18,Individual
DNR-07468,55-64,CO,2023-07-03,Individual
DNR-07469,35-44,TX,2025-03-27,Individual
DNR-07470,45-54,OH,2025-09-30,Individual
DNR-07471,35-44,OH,2021-08-07,Individual
DNR-07472,25-34,NY,2025-05-09,Individual
DNR-07473,25-34,CA,2023-02-02,Individual
DNR-07474,55-64,GA,2022-02-05,Individual
DNR-07475,65+,TX,2025-03-11,Individual
DNR-07476,45-54,CO,2025-02-02,Individual
DNR-07477,45-54,CA,2025-04-09,Foundation
DNR-07478,35-44,OH,2022-09-11,Individual
DNR-07479,25-34,FL,2021-12-27,Individual
DNR-07480,45-54,CA,2021-01-02,Individual
DNR-07481,55-64,WA,2025-07-08,Individual
DNR-07482,45-54,PA,2022-09-03,Individual
DNR-07483,25-34,MI,2022-01-16,Individual
DNR-07484,45-54,FL,2023-03-24,Major Donor
DNR-07485,18-24,IL,2023-05-02,Individual
DNR-07486,45-54,MI,2023-03-07,Individual
DNR-07487,65+,NY,2023-03-05,Individual
DNR-07488,45-54,FL,2022-03-20,Individual
DNR-07489,45-54,GA,2021-01-07,Individual
DNR-07490,45-54,OH,2024-10-30,Individual
DNR-07491,55-64,PA,2025-02-01,Individual
DNR-07492,45-54,TX,2024-03-26,Major Donor
DNR-07493,65+,MI,2025-05-16,Foundation
DNR-07494,25-34,NY,2021-08-21,Individual
DNR-07495,25-34,CA,2023-02-25,Individual
DNR-07496,18-24,CO,2021-03-31,Corporate
DNR-07497,25-34,NC,2024-11-05,Individual
DNR-07498,35-44,IL,2023-07-15,Individual
DNR-07499,25-34,CA,2023-09-10,Individual
DNR-07500,45-54,OH,2024-01-04,Individual
DNR-07501,55-64,PA,2024-08-28,Individual
DNR-07502,45-54,CO,2024-10-18,Individual
DNR-07503,55-64,GA,2023-12-03,Individual
DNR-07504,35-44,MI,2022-08-07,Individual
DNR-07505,65+,TX,2021-04-27,Individual
DNR-07506,25-34,NC,2021-08-07,Individual
DNR-07507,35-44,OH,2025-10-15,Individual
DNR-07508,25-34,MI,2022-12-30,Individual
DNR-07509,65+,NY,2023-12-31,Individual
DNR-07510,25-34,WA,2023-06-06,Individual
DNR-07511,45-54,OH,2025-10-16,Foundation
DNR-07512,65+,FL,2025-10-31,Individual
DNR-07513,45-54,PA,2025-08-25,Individual
DNR-07514,55-64,CO,2025-09-02,Individual
DNR-07515,25-34,MI,2025-11-11,Individual
DNR-07516,25-34,NC,2022-09-17,Individual
DNR-07517,45-54,FL,2023-11-05,Individual
DNR-07518,45-54,WA,2023-12-13,Corporate
DNR-07519,18-24,NC,2024-04-04,Corporate
DNR-07520,25-34,FL,2021-12-08,Individual
DNR-07521,35-44,OH,2024-08-09,Individual
DNR-07522,55-64,CO,2023-10-09,Individual
DNR-07523,25-34,CO,2021-12-18,Individual
DNR-07524,25-34,FL,2022-02-03,Individual
DNR-07525,55-64,PA,2021-06-07,Individual
DNR-07526,55-64,NY,2022-07-03,Individual
DNR-07527,55-64,FL,2022-09-28,Individual
DNR-07528,45-54,CO,2023-09-03,Individual
DNR-07529,55-64,NC,2022-08-29,Individual
DNR-07530,35-44,FL,2022-04-06,Individual
DNR-07531,45-54,CA,2024-10-24,Individual
DNR-07532,25-34,CO,2021-11-10,Individual
DNR-07533,25-34,PA,2022-03-23,Individual
DNR-07534,35-44,GA,2025-05-11,Foundation
DNR-07535,55-64,CO,2025-07-15,Individual
DNR-07536,45-54,CA,2025-02-24,Individual
DNR-07537,65+,IL,2024-07-12,Individual
DNR-07538,35-44,TX,2025-09-01,Individual
DNR-07539,65+,CO,2021-08-06,Individual
DNR-07540,18-24,CO,2022-01-20,Individual
DNR-07541,45-54,IL,2024-01-16,Individual
DNR-07542,55-64,CO,2023-01-04,Individual
DNR-07543,35-44,CA,2025-05-02,Individual
DNR-07544,55-64,MI,2022-10-05,Individual
DNR-07545,55-64,GA,2022-05-12,Individual
DNR-07546,45-54,PA,2024-05-09,Individual
DNR-07547,18-24,MI,2025-05-07,Foundation
DNR-07548,35-44,MI,2023-05-28,Individual
DNR-07549,45-54,CO,2024-01-08,Individual
DNR-07550,45-54,MI,2021-03-07,Individual
DNR-07551,25-34,GA,2025-11-10,Individual
DNR-07552,25-34,WA,2024-07-26,Individual
DNR-07553,35-44,NC,2025-04-07,Corporate
DNR-07554,25-34,MI,2021-05-12,Individual
DNR-07555,35-44,NY,2023-08-22,Individual
DNR-07556,25-34,WA,2023-09-07,Individual
DNR-07557,65+,CO,2022-04-09,Individual
DNR-07558,45-54,WA,2022-01-05,Individual
DNR-07559,65+,CA,2021-12-16,Individual
DNR-07560,55-64,CO,2024-11-10,Individual
DNR-07561,18-24,WA,2022-04-16,Individual
DNR-07562,25-34,PA,2022-05-19,Individual
DNR-07563,25-34,NC,2022-09-24,Corporate
DNR-07564,35-44,IL,2021-07-24,Individual
DNR-07565,65+,IL,2021-12-11,Individual
DNR-07566,45-54,TX,2021-11-15,Individual
DNR-07567,55-64,PA,2024-11-20,Individual
DNR-07568,35-44,OH,2021-01-15,Individual
DNR-07569,65+,CA,2022-12-20,Individual
DNR-07570,35-44,CA,2024-09-30,Individual
DNR-07571,25-34,MI,2022-11-20,Individual
DNR-07572,25-34,GA,2025-07-02,Individual
DNR-07573,45-54,CO,2022-12-21,Individual
DNR-07574,35-44,PA,2021-05-14,Corporate
DNR-07575,25-34,PA,2022-09-30,Individual
DNR-07576,45-54,NC,2021-07-11,Individual
DNR-07577,55-64,WA,2025-08-16,Individual
DNR-07578,18-24,FL,2025-08-11,Individual
DNR-07579,45-54,TX,2022-10-14,Individual
DNR-07580,65+,NY,2025-03-15,Individual
DNR-07581,25-34,OH,2024-07-22,Foundation
DNR-07582,45-54,OH,2024-12-27,Individual
DNR-07583,25-34,PA,2024-05-13,Individual
DNR-07584,35-44,MI,2022-04-24,Individual
DNR-07585,18-24,NC,2022-05-28,Individual
DNR-07586,45-54,NY,2025-05-22,Individual
DNR-07587,25-34,IL,2025-09-08,Individual
DNR-07588,45-54,TX,2021-09-17,Individual
DNR-07589,35-44,TX,2022-08-26,Individual
DNR-07590,25-34,FL,2023-11-16,Individual
DNR-07591,45-54,NC,2022-02-17,Individual
DNR-07592,25-34,FL,2024-05-23,Individual
DNR-07593,65+,CO,2023-08-26,Individual
DNR-07594,65+,IL,2023-12-15,Individual
DNR-07595,35-44,PA,2025-02-07,Individual
DNR-07596,35-44,CO,2025-07-21,Individual
DNR-07597,65+,TX,2024-02-26,Individual
DNR-07598,18-24,IL,2024-02-10,Individual
DNR-07599,55-64,MI,2022-02-23,Individual
DNR-07600,65+,NC,2025-11-01,Individual
DNR-07601,35-44,MI,2024-07-21,Corporate
DNR-07602,55-64,GA,2023-02-04,Individual
DNR-07603,18-24,MI,2025-09-24,Individual
DNR-07604,45-54,OH,2023-05-25,Individual
DNR-07605,35-44,CA,2022-08-04,Individual
DNR-07606,35-44,NY,2025-09-16,Corporate
DNR-07607,55-64,NC,2022-06-14,Individual
DNR-07608,55-64,MI,2022-02-17,Individual
DNR-07609,45-54,GA,2022-11-28,Individual
DNR-07610,65+,CO,2022-03-11,Foundation
DNR-07611,35-44,OH,2025-02-03,Individual
DNR-07612,35-44,MI,2023-11-24,Foundation
DNR-07613,25-34,NY,2024-01-09,Individual
DNR-07614,35-44,WA,2023-04-17,Individual
DNR-07615,55-64,OH,2021-02-15,Corporate
DNR-07616,55-64,MI,2024-04-11,Individual
DNR-07617,25-34,FL,2023-06-21,Corporate
DNR-07618,55-64,CO,2025-06-24,Individual
DNR-07619,35-44,PA,2023-07-07,Individual
DNR-07620,35-44,WA,2023-05-08,Individual
DNR-07621,45-54,OH,2022-11-25,Individual
DNR-07622,35-44,WA,2021-02-10,Individual
DNR-07623,55-64,WA,2022-08-23,Individual
DNR-07624,45-54,PA,2022-01-06,Individual
DNR-07625,65+,MI,2024-06-04,Corporate
DNR-07626,55-64,IL,2023-11-26,Individual
DNR-07627,18-24,PA,2022-10-26,Individual
DNR-07628,55-64,MI,2025-05-20,Individual
DNR-07629,35-44,IL,2025-06-08,Foundation
DNR-07630,45-54,IL,2021-04-04,Individual
DNR-07631,35-44,GA,2021-12-31,Individual
DNR-07632,45-54,PA,2025-08-30,Individual
DNR-07633,35-44,NY,2025-06-30,Individual
DNR-07634,18-24,WA,2025-09-26,Individual
DNR-07635,35-44,CO,2025-10-26,Individual
DNR-07636,25-34,OH,2023-10-02,Individual
DNR-07637,35-44,CA,2025-11-27,Individual
DNR-07638,55-64,NC,2024-07-12,Individual
DNR-07639,25-34,CO,2024-08-17,Individual
DNR-07640,55-64,WA,2023-04-14,Corporate
DNR-07641,35-44,FL,2023-03-01,Individual
DNR-07642,25-34,CA,2021-02-08,Individual
DNR-07643,35-44,MI,2025-10-08,Individual
DNR-07644,25-34,MI,2023-02-12,Individual
DNR-07645,55-64,WA,2024-08-21,Individual
DNR-07646,25-34,CO,2023-10-29,Corporate
DNR-07647,35-44,GA,2023-09-30,Individual
DNR-07648,35-44,OH,2021-04-10,Corporate
DNR-07649,25-34,OH,2021-10-28,Individual
DNR-07650,45-54,FL,2022-03-18,Individual
DNR-07651,35-44,MI,2024-07-11,Individual
DNR-07652,45-54,FL,2023-02-13,Individual
DNR-07653,45-54,TX,2021-08-03,Individual
DNR-07654,35-44,OH,2022-02-06,Individual
DNR-07655,55-64,NY,2021-07-01,Individual
DNR-07656,55-64,GA,2023-07-08,Corporate
DNR-07657,35-44,GA,2022-09-10,Individual
DNR-07658,35-44,TX,2023-05-27,Individual
DNR-07659,35-44,NC,2023-03-06,Individual
DNR-07660,35-44,NC,2022-10-04,Individual
DNR-07661,35-44,GA,2024-05-24,Individual
DNR-07662,45-54,WA,2025-05-03,Corporate
DNR-07663,65+,NC,2022-08-11,Individual
DNR-07664,45-54,FL,2024-12-30,Individual
DNR-07665,55-64,NY,2023-07-03,Individual
DNR-07666,35-44,GA,2025-03-23,Individual
DNR-07667,35-44,IL,2023-05-10,Individual
DNR-07668,65+,GA,2025-11-22,Individual
DNR-07669,25-34,MI,2023-05-13,Individual
DNR-07670,35-44,CA,2023-07-01,Individual
DNR-07671,55-64,WA,2022-10-12,Individual
DNR-07672,45-54,NY,2025-05-11,Individual
DNR-07673,45-54,MI,2025-06-04,Individual
DNR-07674,18-24,OH,2025-10-10,Individual
DNR-07675,45-54,TX,2023-02-03,Individual
DNR-07676,45-54,PA,2022-05-11,Individual
DNR-07677,65+,PA,2022-05-16,Individual
DNR-07678,35-44,PA,2024-09-02,Individual
DNR-07679,55-64,TX,2022-01-05,Corporate
DNR-07680,18-24,WA,2023-04-23,Individual
DNR-07681,55-64,NY,2024-10-06,Individual
DNR-07682,55-64,MI,2022-06-17,Individual
DNR-07683,18-24,FL,2025-02-18,Individual
DNR-07684,65+,WA,2025-07-27,Individual
DNR-07685,18-24,MI,2023-01-11,Individual
DNR-07686,35-44,MI,2024-11-12,Individual
DNR-07687,35-44,CA,2025-02-15,Individual
DNR-07688,45-54,PA,2021-06-27,Individual
DNR-07689,65+,IL,2023-10-26,Individual
DNR-07690,35-44,IL,2023-04-03,Individual
DNR-07691,65+,NC,2023-08-22,Individual
DNR-07692,35-44,GA,2024-08-09,Individual
DNR-07693,45-54,CO,2024-10-01,Individual
DNR-07694,45-54,OH,2024-04-10,Individual
DNR-07695,45-54,NY,2024-01-27,Corporate
DNR-07696,25-34,OH,2025-02-25,Individual
DNR-07697,45-54,NY,2022-12-04,Major Donor
DNR-07698,18-24,CO,2023-12-15,Individual
DNR-07699,45-54,NY,2021-12-03,Individual
DNR-07700,45-54,GA,2025-02-04,Individual
DNR-07701,55-64,PA,2023-05-16,Corporate
DNR-07702,45-54,MI,2022-07-24,Individual
DNR-07703,65+,CA,2024-01-01,Individual
DNR-07704,18-24,CA,2022-06-03,Individual
DNR-07705,18-24,GA,2023-12-26,Individual
DNR-07706,25-34,NC,2022-09-22,Individual
DNR-07707,25-34,CO,2024-04-24,Individual
DNR-07708,25-34,GA,2025-02-25,Individual
DNR-07709,55-64,NY,2022-09-05,Corporate
DNR-07710,25-34,CA,2022-01-20,Individual
DNR-07711,45-54,WA,2021-02-04,Foundation
DNR-07712,25-34,NC,2021-12-07,Corporate
DNR-07713,55-64,CA,2023-09-12,Individual
DNR-07714,45-54,OH,2024-01-06,Corporate
DNR-07715,55-64,GA,2023-04-28,Individual
DNR-07716,25-34,FL,2023-09-09,Individual
DNR-07717,45-54,NY,2023-01-21,Individual
DNR-07718,35-44,IL,2021-10-17,Individual
DNR-07719,45-54,CA,2023-05-07,Individual
DNR-07720,45-54,NC,2022-12-17,Individual
DNR-07721,45-54,CO,2025-05-08,Individual
DNR-07722,45-54,PA,2021-09-01,Individual
DNR-07723,45-54,MI,2025-12-01,Individual
DNR-07724,55-64,CA,2023-12-07,Individual
DNR-07725,45-54,OH,2021-12-16,Major Donor
DNR-07726,35-44,CA,2022-11-08,Individual
DNR-07727,55-64,TX,2023-02-11,Individual
DNR-07728,65+,CA,2022-03-17,Individual
DNR-07729,45-54,MI,2024-04-18,Individual
DNR-07730,45-54,NY,2021-07-07,Individual
DNR-07731,25-34,NC,2025-02-08,Individual
DNR-07732,55-64,FL,2021-05-14,Individual
DNR-07733,45-54,TX,2022-06-15,Individual
DNR-07734,25-34,MI,2022-10-01,Corporate
DNR-07735,35-44,FL,2025-11-30,Individual
DNR-07736,55-64,CO,2025-04-12,Individual
DNR-07737,35-44,TX,2021-07-28,Individual
DNR-07738,35-44,CA,2023-08-26,Corporate
DNR-07739,25-34,FL,2022-08-29,Individual
DNR-07740,45-54,PA,2021-06-21,Individual
DNR-07741,65+,PA,2022-02-05,Individual
DNR-07742,18-24,IL,2022-04-03,Individual
DNR-07743,35-44,CA,2022-08-31,Individual
DNR-07744,55-64,MI,2024-10-07,Individual
DNR-07745,45-54,IL,2025-02-25,Individual
DNR-07746,35-44,OH,2024-09-21,Individual
DNR-07747,35-44,CO,2025-02-27,Individual
DNR-07748,65+,IL,2025-06-27,Individual
DNR-07749,45-54,TX,2021-09-03,Individual
DNR-07750,25-34,MI,2024-05-08,Individual
DNR-07751,25-34,TX,2025-10-23,Corporate
DNR-07752,45-54,MI,2021-04-23,Individual
DNR-07753,18-24,CA,2025-02-11,Individual
DNR-07754,65+,OH,2024-11-23,Individual
DNR-07755,18-24,CO,2024-11-14,Individual
DNR-07756,25-34,WA,2025-01-28,Individual
DNR-07757,45-54,OH,2022-05-28,Individual
DNR-07758,55-64,TX,2024-01-02,Individual
DNR-07759,45-54,GA,2021-11-08,Individual
DNR-07760,35-44,WA,2022-12-30,Corporate
DNR-07761,45-54,OH,2025-05-21,Individual
DNR-07762,25-34,IL,2021-10-27,Individual
DNR-07763,65+,CA,2023-10-14,Individual
DNR-07764,35-44,FL,2025-03-08,Individual
DNR-07765,45-54,WA,2021-10-12,Individual
DNR-07766,55-64,NC,2022-12-22,Individual
DNR-07767,45-54,TX,2024-07-08,Individual
DNR-07768,65+,WA,2021-10-26,Individual
DNR-07769,25-34,PA,2023-08-07,Corporate
DNR-07770,25-34,FL,2024-06-14,Individual
DNR-07771,25-34,MI,2024-02-14,Individual
DNR-07772,35-44,CO,2022-12-18,Individual
DNR-07773,45-54,NC,2025-07-20,Individual
DNR-07774,45-54,TX,2025-07-03,Individual
DNR-07775,35-44,OH,2024-07-17,Foundation
DNR-07776,18-24,TX,2021-03-31,Individual
DNR-07777,55-64,IL,2022-06-21,Individual
DNR-07778,65+,OH,2023-09-05,Individual
DNR-07779,65+,NY,2024-11-19,Major Donor
DNR-07780,25-34,CA,2025-01-10,Individual
DNR-07781,45-54,NC,2024-07-23,Individual
DNR-07782,65+,IL,2022-11-08,Individual
DNR-07783,65+,PA,2022-02-23,Individual
DNR-07784,35-44,TX,2024-07-08,Individual
DNR-07785,35-44,NC,2022-03-28,Individual
DNR-07786,55-64,PA,2023-11-12,Individual
DNR-07787,65+,MI,2023-05-22,Individual
DNR-07788,18-24,OH,2024-06-30,Individual
DNR-07789,35-44,TX,2024-09-11,Foundation
DNR-07790,18-24,CA,2021-10-10,Individual
DNR-07791,55-64,NC,2021-07-20,Individual
DNR-07792,25-34,MI,2023-02-22,Individual
DNR-07793,35-44,CA,2022-07-22,Individual
DNR-07794,18-24,NC,2025-03-24,Individual
DNR-07795,25-34,CO,2021-02-04,Individual
DNR-07796,65+,MI,2025-02-04,Individual
DNR-07797,35-44,FL,2025-06-22,Major Donor
DNR-07798,45-54,IL,2024-02-22,Individual
DNR-07799,45-54,CA,2022-09-23,Individual
DNR-07800,45-54,NY,2022-06-16,Individual
DNR-07801,35-44,NC,2023-01-11,Individual
DNR-07802,55-64,CO,2022-05-06,Individual
DNR-07803,45-54,MI,2023-04-18,Individual
DNR-07804,25-34,CO,2022-11-10,Individual
DNR-07805,55-64,IL,2023-03-18,Individual
DNR-07806,35-44,WA,2025-11-06,Individual
DNR-07807,35-44,PA,2023-12-19,Individual
DNR-07808,25-34,TX,2023-02-18,Individual
DNR-07809,65+,NC,2023-01-23,Individual
DNR-07810,55-64,NC,2024-09-20,Individual
DNR-07811,65+,CA,2021-12-04,Individual
DNR-07812,25-34,FL,2023-12-16,Individual
DNR-07813,35-44,PA,2021-03-27,Individual
DNR-07814,35-44,OH,2023-05-25,Individual
DNR-07815,45-54,NC,2023-09-21,Corporate
DNR-07816,35-44,PA,2021-02-07,Individual
DNR-07817,35-44,IL,2025-06-30,Individual
DNR-07818,35-44,MI,2025-02-12,Individual
DNR-07819,18-24,PA,2023-08-31,Individual
DNR-07820,65+,PA,2024-07-26,Individual
DNR-07821,45-54,MI,2022-12-07,Individual
DNR-07822,35-44,MI,2024-07-11,Individual
DNR-07823,45-54,IL,2023-09-28,Individual
DNR-07824,18-24,WA,2021-06-28,Foundation
DNR-07825,35-44,TX,2022-08-20,Major Donor
DNR-07826,55-64,CO,2023-05-28,Individual
DNR-07827,45-54,GA,2024-08-28,Individual
DNR-07828,25-34,MI,2023-05-20,Individual
DNR-07829,35-44,PA,2023-04-13,Individual
DNR-07830,35-44,CA,2025-05-14,Individual
DNR-07831,35-44,OH,2024-06-06,Individual
DNR-07832,18-24,NY,2022-05-02,Foundation
DNR-07833,35-44,NC,2024-03-04,Foundation
DNR-07834,55-64,OH,2025-08-03,Individual
DNR-07835,18-24,CO,2025-05-26,Individual
DNR-07836,45-54,TX,2022-11-02,Individual
DNR-07837,25-34,NC,2021-12-20,Corporate
DNR-07838,55-64,FL,2022-07-30,Individual
DNR-07839,45-54,GA,2022-09-18,Individual
DNR-07840,18-24,WA,2023-02-21,Individual
DNR-07841,35-44,CO,2023-12-01,Individual
DNR-07842,55-64,NC,2021-04-11,Foundation
DNR-07843,55-64,FL,2021-03-10,Individual
DNR-07844,18-24,PA,2022-09-07,Individual
DNR-07845,45-54,PA,2025-11-18,Individual
DNR-07846,35-44,CO,2025-06-16,Corporate
DNR-07847,35-44,IL,2023-09-23,Individual
DNR-07848,18-24,FL,2022-07-13,Individual
DNR-07849,35-44,MI,2024-04-14,Individual
DNR-07850,25-34,CO,2023-06-15,Individual
DNR-07851,45-54,TX,2025-08-16,Major Donor
DNR-07852,45-54,CO,2023-10-13,Individual
DNR-07853,45-54,IL,2022-02-27,Individual
DNR-07854,25-34,CO,2024-07-02,Individual
DNR-07855,55-64,PA,2021-11-10,Individual
DNR-07856,45-54,WA,2023-04-18,Individual
DNR-07857,35-44,NY,2021-11-11,Individual
DNR-07858,55-64,PA,2021-12-16,Major Donor
DNR-07859,55-64,WA,2022-10-20,Individual
DNR-07860,45-54,NY,2025-09-14,Individual
DNR-07861,35-44,PA,2024-10-11,Individual
DNR-07862,65+,OH,2024-01-30,Individual
DNR-07863,25-34,MI,2022-01-09,Individual
DNR-07864,45-54,IL,2023-01-30,Individual
DNR-07865,18-24,NC,2022-08-14,Individual
DNR-07866,18-24,GA,2024-06-02,Individual
DNR-07867,45-54,MI,2025-08-28,Individual
DNR-07868,25-34,NC,2024-11-28,Individual
DNR-07869,35-44,CA,2021-05-13,Individual
DNR-07870,45-54,IL,2021-11-10,Individual
DNR-07871,45-54,TX,2021-07-16,Individual
DNR-07872,25-34,IL,2022-11-26,Individual
DNR-07873,35-44,WA,2024-06-23,Individual
DNR-07874,55-64,PA,2025-04-06,Individual
DNR-07875,25-34,GA,2024-09-19,Individual
DNR-07876,55-64,MI,2023-06-09,Individual
DNR-07877,35-44,IL,2021-03-17,Individual
DNR-07878,45-54,CO,2025-01-25,Individual
DNR-07879,35-44,OH,2022-03-07,Individual
DNR-07880,35-44,PA,2024-01-05,Individual
DNR-07881,45-54,TX,2025-10-27,Individual
DNR-07882,45-54,MI,2025-01-26,Individual
DNR-07883,35-44,CO,2025-10-25,Corporate
DNR-07884,25-34,FL,2022-05-09,Individual
DNR-07885,35-44,NY,2023-01-08,Individual
DNR-07886,25-34,PA,2024-09-21,Individual
DNR-07887,35-44,FL,2024-08-10,Individual
DNR-07888,65+,FL,2025-04-19,Individual
DNR-07889,55-64,IL,2024-09-20,Individual
DNR-07890,25-34,PA,2024-11-22,Individual
DNR-07891,35-44,OH,2023-01-19,Individual
DNR-07892,35-44,WA,2022-06-06,Individual
DNR-07893,35-44,OH,2025-02-06,Individual
DNR-07894,45-54,GA,2023-12-30,Individual
DNR-07895,35-44,FL,2022-03-15,Individual
DNR-07896,35-44,PA,2025-10-29,Individual
DNR-07897,55-64,WA,2022-12-17,Individual
DNR-07898,65+,PA,2025-03-16,Individual
DNR-07899,35-44,GA,2023-09-23,Individual
DNR-07900,25-34,OH,2023-01-12,Corporate
DNR-07901,55-64,NC,2023-04-05,Individual
DNR-07902,45-54,CA,2025-05-03,Corporate
DNR-07903,25-34,FL,2025-05-10,Individual
DNR-07904,55-64,WA,2025-02-27,Individual
DNR-07905,35-44,GA,2022-09-11,Individual
DNR-07906,55-64,GA,2021-07-28,Individual
DNR-07907,25-34,GA,2024-07-21,Individual
DNR-07908,45-54,CO,2024-10-03,Individual
DNR-07909,25-34,PA,2022-05-18,Major Donor
DNR-07910,35-44,NY,2025-01-01,Individual
DNR-07911,35-44,IL,2023-11-28,Individual
DNR-07912,35-44,CA,2023-02-03,Individual
DNR-07913,45-54,OH,2023-08-04,Individual
DNR-07914,35-44,MI,2021-07-26,Individual
DNR-07915,55-64,CA,2024-10-20,Individual
DNR-07916,65+,GA,2023-06-17,Individual
DNR-07917,25-34,NY,2024-03-19,Individual
DNR-07918,45-54,TX,2023-09-29,Individual
DNR-07919,45-54,OH,2023-12-20,Individual
DNR-07920,45-54,PA,2024-12-12,Individual
DNR-07921,25-34,NC,2024-03-30,Individual
DNR-07922,45-54,GA,2025-04-28,Individual
DNR-07923,35-44,FL,2023-04-03,Individual
DNR-07924,65+,PA,2025-06-08,Individual
DNR-07925,45-54,MI,2024-10-11,Individual
DNR-07926,18-24,TX,2023-04-15,Individual
DNR-07927,25-34,CA,2021-09-30,Individual
DNR-07928,35-44,CA,2022-03-14,Individual
DNR-07929,18-24,IL,2025-03-23,Individual
DNR-07930,35-44,IL,2022-01-24,Individual
DNR-07931,35-44,MI,2021-12-04,Individual
DNR-07932,55-64,FL,2022-04-10,Individual
DNR-07933,55-64,MI,2022-10-05,Individual
DNR-07934,55-64,CA,2023-04-28,Individual
DNR-07935,65+,FL,2024-11-23,Individual
DNR-07936,65+,WA,2024-12-11,Individual
DNR-07937,65+,WA,2021-01-23,Individual
DNR-07938,35-44,WA,2025-01-16,Individual
DNR-07939,45-54,TX,2023-06-14,Individual
DNR-07940,35-44,PA,2023-03-10,Individual
DNR-07941,45-54,FL,2022-01-07,Foundation
DNR-07942,45-54,IL,2025-02-02,Individual
DNR-07943,18-24,NC,2024-12-20,Individual
DNR-07944,35-44,MI,2025-11-05,Individual
DNR-07945,25-34,TX,2021-08-01,Individual
DNR-07946,25-34,IL,2022-02-06,Individual
DNR-07947,35-44,TX,2024-07-07,Individual
DNR-07948,65+,MI,2025-07-07,Individual
DNR-07949,45-54,TX,2023-09-29,Individual
DNR-07950,45-54,IL,2025-09-23,Individual
DNR-07951,55-64,GA,2023-03-19,Major Donor
DNR-07952,25-34,PA,2022-06-25,Individual
DNR-07953,35-44,PA,2024-12-04,Individual
DNR-07954,18-24,NC,2022-07-28,Individual
DNR-07955,45-54,WA,2021-07-19,Individual
DNR-07956,45-54,CA,2025-10-07,Individual
DNR-07957,35-44,NC,2022-03-14,Individual
DNR-07958,25-34,FL,2021-02-07,Individual
DNR-07959,45-54,CA,2024-02-06,Individual
DNR-07960,35-44,CO,2024-11-14,Individual
DNR-07961,55-64,NC,2023-05-29,Individual
DNR-07962,55-64,CA,2025-05-14,Corporate
DNR-07963,25-34,NY,2022-06-17,Individual
DNR-07964,35-44,FL,2021-06-02,Individual
DNR-07965,65+,CA,2022-05-13,Individual
DNR-07966,25-34,FL,2021-08-16,Individual
DNR-07967,18-24,GA,2023-03-09,Individual
DNR-07968,35-44,GA,2025-05-12,Individual
DNR-07969,18-24,OH,2021-04-05,Individual
DNR-07970,35-44,NC,2024-09-16,Individual
DNR-07971,35-44,CO,2022-05-01,Individual
DNR-07972,35-44,WA,2024-05-21,Individual
DNR-07973,18-24,OH,2023-09-16,Individual
DNR-07974,35-44,NY,2022-01-15,Foundation
DNR-07975,55-64,OH,2022-08-01,Individual
DNR-07976,35-44,NC,2024-02-23,Individual
DNR-07977,25-34,FL,2023-03-10,Individual
DNR-07978,35-44,IL,2025-08-21,Individual
DNR-07979,35-44,MI,2024-09-02,Individual
DNR-07980,25-34,MI,2023-05-30,Individual
DNR-07981,35-44,WA,2021-06-20,Individual
DNR-07982,45-54,OH,2025-03-22,Individual
DNR-07983,55-64,MI,2025-05-26,Corporate
DNR-07984,45-54,GA,2021-03-09,Foundation
DNR-07985,35-44,PA,2024-08-14,Individual
DNR-07986,25-34,MI,2025-07-26,Individual
DNR-07987,25-34,CA,2023-07-12,Individual
DNR-07988,45-54,CA,2025-02-19,Corporate
DNR-07989,45-54,MI,2022-01-20,Individual
DNR-07990,18-24,IL,2023-03-13,Individual
DNR-07991,35-44,FL,2021-12-25,Individual
DNR-07992,45-54,OH,2021-05-18,Individual
DNR-07993,55-64,TX,2025-02-01,Individual
DNR-07994,25-34,CA,2023-04-03,Individual
DNR-07995,65+,NY,2023-05-18,Individual
DNR-07996,35-44,IL,2024-02-02,Individual
DNR-07997,55-64,MI,2023-11-20,Individual
DNR-07998,65+,NC,2022-04-20,Individual
DNR-07999,55-64,FL,2022-04-18,Individual
DNR-08000,45-54,NY,2024-10-29,Individual
DNR-08001,25-34,PA,2023-04-17,Individual
DNR-08002,35-44,IL,2025-10-10,Individual
DNR-08003,55-64,CO,2023-02-12,Individual
DNR-08004,55-64,CO,2022-12-08,Individual
DNR-08005,65+,CA,2021-06-16,Individual
DNR-08006,25-34,CA,2021-11-05,Corporate
DNR-08007,35-44,WA,2024-03-16,Individual
DNR-08008,45-54,NY,2024-04-08,Individual
DNR-08009,55-64,MI,2022-03-28,Individual
DNR-08010,65+,CA,2023-07-19,Individual
DNR-08011,18-24,NY,2025-10-22,Individual
DNR-08012,35-44,NY,2022-12-09,Individual
DNR-08013,25-34,CO,2024-03-19,Individual
DNR-08014,25-34,OH,2023-02-22,Individual
DNR-08015,25-34,WA,2022-06-03,Individual
DNR-08016,35-44,FL,2024-07-16,Individual
DNR-08017,25-34,NC,2023-07-07,Individual
DNR-08018,35-44,GA,2023-07-18,Individual
DNR-08019,55-64,NY,2025-11-08,Individual
DNR-08020,35-44,WA,2023-03-06,Individual
DNR-08021,45-54,CO,2025-09-23,Individual
DNR-08022,45-54,FL,2023-07-21,Individual
DNR-08023,55-64,FL,2025-09-22,Individual
DNR-08024,25-34,MI,2021-04-02,Individual
DNR-08025,55-64,CO,2025-06-09,Individual
DNR-08026,55-64,GA,2023-07-14,Individual
DNR-08027,35-44,NY,2022-06-25,Major Donor
DNR-08028,55-64,NY,2022-09-11,Individual
DNR-08029,55-64,GA,2024-04-16,Individual
DNR-08030,55-64,NC,2025-01-25,Individual
DNR-08031,35-44,PA,2021-07-09,Major Donor
DNR-08032,35-44,GA,2025-09-27,Individual
DNR-08033,45-54,PA,2024-05-02,Individual
DNR-08034,55-64,GA,2025-08-02,Individual
DNR-08035,25-34,NY,2023-04-27,Individual
DNR-08036,45-54,OH,2023-09-19,Foundation
DNR-08037,35-44,WA,2022-09-21,Corporate
DNR-08038,35-44,TX,2025-03-03,Individual
DNR-08039,35-44,TX,2023-11-15,Individual
DNR-08040,25-34,NC,2023-03-05,Individual
DNR-08041,65+,NY,2022-11-23,Individual
DNR-08042,18-24,NC,2025-04-02,Individual
DNR-08043,35-44,PA,2022-06-13,Foundation
DNR-08044,55-64,OH,2025-02-27,Individual
DNR-08045,45-54,WA,2025-01-21,Individual
DNR-08046,18-24,NC,2025-01-10,Corporate
DNR-08047,55-64,GA,2021-09-28,Foundation
DNR-08048,55-64,GA,2021-03-11,Individual
DNR-08049,35-44,NY,2023-07-24,Individual
DNR-08050,45-54,OH,2025-03-31,Individual
DNR-08051,35-44,MI,2021-10-23,Individual
DNR-08052,55-64,GA,2022-01-12,Corporate
DNR-08053,25-34,GA,2021-05-23,Individual
DNR-08054,35-44,TX,2025-04-05,Individual
DNR-08055,25-34,WA,2024-02-09,Individual
DNR-08056,45-54,WA,2025-06-13,Individual
DNR-08057,25-34,FL,2021-12-10,Individual
DNR-08058,25-34,TX,2024-11-02,Foundation
DNR-08059,65+,IL,2022-03-18,Individual
DNR-08060,55-64,CO,2022-07-28,Individual
DNR-08061,65+,OH,2021-02-26,Individual
DNR-08062,25-34,FL,2024-03-05,Major Donor
DNR-08063,35-44,PA,2024-10-24,Corporate
DNR-08064,35-44,NC,2024-09-02,Individual
DNR-08065,25-34,IL,2023-03-14,Individual
DNR-08066,35-44,GA,2021-07-05,Individual
DNR-08067,18-24,OH,2025-01-05,Individual
DNR-08068,25-34,NC,2025-10-31,Foundation
DNR-08069,35-44,PA,2022-11-20,Individual
DNR-08070,65+,WA,2022-05-18,Individual
DNR-08071,35-44,NY,2025-03-24,Individual
DNR-08072,35-44,IL,2022-06-09,Individual
DNR-08073,18-24,FL,2021-10-21,Individual
DNR-08074,65+,TX,2023-06-29,Individual
DNR-08075,18-24,NC,2023-01-18,Individual
DNR-08076,35-44,NC,2025-10-27,Major Donor
DNR-08077,45-54,NY,2024-07-29,Foundation
DNR-08078,25-34,MI,2024-10-22,Individual
DNR-08079,25-34,CA,2021-09-24,Individual
DNR-08080,55-64,MI,2023-09-12,Individual
DNR-08081,45-54,OH,2025-01-08,Corporate
DNR-08082,55-64,WA,2022-03-04,Foundation
DNR-08083,35-44,NC,2021-09-27,Individual
DNR-08084,65+,NC,2025-05-10,Individual
DNR-08085,55-64,CA,2023-10-15,Individual
DNR-08086,55-64,MI,2022-05-31,Individual
DNR-08087,25-34,CA,2023-01-12,Individual
DNR-08088,45-54,IL,2023-08-29,Corporate
DNR-08089,18-24,FL,2022-09-08,Individual
DNR-08090,45-54,NY,2025-04-06,Individual
DNR-08091,35-44,CO,2023-08-23,Individual
DNR-08092,35-44,PA,2021-03-26,Individual
DNR-08093,65+,TX,2024-11-03,Individual
DNR-08094,45-54,NY,2024-10-26,Individual
DNR-08095,35-44,IL,2021-06-18,Individual
DNR-08096,18-24,IL,2023-01-21,Foundation
DNR-08097,25-34,CO,2023-12-22,Individual
DNR-08098,55-64,OH,2021-05-20,Individual
DNR-08099,35-44,WA,2023-05-01,Individual
DNR-08100,25-34,TX,2025-02-23,Individual
DNR-08101,45-54,IL,2023-04-11,Individual
DNR-08102,18-24,CO,2022-07-19,Individual
DNR-08103,45-54,PA,2023-03-27,Individual
DNR-08104,65+,FL,2022-08-22,Individual
DNR-08105,65+,NC,2022-02-18,Individual
DNR-08106,25-34,NC,2023-10-08,Individual
DNR-08107,45-54,NY,2022-03-19,Individual
DNR-08108,25-34,IL,2023-05-23,Individual
DNR-08109,45-54,FL,2022-11-19,Individual
DNR-08110,18-24,CO,2021-10-03,Individual
DNR-08111,35-44,CA,2024-09-21,Individual
DNR-08112,18-24,PA,2024-06-25,Individual
DNR-08113,45-54,GA,2021-04-01,Individual
DNR-08114,65+,WA,2024-06-01,Major Donor
DNR-08115,25-34,CA,2021-09-28,Individual
DNR-08116,25-34,NC,2024-03-16,Individual
DNR-08117,45-54,TX,2021-11-13,Individual
DNR-08118,25-34,MI,2022-05-03,Individual
DNR-08119,55-64,MI,2023-07-11,Individual
DNR-08120,55-64,MI,2024-08-18,Corporate
DNR-08121,45-54,CA,2022-11-29,Individual
DNR-08122,65+,PA,2022-12-05,Individual
DNR-08123,18-24,FL,2022-10-23,Individual
DNR-08124,35-44,IL,2025-07-01,Individual
DNR-08125,18-24,GA,2024-05-16,Individual
DNR-08126,35-44,CO,2022-11-16,Individual
DNR-08127,55-64,IL,2025-10-26,Individual
DNR-08128,55-64,FL,2022-01-11,Individual
DNR-08129,35-44,PA,2024-04-08,Individual
DNR-08130,65+,FL,2024-05-16,Individual
DNR-08131,35-44,MI,2024-11-20,Individual
DNR-08132,45-54,FL,2025-06-10,Corporate
DNR-08133,35-44,GA,2025-04-05,Corporate
DNR-08134,55-64,IL,2023-09-11,Individual
DNR-08135,25-34,PA,2022-01-27,Individual
DNR-08136,55-64,NC,2025-10-28,Individual
DNR-08137,65+,OH,2023-10-12,Individual
DNR-08138,35-44,OH,2023-01-12,Individual
DNR-08139,35-44,NC,2025-03-22,Individual
DNR-08140,18-24,TX,2025-11-10,Individual
DNR-08141,18-24,FL,2024-06-10,Corporate
DNR-08142,45-54,WA,2022-07-08,Corporate
DNR-08143,35-44,OH,2022-08-31,Individual
DNR-08144,45-54,MI,2021-04-14,Individual
DNR-08145,18-24,CO,2022-08-11,Individual
DNR-08146,35-44,TX,2022-12-27,Individual
DNR-08147,35-44,CO,2022-08-13,Corporate
DNR-08148,55-64,TX,2025-05-15,Foundation
DNR-08149,25-34,NY,2023-01-20,Individual
DNR-08150,45-54,NY,2022-03-29,Individual
DNR-08151,45-54,IL,2024-05-04,Individual
DNR-08152,18-24,CA,2025-08-28,Individual
DNR-08153,35-44,CA,2024-10-22,Individual
DNR-08154,35-44,TX,2024-12-26,Individual
DNR-08155,18-24,GA,2023-03-23,Individual
DNR-08156,45-54,NY,2025-11-10,Individual
DNR-08157,35-44,TX,2021-01-24,Individual
DNR-08158,25-34,PA,2024-06-04,Individual
DNR-08159,45-54,GA,2024-06-04,Individual
DNR-08160,25-34,NC,2025-06-29,Individual
DNR-08161,55-64,WA,2024-07-29,Individual
DNR-08162,35-44,OH,2025-04-10,Individual
DNR-08163,35-44,CA,2024-11-21,Individual
DNR-08164,45-54,TX,2022-12-24,Individual
DNR-08165,65+,CO,2021-12-07,Individual
DNR-08166,55-64,OH,2022-09-09,Individual
DNR-08167,45-54,TX,2022-10-27,Individual
DNR-08168,45-54,CO,2024-05-24,Individual
DNR-08169,35-44,GA,2024-07-26,Individual
DNR-08170,55-64,IL,2023-04-13,Individual
DNR-08171,35-44,FL,2022-09-09,Individual
DNR-08172,35-44,IL,2025-09-21,Individual
DNR-08173,45-54,IL,2024-09-10,Foundation
DNR-08174,25-34,MI,2021-12-27,Individual
DNR-08175,45-54,CO,2023-10-07,Individual
DNR-08176,35-44,PA,2021-05-06,Individual
DNR-08177,65+,FL,2025-07-20,Corporate
DNR-08178,65+,WA,2024-06-27,Individual
DNR-08179,18-24,PA,2024-03-22,Individual
DNR-08180,55-64,MI,2025-10-15,Individual
DNR-08181,65+,PA,2025-11-07,Individual
DNR-08182,45-54,FL,2021-12-24,Individual
DNR-08183,25-34,NC,2022-11-16,Individual
DNR-08184,25-34,GA,2021-07-21,Corporate
DNR-08185,25-34,WA,2022-04-22,Individual
DNR-08186,65+,OH,2022-03-03,Individual
DNR-08187,25-34,IL,2022-09-28,Individual
DNR-08188,25-34,WA,2025-04-02,Individual
DNR-08189,25-34,GA,2024-03-13,Individual
DNR-08190,25-34,NY,2021-11-19,Individual
DNR-08191,35-44,TX,2022-10-26,Corporate
DNR-08192,35-44,NY,2022-05-25,Individual
DNR-08193,35-44,PA,2023-09-26,Individual
DNR-08194,35-44,MI,2022-10-27,Individual
DNR-08195,45-54,IL,2022-07-01,Individual
DNR-08196,45-54,WA,2021-11-08,Individual
DNR-08197,35-44,IL,2024-10-14,Individual
DNR-08198,45-54,PA,2021-05-26,Individual
DNR-08199,25-34,PA,2025-07-24,Individual
DNR-08200,55-64,GA,2022-04-22,Individual
DNR-08201,45-54,FL,2025-04-28,Individual
DNR-08202,65+,PA,2025-08-12,Major Donor
DNR-08203,45-54,CO,2021-02-13,Individual
DNR-08204,65+,CA,2024-11-11,Individual
DNR-08205,35-44,PA,2024-06-16,Individual
DNR-08206,55-64,PA,2024-11-18,Individual
DNR-08207,55-64,OH,2023-10-14,Foundation
DNR-08208,25-34,NC,2023-06-05,Individual
DNR-08209,65+,OH,2024-07-17,Individual
DNR-08210,55-64,CA,2022-05-19,Individual
DNR-08211,55-64,CA,2025-03-06,Individual
DNR-08212,45-54,PA,2024-10-06,Individual
DNR-08213,35-44,NY,2025-01-06,Individual
DNR-08214,35-44,CA,2025-11-25,Individual
DNR-08215,25-34,PA,2022-10-03,Individual
DNR-08216,35-44,PA,2024-05-28,Individual
DNR-08217,45-54,GA,2024-09-29,Individual
DNR-08218,25-34,FL,2025-12-02,Individual
DNR-08219,18-24,NC,2024-11-19,Foundation
DNR-08220,45-54,CA,2021-03-28,Individual
DNR-08221,35-44,OH,2021-04-01,Individual
DNR-08222,18-24,FL,2025-02-09,Individual
DNR-08223,55-64,NC,2024-05-13,Individual
DNR-08224,45-54,FL,2023-10-23,Individual
DNR-08225,65+,OH,2021-03-20,Individual
DNR-08226,65+,NC,2024-09-06,Individual
DNR-08227,65+,GA,2023-12-08,Individual
DNR-08228,35-44,NC,2024-12-20,Individual
DNR-08229,65+,MI,2025-08-01,Individual
DNR-08230,45-54,WA,2021-04-04,Major Donor
DNR-08231,65+,NC,2024-04-25,Individual
DNR-08232,35-44,TX,2024-01-04,Individual
DNR-08233,35-44,TX,2023-12-10,Individual
DNR-08234,55-64,CO,2025-01-03,Individual
DNR-08235,25-34,WA,2024-07-31,Major Donor
DNR-08236,25-34,FL,2025-11-07,Individual
DNR-08237,35-44,NY,2023-07-28,Individual
DNR-08238,45-54,CO,2023-08-13,Individual
DNR-08239,45-54,NY,2025-05-19,Individual
DNR-08240,35-44,NC,2025-04-24,Individual
DNR-08241,45-54,MI,2025-04-06,Individual
DNR-08242,25-34,IL,2023-01-31,Individual
DNR-08243,35-44,CA,2024-05-29,Individual
DNR-08244,25-34,NY,2022-06-17,Individual
DNR-08245,35-44,OH,2023-06-10,Individual
DNR-08246,55-64,PA,2023-07-10,Individual
DNR-08247,25-34,OH,2025-04-12,Individual
DNR-08248,18-24,WA,2022-09-16,Individual
DNR-08249,55-64,FL,2024-05-29,Individual
DNR-08250,55-64,NC,2022-09-14,Individual
DNR-08251,45-54,FL,2021-04-10,Corporate
DNR-08252,18-24,NY,2024-04-20,Foundation
DNR-08253,55-64,PA,2021-10-03,Individual
DNR-08254,55-64,FL,2023-05-28,Individual
DNR-08255,35-44,FL,2025-04-28,Individual
DNR-08256,25-34,GA,2021-02-07,Individual
DNR-08257,25-34,TX,2024-11-09,Individual
DNR-08258,35-44,NC,2025-09-16,Individual
DNR-08259,18-24,CA,2023-09-12,Individual
DNR-08260,18-24,PA,2021-10-22,Individual
DNR-08261,35-44,WA,2025-08-03,Individual
DNR-08262,35-44,NY,2021-04-29,Major Donor
DNR-08263,45-54,WA,2023-11-05,Major Donor
DNR-08264,45-54,FL,2024-02-29,Individual
DNR-08265,35-44,GA,2024-03-09,Individual
DNR-08266,35-44,IL,2022-05-01,Individual
DNR-08267,25-34,FL,2023-02-13,Individual
DNR-08268,35-44,NC,2025-06-23,Individual
DNR-08269,18-24,NY,2022-03-27,Individual
DNR-08270,25-34,TX,2024-04-03,Individual
DNR-08271,65+,NY,2024-06-13,Individual
DNR-08272,45-54,CA,2023-10-05,Individual
DNR-08273,45-54,WA,2023-06-16,Major Donor
DNR-08274,25-34,OH,2023-04-26,Individual
DNR-08275,35-44,FL,2021-11-09,Individual
DNR-08276,45-54,OH,2023-01-06,Individual
DNR-08277,25-34,PA,2021-11-18,Individual
DNR-08278,18-24,TX,2024-07-18,Individual
DNR-08279,25-34,IL,2022-05-27,Individual
DNR-08280,45-54,GA,2021-03-21,Individual
DNR-08281,65+,TX,2025-10-14,Individual
DNR-08282,35-44,MI,2023-01-07,Individual
DNR-08283,25-34,NC,2025-02-17,Individual
DNR-08284,55-64,NC,2025-10-09,Individual
DNR-08285,35-44,OH,2021-01-25,Individual
DNR-08286,55-64,TX,2021-03-30,Individual
DNR-08287,35-44,NC,2022-03-22,Individual
DNR-08288,35-44,MI,2022-08-25,Individual
DNR-08289,35-44,FL,2021-03-10,Individual
DNR-08290,25-34,OH,2023-05-03,Individual
DNR-08291,45-54,IL,2024-06-06,Individual
DNR-08292,18-24,TX,2022-09-13,Individual
DNR-08293,45-54,TX,2025-06-25,Major Donor
DNR-08294,55-64,FL,2022-05-30,Individual
DNR-08295,55-64,FL,2025-01-23,Individual
DNR-08296,35-44,FL,2023-08-05,Individual
DNR-08297,55-64,NC,2021-05-31,Individual
DNR-08298,35-44,OH,2021-03-06,Individual
DNR-08299,25-34,IL,2024-07-16,Individual
DNR-08300,55-64,WA,2025-06-02,Individual
DNR-08301,35-44,NY,2024-03-21,Individual
DNR-08302,55-64,CA,2022-06-25,Individual
DNR-08303,55-64,CA,2025-11-24,Individual
DNR-08304,45-54,MI,2025-08-29,Individual
DNR-08305,55-64,OH,2021-09-14,Individual
DNR-08306,25-34,IL,2024-09-09,Individual
DNR-08307,45-54,WA,2025-01-27,Individual
DNR-08308,18-24,NY,2025-05-11,Individual
DNR-08309,35-44,FL,2022-03-28,Individual
DNR-08310,25-34,NC,2025-03-28,Individual
DNR-08311,18-24,PA,2024-07-21,Individual
DNR-08312,25-34,PA,2021-06-25,Individual
DNR-08313,55-64,WA,2024-07-26,Individual
DNR-08314,35-44,NC,2021-01-05,Individual
DNR-08315,45-54,IL,2023-01-10,Individual
DNR-08316,65+,OH,2025-06-11,Individual
DNR-08317,45-54,NC,2023-07-18,Individual
DNR-08318,18-24,FL,2023-07-29,Individual
DNR-08319,55-64,OH,2021-08-03,Individual
DNR-08320,25-34,TX,2022-07-11,Individual
DNR-08321,65+,MI,2023-07-27,Individual
DNR-08322,35-44,IL,2022-07-05,Individual
DNR-08323,55-64,GA,2021-02-25,Individual
DNR-08324,45-54,MI,2022-06-28,Individual
DNR-08325,45-54,FL,2023-12-12,Individual
DNR-08326,45-54,OH,2022-05-21,Individual
DNR-08327,45-54,CA,2025-03-12,Foundation
DNR-08328,35-44,IL,2022-01-16,Individual
DNR-08329,35-44,FL,2021-05-26,Individual
DNR-08330,55-64,PA,2021-12-10,Individual
DNR-08331,45-54,NC,2022-04-24,Foundation
DNR-08332,65+,OH,2021-04-04,Individual
DNR-08333,55-64,CA,2022-05-10,Individual
DNR-08334,45-54,WA,2021-02-24,Major Donor
DNR-08335,55-64,TX,2022-11-12,Individual
DNR-08336,18-24,IL,2022-10-22,Individual
DNR-08337,35-44,NC,2021-02-13,Individual
DNR-08338,35-44,NC,2023-03-31,Individual
DNR-08339,45-54,NC,2023-02-15,Individual
DNR-08340,25-34,CA,2024-04-25,Individual
DNR-08341,45-54,OH,2023-08-16,Individual
DNR-08342,65+,GA,2025-07-14,Individual
DNR-08343,55-64,GA,2025-06-23,Individual
DNR-08344,55-64,FL,2023-09-23,Foundation
DNR-08345,45-54,IL,2024-09-01,Individual
DNR-08346,25-34,NY,2024-05-04,Individual
DNR-08347,25-34,CA,2023-06-29,Individual
DNR-08348,45-54,OH,2023-06-25,Individual
DNR-08349,18-24,MI,2025-09-01,Individual
DNR-08350,25-34,IL,2021-02-18,Individual
DNR-08351,65+,PA,2022-08-25,Individual
DNR-08352,35-44,IL,2022-11-16,Individual
DNR-08353,45-54,NC,2022-04-11,Individual
DNR-08354,45-54,CO,2022-09-13,Individual
DNR-08355,25-34,MI,2022-12-03,Individual
DNR-08356,45-54,FL,2021-08-12,Individual
DNR-08357,25-34,NY,2025-01-28,Individual
DNR-08358,18-24,MI,2025-11-30,Foundation
DNR-08359,45-54,OH,2024-11-23,Individual
DNR-08360,35-44,CO,2024-07-07,Individual
DNR-08361,65+,MI,2023-03-02,Individual
DNR-08362,35-44,CA,2023-09-06,Individual
DNR-08363,45-54,IL,2023-07-20,Individual
DNR-08364,65+,IL,2025-04-13,Individual
DNR-08365,45-54,FL,2023-11-04,Individual
DNR-08366,45-54,PA,2025-06-12,Individual
DNR-08367,55-64,WA,2025-09-29,Individual
DNR-08368,25-34,GA,2022-05-14,Individual
DNR-08369,45-54,WA,2024-09-11,Individual
DNR-08370,18-24,FL,2021-07-09,Individual
DNR-08371,55-64,GA,2022-07-15,Individual
DNR-08372,65+,OH,2024-06-01,Individual
DNR-08373,45-54,CA,2021-01-13,Individual
DNR-08374,55-64,GA,2023-09-06,Corporate
DNR-08375,55-64,CA,2024-05-29,Individual
DNR-08376,18-24,CO,2023-03-07,Individual
DNR-08377,45-54,PA,2025-07-20,Individual
DNR-08378,35-44,FL,2025-03-17,Individual
DNR-08379,45-54,GA,2025-08-06,Individual
DNR-08380,35-44,WA,2021-02-01,Individual
DNR-08381,35-44,FL,2024-08-15,Individual
DNR-08382,25-34,TX,2024-05-12,Individual
DNR-08383,65+,CO,2023-09-01,Individual
DNR-08384,35-44,CO,2024-01-13,Major Donor
DNR-08385,35-44,TX,2024-04-09,Foundation
DNR-08386,45-54,PA,2024-05-22,Individual
DNR-08387,25-34,NY,2021-02-18,Individual
DNR-08388,25-34,CA,2021-01-15,Individual
DNR-08389,18-24,PA,2024-09-28,Individual
DNR-08390,18-24,MI,2023-05-19,Individual
DNR-08391,25-34,IL,2023-07-31,Individual
DNR-08392,45-54,CA,2025-04-29,Individual
DNR-08393,55-64,NY,2021-10-13,Foundation
DNR-08394,45-54,TX,2021-04-07,Individual
DNR-08395,45-54,IL,2024-09-03,Individual
DNR-08396,55-64,MI,2024-09-25,Major Donor
DNR-08397,45-54,CO,2021-04-15,Individual
DNR-08398,35-44,TX,2025-08-07,Individual
DNR-08399,25-34,NY,2022-02-07,Individual
DNR-08400,35-44,GA,2022-06-25,Individual
DNR-08401,65+,WA,2024-10-16,Corporate
DNR-08402,35-44,PA,2022-05-17,Individual
DNR-08403,18-24,TX,2022-10-12,Individual
DNR-08404,55-64,NC,2021-09-16,Major Donor
DNR-08405,25-34,OH,2024-01-26,Individual
DNR-08406,35-44,OH,2022-03-13,Individual
DNR-08407,35-44,CA,2025-08-11,Individual
DNR-08408,65+,FL,2024-07-30,Individual
DNR-08409,25-34,IL,2025-08-24,Individual
DNR-08410,45-54,MI,2025-04-15,Individual
DNR-08411,25-34,WA,2022-05-04,Individual
DNR-08412,35-44,GA,2024-06-02,Individual
DNR-08413,55-64,TX,2023-06-09,Individual
DNR-08414,45-54,CO,2022-04-07,Individual
DNR-08415,45-54,PA,2024-03-16,Individual
DNR-08416,45-54,WA,2021-10-14,Individual
DNR-08417,35-44,CA,2025-07-07,Individual
DNR-08418,45-54,GA,2021-12-25,Individual
DNR-08419,55-64,MI,2024-04-09,Individual
DNR-08420,25-34,TX,2022-10-20,Individual
DNR-08421,45-54,IL,2022-10-04,Individual
DNR-08422,35-44,FL,2022-06-13,Individual
DNR-08423,45-54,CO,2025-06-30,Corporate
DNR-08424,35-44,CA,2025-02-03,Individual
DNR-08425,65+,FL,2021-06-02,Individual
DNR-08426,18-24,CO,2021-04-05,Individual
DNR-08427,45-54,GA,2023-12-01,Individual
DNR-08428,35-44,PA,2021-06-24,Individual
DNR-08429,55-64,NY,2024-05-01,Individual
DNR-08430,35-44,TX,2025-04-28,Individual
DNR-08431,35-44,MI,2025-05-17,Individual
DNR-08432,35-44,CA,2021-04-17,Individual
DNR-08433,45-54,IL,2024-11-10,Individual
DNR-08434,35-44,CA,2023-03-11,Foundation
DNR-08435,45-54,OH,2023-04-25,Individual
DNR-08436,25-34,FL,2023-03-21,Individual
DNR-08437,18-24,NY,2022-10-26,Individual
DNR-08438,35-44,MI,2021-12-25,Individual
DNR-08439,35-44,FL,2024-04-22,Individual
DNR-08440,65+,MI,2025-01-17,Individual
DNR-08441,35-44,GA,2022-02-05,Individual
DNR-08442,55-64,CA,2025-10-13,Individual
DNR-08443,55-64,IL,2024-03-01,Foundation
DNR-08444,45-54,CA,2025-01-14,Individual
DNR-08445,25-34,OH,2021-05-12,Individual
DNR-08446,45-54,OH,2023-07-23,Individual
DNR-08447,35-44,WA,2021-10-31,Foundation
DNR-08448,25-34,TX,2023-08-07,Corporate
DNR-08449,35-44,TX,2023-01-18,Foundation
DNR-08450,55-64,NC,2022-02-25,Individual
DNR-08451,65+,NY,2021-03-29,Individual
DNR-08452,45-54,MI,2025-03-02,Foundation
DNR-08453,65+,NC,2021-12-07,Individual
DNR-08454,25-34,TX,2021-10-13,Individual
DNR-08455,55-64,WA,2025-06-26,Individual
DNR-08456,25-34,TX,2025-01-06,Individual
DNR-08457,45-54,PA,2024-07-27,Individual
DNR-08458,45-54,TX,2025-04-11,Corporate
DNR-08459,25-34,CA,2022-01-12,Individual
DNR-08460,18-24,IL,2024-06-17,Individual
DNR-08461,25-34,WA,2021-10-10,Individual
DNR-08462,45-54,GA,2021-05-23,Individual
DNR-08463,55-64,FL,2024-06-09,Individual
DNR-08464,18-24,MI,2024-07-12,Individual
DNR-08465,35-44,CA,2025-02-06,Individual
DNR-08466,18-24,PA,2024-11-02,Individual
DNR-08467,25-34,IL,2021-06-15,Individual
DNR-08468,25-34,TX,2024-11-11,Individual
DNR-08469,25-34,CO,2021-09-21,Individual
DNR-08470,35-44,GA,2021-04-08,Individual
DNR-08471,35-44,TX,2021-10-03,Individual
DNR-08472,25-34,CO,2025-03-08,Individual
DNR-08473,45-54,WA,2022-01-25,Individual
DNR-08474,35-44,FL,2022-07-17,Individual
DNR-08475,35-44,MI,2024-03-22,Individual
DNR-08476,45-54,MI,2021-10-17,Individual
DNR-08477,45-54,FL,2021-08-18,Corporate
DNR-08478,55-64,OH,2021-09-11,Individual
DNR-08479,45-54,CO,2024-06-07,Individual
DNR-08480,25-34,NY,2024-10-16,Individual
DNR-08481,65+,CA,2022-06-05,Individual
DNR-08482,35-44,IL,2021-02-08,Individual
DNR-08483,18-24,NC,2024-04-03,Individual
DNR-08484,45-54,NC,2022-08-12,Individual
DNR-08485,45-54,CA,2021-02-26,Individual
DNR-08486,25-34,OH,2023-10-01,Individual
DNR-08487,35-44,MI,2025-08-28,Individual
DNR-08488,25-34,NY,2021-09-23,Individual
DNR-08489,45-54,OH,2022-10-13,Individual
DNR-08490,45-54,CA,2024-06-14,Individual
DNR-08491,25-34,PA,2025-02-05,Individual
DNR-08492,35-44,TX,2025-09-10,Individual
DNR-08493,25-34,WA,2024-11-30,Individual
DNR-08494,65+,PA,2025-06-13,Major Donor
DNR-08495,25-34,GA,2023-10-28,Individual
DNR-08496,35-44,PA,2024-08-19,Individual
DNR-08497,65+,CO,2022-07-10,Individual
DNR-08498,35-44,PA,2022-09-19,Individual
DNR-08499,25-34,PA,2025-03-09,Corporate
DNR-08500,25-34,PA,2021-04-06,Individual
DNR-08501,35-44,NC,2025-05-09,Individual
DNR-08502,25-34,GA,2024-11-05,Individual
DNR-08503,45-54,OH,2024-12-13,Individual
DNR-08504,65+,IL,2021-03-24,Individual
DNR-08505,65+,NY,2023-12-25,Individual
DNR-08506,35-44,NC,2022-06-06,Corporate
DNR-08507,45-54,MI,2025-06-22,Individual
DNR-08508,45-54,CA,2023-08-23,Individual
DNR-08509,55-64,TX,2025-06-25,Corporate
DNR-08510,55-64,PA,2021-12-31,Individual
DNR-08511,45-54,IL,2024-12-09,Individual
DNR-08512,45-54,TX,2024-09-15,Individual
DNR-08513,55-64,MI,2021-04-03,Individual
DNR-08514,35-44,MI,2023-04-14,Individual
DNR-08515,25-34,WA,2024-05-28,Major Donor
DNR-08516,65+,NC,2022-01-21,Individual
DNR-08517,35-44,PA,2022-04-03,Individual
DNR-08518,25-34,IL,2023-08-16,Individual
DNR-08519,45-54,CA,2022-10-28,Individual
DNR-08520,45-54,PA,2023-03-08,Individual
DNR-08521,65+,NY,2023-12-23,Individual
DNR-08522,55-64,WA,2025-06-23,Individual
DNR-08523,55-64,FL,2021-12-10,Individual
DNR-08524,45-54,OH,2023-02-16,Individual
DNR-08525,35-44,IL,2021-05-05,Individual
DNR-08526,45-54,TX,2023-07-29,Individual
DNR-08527,45-54,NC,2024-10-07,Individual
DNR-08528,25-34,WA,2024-04-16,Individual
DNR-08529,65+,CO,2023-10-13,Individual
DNR-08530,45-54,MI,2021-08-28,Individual
DNR-08531,35-44,MI,2024-05-22,Individual
DNR-08532,45-54,PA,2021-09-17,Individual
DNR-08533,18-24,FL,2024-11-26,Individual
DNR-08534,35-44,NC,2022-03-09,Individual
DNR-08535,55-64,TX,2023-11-30,Individual
DNR-08536,45-54,NC,2023-11-18,Individual
DNR-08537,35-44,WA,2025-10-29,Individual
DNR-08538,55-64,FL,2021-08-03,Individual
DNR-08539,45-54,NY,2024-03-24,Individual
DNR-08540,45-54,WA,2024-12-28,Corporate
DNR-08541,35-44,IL,2021-01-09,Individual
DNR-08542,45-54,CO,2024-06-14,Individual
DNR-08543,55-64,PA,2024-08-31,Individual
DNR-08544,45-54,IL,2023-08-06,Individual
DNR-08545,25-34,NY,2025-11-16,Individual
DNR-08546,65+,TX,2023-07-15,Individual
DNR-08547,35-44,PA,2025-03-04,Individual
DNR-08548,35-44,GA,2022-08-07,Individual
DNR-08549,45-54,CO,2025-08-28,Individual
DNR-08550,55-64,IL,2023-03-12,Individual
DNR-08551,45-54,NC,2022-05-26,Individual
DNR-08552,35-44,WA,2022-03-05,Corporate
DNR-08553,45-54,NY,2024-07-28,Individual
DNR-08554,45-54,MI,2023-08-05,Individual
DNR-08555,55-64,GA,2023-05-29,Individual
DNR-08556,65+,GA,2023-11-06,Individual
DNR-08557,65+,NC,2022-11-07,Individual
DNR-08558,35-44,FL,2021-05-28,Individual
DNR-08559,35-44,CO,2022-09-20,Individual
DNR-08560,35-44,WA,2022-03-08,Individual
DNR-08561,55-64,GA,2021-07-20,Individual
DNR-08562,65+,WA,2023-03-06,Individual
DNR-08563,45-54,WA,2025-10-28,Individual
DNR-08564,35-44,FL,2024-07-06,Individual
DNR-08565,25-34,FL,2023-03-06,Individual
DNR-08566,35-44,NY,2025-01-05,Individual
DNR-08567,35-44,MI,2022-04-29,Corporate
DNR-08568,65+,PA,2024-05-22,Individual
DNR-08569,45-54,FL,2024-10-28,Individual
DNR-08570,65+,WA,2021-06-28,Individual
DNR-08571,25-34,GA,2025-06-29,Individual
DNR-08572,45-54,PA,2022-05-03,Individual
DNR-08573,45-54,TX,2025-07-15,Individual
DNR-08574,18-24,TX,2022-06-22,Individual
DNR-08575,35-44,CA,2021-09-20,Individual
DNR-08576,45-54,NY,2022-08-22,Individual
DNR-08577,35-44,PA,2024-04-13,Individual
DNR-08578,65+,NY,2022-12-07,Individual
DNR-08579,35-44,GA,2021-11-01,Individual
DNR-08580,35-44,IL,2022-05-31,Individual
DNR-08581,55-64,MI,2022-06-28,Foundation
DNR-08582,55-64,CA,2022-07-16,Individual
DNR-08583,45-54,FL,2025-04-18,Individual
DNR-08584,65+,TX,2024-09-19,Individual
DNR-08585,55-64,NY,2023-09-06,Individual
DNR-08586,18-24,CO,2025-09-22,Individual
DNR-08587,25-34,TX,2023-04-10,Individual
DNR-08588,45-54,WA,2024-01-14,Individual
DNR-08589,35-44,OH,2021-02-24,Individual
DNR-08590,25-34,NY,2024-02-16,Individual
DNR-08591,35-44,PA,2022-06-10,Individual
DNR-08592,25-34,OH,2024-04-04,Individual
DNR-08593,35-44,GA,2022-03-11,Individual
DNR-08594,45-54,WA,2023-10-18,Individual
DNR-08595,25-34,WA,2022-10-01,Corporate
DNR-08596,55-64,FL,2021-10-08,Individual
DNR-08597,18-24,WA,2024-03-26,Individual
DNR-08598,18-24,TX,2025-08-14,Individual
DNR-08599,25-34,MI,2024-11-22,Individual
DNR-08600,65+,TX,2023-02-12,Individual
DNR-08601,45-54,TX,2023-05-19,Corporate
DNR-08602,18-24,GA,2024-11-05,Individual
DNR-08603,45-54,OH,2023-02-07,Foundation
DNR-08604,45-54,OH,2021-08-02,Individual
DNR-08605,35-44,CO,2024-08-10,Foundation
DNR-08606,45-54,TX,2021-05-18,Foundation
DNR-08607,45-54,FL,2021-03-21,Individual
DNR-08608,18-24,OH,2022-06-02,Individual
DNR-08609,25-34,CA,2024-05-12,Individual
DNR-08610,18-24,WA,2023-02-23,Individual
DNR-08611,55-64,FL,2022-02-01,Individual
DNR-08612,55-64,CA,2024-04-19,Individual
DNR-08613,45-54,OH,2025-02-25,Individual
DNR-08614,25-34,NY,2025-05-23,Individual
DNR-08615,18-24,CA,2025-10-08,Individual
DNR-08616,35-44,NY,2021-11-23,Individual
DNR-08617,25-34,FL,2024-02-20,Individual
DNR-08618,45-54,TX,2024-08-29,Individual
DNR-08619,35-44,MI,2023-07-19,Individual
DNR-08620,45-54,NC,2024-02-21,Individual
DNR-08621,55-64,TX,2023-07-01,Individual
DNR-08622,25-34,CO,2021-05-08,Individual
DNR-08623,45-54,CO,2024-09-14,Individual
DNR-08624,65+,TX,2021-02-22,Foundation
DNR-08625,45-54,IL,2023-05-14,Major Donor
DNR-08626,35-44,NC,2022-06-14,Individual
DNR-08627,45-54,IL,2024-04-02,Individual
DNR-08628,55-64,OH,2023-10-03,Individual
DNR-08629,18-24,OH,2025-08-04,Individual
DNR-08630,35-44,CO,2025-08-28,Foundation
DNR-08631,55-64,PA,2024-07-09,Individual
DNR-08632,25-34,NC,2021-12-29,Individual
DNR-08633,35-44,NC,2023-08-12,Individual
DNR-08634,35-44,CO,2024-01-04,Individual
DNR-08635,35-44,GA,2024-12-02,Individual
DNR-08636,55-64,OH,2023-08-17,Individual
DNR-08637,45-54,NC,2021-06-26,Individual
DNR-08638,65+,NC,2024-05-27,Individual
DNR-08639,35-44,MI,2022-09-20,Individual
DNR-08640,65+,OH,2021-10-07,Individual
DNR-08641,45-54,OH,2024-11-08,Individual
DNR-08642,18-24,PA,2022-06-11,Individual
DNR-08643,18-24,NC,2022-02-06,Corporate
DNR-08644,35-44,CO,2023-05-19,Individual
DNR-08645,18-24,FL,2023-03-26,Individual
DNR-08646,65+,OH,2021-06-02,Individual
DNR-08647,35-44,MI,2023-02-14,Individual
DNR-08648,18-24,GA,2025-09-13,Individual
DNR-08649,55-64,TX,2024-04-08,Individual
DNR-08650,25-34,NC,2025-04-08,Individual
DNR-08651,65+,WA,2024-11-03,Individual
DNR-08652,55-64,NY,2024-11-05,Individual
DNR-08653,25-34,MI,2021-06-23,Individual
DNR-08654,45-54,NC,2024-02-14,Individual
DNR-08655,45-54,GA,2023-06-21,Individual
DNR-08656,55-64,WA,2021-01-03,Individual
DNR-08657,55-64,PA,2023-03-31,Individual
DNR-08658,35-44,CA,2021-12-16,Individual
DNR-08659,35-44,IL,2025-01-23,Foundation
DNR-08660,25-34,NC,2021-04-30,Individual
DNR-08661,35-44,OH,2024-03-31,Individual
DNR-08662,45-54,IL,2023-07-17,Individual
DNR-08663,18-24,CA,2023-04-25,Individual
DNR-08664,55-64,NY,2021-07-07,Individual
DNR-08665,18-24,CA,2021-04-15,Individual
DNR-08666,35-44,CO,2023-10-14,Individual
DNR-08667,18-24,PA,2021-12-28,Individual
DNR-08668,35-44,WA,2024-09-24,Individual
DNR-08669,25-34,WA,2025-04-11,Foundation
DNR-08670,25-34,WA,2024-06-19,Individual
DNR-08671,55-64,PA,2021-12-19,Individual
DNR-08672,35-44,WA,2024-07-02,Individual
DNR-08673,45-54,PA,2023-08-02,Individual
DNR-08674,45-54,PA,2024-08-03,Individual
DNR-08675,65+,CO,2024-05-03,Corporate
DNR-08676,55-64,PA,2022-09-26,Individual
DNR-08677,45-54,MI,2021-11-06,Individual
DNR-08678,45-54,TX,2025-04-13,Individual
DNR-08679,35-44,CA,2021-04-26,Individual
DNR-08680,25-34,IL,2022-12-17,Individual
DNR-08681,55-64,PA,2021-03-22,Foundation
DNR-08682,65+,FL,2021-07-10,Corporate
DNR-08683,65+,FL,2023-07-29,Foundation
DNR-08684,35-44,OH,2025-11-14,Individual
DNR-08685,55-64,MI,2025-02-27,Individual
DNR-08686,25-34,WA,2023-07-06,Individual
DNR-08687,18-24,NC,2023-02-11,Individual
DNR-08688,55-64,GA,2022-10-18,Individual
DNR-08689,18-24,PA,2022-09-09,Individual
DNR-08690,45-54,NC,2023-12-03,Individual
DNR-08691,25-34,MI,2023-11-09,Individual
DNR-08692,25-34,PA,2021-03-13,Individual
DNR-08693,35-44,NY,2023-10-28,Individual
DNR-08694,25-34,PA,2024-10-12,Individual
DNR-08695,45-54,OH,2021-02-24,Individual
DNR-08696,35-44,FL,2022-03-05,Individual
DNR-08697,35-44,MI,2022-10-12,Individual
DNR-08698,25-34,CO,2021-08-12,Individual
DNR-08699,35-44,CO,2021-04-27,Corporate
DNR-08700,45-54,OH,2025-10-31,Individual
DNR-08701,35-44,NC,2024-10-19,Individual
DNR-08702,35-44,FL,2024-09-30,Major Donor
DNR-08703,25-34,MI,2025-08-04,Individual
DNR-08704,45-54,NY,2023-04-24,Individual
DNR-08705,45-54,FL,2025-08-04,Individual
DNR-08706,65+,NC,2024-08-25,Individual
DNR-08707,18-24,TX,2021-01-18,Corporate
DNR-08708,35-44,TX,2021-10-30,Individual
DNR-08709,65+,WA,2022-12-10,Individual
DNR-08710,55-64,IL,2021-10-02,Individual
DNR-08711,55-64,NC,2024-01-25,Individual
DNR-08712,35-44,NC,2025-11-17,Corporate
DNR-08713,45-54,CA,2025-11-06,Individual
DNR-08714,35-44,WA,2025-10-15,Individual
DNR-08715,45-54,GA,2022-06-08,Individual
DNR-08716,35-44,MI,2022-09-17,Individual
DNR-08717,65+,GA,2022-05-23,Foundation
DNR-08718,25-34,GA,2025-01-16,Individual
DNR-08719,25-34,OH,2025-06-15,Corporate
DNR-08720,35-44,NC,2021-06-10,Individual
DNR-08721,35-44,TX,2021-04-08,Individual
DNR-08722,25-34,GA,2024-06-26,Individual
DNR-08723,35-44,NC,2025-11-06,Foundation
DNR-08724,35-44,NC,2023-11-28,Individual
DNR-08725,35-44,IL,2023-12-11,Individual
DNR-08726,25-34,GA,2022-07-25,Individual
DNR-08727,18-24,IL,2025-04-03,Individual
DNR-08728,45-54,TX,2021-01-09,Individual
DNR-08729,65+,FL,2025-01-18,Foundation
DNR-08730,65+,CO,2023-05-02,Major Donor
DNR-08731,35-44,CO,2022-11-04,Foundation
DNR-08732,65+,CO,2023-07-19,Individual
DNR-08733,35-44,FL,2024-04-05,Individual
DNR-08734,25-34,IL,2023-11-23,Individual
DNR-08735,35-44,IL,2025-09-20,Major Donor
DNR-08736,35-44,WA,2023-09-08,Individual
DNR-08737,65+,CA,2022-12-17,Individual
DNR-08738,55-64,TX,2023-01-08,Individual
DNR-08739,65+,NY,2024-12-15,Individual
DNR-08740,45-54,PA,2025-07-20,Individual
DNR-08741,18-24,PA,2024-06-10,Individual
DNR-08742,18-24,CO,2022-04-21,Individual
DNR-08743,65+,FL,2021-09-25,Individual
DNR-08744,55-64,WA,2022-05-24,Individual
DNR-08745,65+,CO,2021-12-27,Individual
DNR-08746,18-24,OH,2025-03-17,Corporate
DNR-08747,35-44,GA,2024-07-25,Individual
DNR-08748,35-44,CA,2025-11-22,Corporate
DNR-08749,25-34,CA,2025-06-26,Individual
DNR-08750,18-24,NC,2022-03-06,Individual
DNR-08751,65+,NC,2025-10-02,Individual
DNR-08752,65+,OH,2025-04-02,Individual
DNR-08753,55-64,PA,2021-06-08,Individual
DNR-08754,35-44,OH,2024-06-29,Corporate
DNR-08755,35-44,CO,2023-02-11,Individual
DNR-08756,35-44,NY,2025-09-03,Individual
DNR-08757,45-54,NC,2021-12-05,Individual
DNR-08758,18-24,TX,2021-12-27,Individual
DNR-08759,45-54,OH,2024-09-19,Individual
DNR-08760,65+,MI,2024-04-11,Individual
DNR-08761,65+,MI,2022-07-13,Individual
DNR-08762,25-34,NC,2023-12-14,Individual
DNR-08763,55-64,IL,2021-11-17,Major Donor
DNR-08764,35-44,NY,2023-07-09,Corporate
DNR-08765,25-34,WA,2022-05-12,Individual
DNR-08766,45-54,GA,2021-12-10,Individual
DNR-08767,55-64,TX,2021-07-06,Individual
DNR-08768,65+,FL,2022-03-06,Individual
DNR-08769,35-44,OH,2025-11-12,Individual
DNR-08770,35-44,CO,2022-08-24,Individual
DNR-08771,25-34,NC,2023-09-12,Individual
DNR-08772,35-44,GA,2024-12-09,Individual
DNR-08773,45-54,NY,2021-10-22,Individual
DNR-08774,18-24,GA,2025-01-19,Individual
DNR-08775,55-64,GA,2023-07-09,Individual
DNR-08776,18-24,TX,2021-06-13,Foundation
DNR-08777,55-64,IL,2024-09-25,Individual
DNR-08778,55-64,WA,2024-07-30,Individual
DNR-08779,25-34,OH,2024-12-13,Individual
DNR-08780,45-54,GA,2021-12-22,Individual
DNR-08781,55-64,NY,2023-10-21,Individual
DNR-08782,35-44,PA,2022-06-06,Individual
DNR-08783,25-34,TX,2024-12-16,Individual
DNR-08784,45-54,WA,2025-05-09,Individual
DNR-08785,45-54,GA,2025-08-17,Individual
DNR-08786,25-34,IL,2021-02-16,Individual
DNR-08787,65+,PA,2021-03-27,Individual
DNR-08788,65+,NC,2022-12-02,Individual
DNR-08789,45-54,FL,2024-05-21,Individual
DNR-08790,55-64,GA,2024-03-31,Individual
DNR-08791,25-34,OH,2024-08-22,Individual
DNR-08792,45-54,CA,2023-09-04,Major Donor
DNR-08793,35-44,IL,2023-01-07,Individual
DNR-08794,35-44,NC,2023-03-30,Corporate
DNR-08795,65+,PA,2023-03-12,Individual
DNR-08796,35-44,IL,2023-02-18,Individual
DNR-08797,55-64,CO,2023-11-21,Individual
DNR-08798,45-54,FL,2024-10-06,Individual
DNR-08799,45-54,CA,2022-01-19,Individual
DNR-08800,45-54,PA,2024-11-13,Individual
DNR-08801,65+,GA,2022-12-23,Individual
DNR-08802,55-64,TX,2021-03-01,Individual
DNR-08803,25-34,PA,2022-05-05,Individual
DNR-08804,45-54,IL,2024-04-08,Individual
DNR-08805,18-24,OH,2021-11-23,Individual
DNR-08806,45-54,FL,2021-02-19,Individual
DNR-08807,65+,NY,2021-05-02,Individual
DNR-08808,25-34,NC,2022-04-07,Corporate
DNR-08809,25-34,NC,2021-03-01,Individual
DNR-08810,55-64,TX,2023-10-19,Individual
DNR-08811,35-44,NC,2024-01-20,Individual
DNR-08812,55-64,NC,2024-07-03,Individual
DNR-08813,18-24,WA,2025-05-07,Major Donor
DNR-08814,35-44,FL,2021-02-04,Foundation
DNR-08815,55-64,FL,2022-02-28,Individual
DNR-08816,18-24,WA,2022-10-30,Individual
DNR-08817,25-34,GA,2024-09-05,Individual
DNR-08818,65+,PA,2021-05-26,Major Donor
DNR-08819,45-54,GA,2024-05-30,Individual
DNR-08820,45-54,IL,2024-11-28,Corporate
DNR-08821,35-44,PA,2022-12-25,Foundation
DNR-08822,65+,NY,2024-06-06,Individual
DNR-08823,45-54,CO,2022-12-03,Individual
DNR-08824,45-54,WA,2024-07-12,Individual
DNR-08825,35-44,PA,2021-06-19,Individual
DNR-08826,55-64,CA,2025-11-28,Corporate
DNR-08827,35-44,TX,2024-02-20,Individual
DNR-08828,45-54,WA,2024-11-13,Individual
DNR-08829,65+,GA,2023-01-22,Individual
DNR-08830,45-54,NC,2024-10-01,Individual
DNR-08831,18-24,WA,2021-12-02,Individual
DNR-08832,18-24,WA,2022-10-04,Individual
DNR-08833,35-44,PA,2024-12-24,Individual
DNR-08834,35-44,TX,2023-10-04,Individual
DNR-08835,18-24,WA,2021-05-03,Individual
DNR-08836,35-44,MI,2021-10-05,Individual
DNR-08837,18-24,CO,2022-06-21,Individual
DNR-08838,35-44,NY,2025-05-06,Individual
DNR-08839,35-44,FL,2022-01-22,Individual
DNR-08840,25-34,TX,2021-12-19,Individual
DNR-08841,55-64,IL,2025-02-20,Major Donor
DNR-08842,25-34,FL,2021-01-20,Individual
DNR-08843,35-44,NY,2025-05-02,Individual
DNR-08844,25-34,CO,2024-03-25,Individual
DNR-08845,65+,PA,2021-07-01,Individual
DNR-08846,25-34,GA,2025-01-11,Individual
DNR-08847,45-54,CO,2024-03-16,Individual
DNR-08848,55-64,MI,2021-02-25,Individual
DNR-08849,55-64,WA,2022-06-02,Individual
DNR-08850,35-44,OH,2022-04-30,Corporate
DNR-08851,65+,CA,2021-01-17,Individual
DNR-08852,55-64,CO,2025-05-20,Individual
DNR-08853,25-34,NC,2025-02-03,Major Donor
DNR-08854,18-24,FL,2024-12-25,Individual
DNR-08855,45-54,CO,2024-05-15,Individual
DNR-08856,35-44,OH,2021-12-27,Corporate
DNR-08857,25-34,TX,2021-06-28,Individual
DNR-08858,25-34,TX,2021-08-26,Individual
DNR-08859,45-54,FL,2024-06-22,Individual
DNR-08860,25-34,CA,2023-10-27,Individual
DNR-08861,35-44,NY,2022-08-17,Individual
DNR-08862,65+,NY,2021-11-30,Individual
DNR-08863,35-44,CA,2024-02-13,Individual
DNR-08864,35-44,PA,2024-03-30,Individual
DNR-08865,55-64,CA,2021-11-20,Individual
DNR-08866,45-54,NC,2024-10-16,Individual
DNR-08867,25-34,PA,2021-11-12,Individual
DNR-08868,45-54,CO,2023-03-15,Foundation
DNR-08869,65+,FL,2022-02-28,Individual
DNR-08870,55-64,OH,2025-04-07,Individual
DNR-08871,35-44,CO,2023-09-29,Individual
DNR-08872,65+,CA,2024-11-25,Major Donor
DNR-08873,25-34,NC,2021-01-24,Corporate
DNR-08874,25-34,NC,2024-02-28,Individual
DNR-08875,35-44,PA,2025-06-13,Individual
DNR-08876,25-34,CO,2025-07-24,Corporate
DNR-08877,18-24,FL,2022-02-26,Individual
DNR-08878,25-34,PA,2022-07-12,Foundation
DNR-08879,35-44,IL,2023-05-31,Individual
DNR-08880,35-44,NY,2023-11-30,Individual
DNR-08881,35-44,CO,2025-08-20,Individual
DNR-08882,55-64,GA,2021-11-11,Individual
DNR-08883,55-64,CO,2021-11-08,Individual
DNR-08884,18-24,FL,2022-03-04,Individual
DNR-08885,45-54,CO,2024-09-18,Individual
DNR-08886,65+,WA,2021-06-07,Individual
DNR-08887,18-24,CO,2025-03-05,Major Donor
DNR-08888,55-64,NY,2025-03-27,Individual
DNR-08889,45-54,OH,2022-01-20,Individual
DNR-08890,18-24,OH,2025-10-27,Individual
DNR-08891,18-24,MI,2025-11-17,Individual
DNR-08892,65+,OH,2024-05-29,Individual
DNR-08893,25-34,CO,2023-03-25,Individual
DNR-08894,25-34,CO,2021-10-08,Major Donor
DNR-08895,35-44,CO,2023-08-03,Individual
DNR-08896,55-64,NY,2024-10-27,Individual
DNR-08897,65+,IL,2024-04-02,Individual
DNR-08898,35-44,FL,2024-09-05,Individual
DNR-08899,25-34,NY,2022-01-09,Individual
DNR-08900,35-44,NC,2025-06-25,Individual
DNR-08901,35-44,CO,2025-05-13,Individual
DNR-08902,45-54,MI,2024-01-15,Individual
DNR-08903,25-34,PA,2025-11-28,Individual
DNR-08904,55-64,GA,2024-05-13,Individual
DNR-08905,55-64,PA,2022-01-17,Individual
DNR-08906,25-34,PA,2024-01-15,Individual
DNR-08907,45-54,PA,2024-02-02,Foundation
DNR-08908,25-34,MI,2022-10-10,Major Donor
DNR-08909,45-54,OH,2025-04-25,Individual
DNR-08910,25-34,IL,2025-05-20,Individual
DNR-08911,55-64,FL,2023-11-30,Corporate
DNR-08912,45-54,FL,2023-05-28,Individual
DNR-08913,25-34,MI,2024-01-27,Individual
DNR-08914,25-34,FL,2025-09-19,Individual
DNR-08915,25-34,FL,2023-12-26,Individual
DNR-08916,35-44,IL,2023-04-23,Individual
DNR-08917,55-64,NC,2023-04-27,Individual
DNR-08918,65+,IL,2023-06-02,Individual
DNR-08919,35-44,CA,2021-07-21,Individual
DNR-08920,25-34,GA,2021-09-24,Individual
DNR-08921,25-34,GA,2022-11-13,Individual
DNR-08922,25-34,PA,2023-09-12,Individual
DNR-08923,35-44,CA,2023-11-18,Individual
DNR-08924,25-34,CA,2025-03-15,Individual
DNR-08925,45-54,CO,2023-01-28,Individual
DNR-08926,45-54,CA,2022-10-01,Individual
DNR-08927,35-44,CA,2021-05-29,Individual
DNR-08928,18-24,FL,2022-09-21,Individual
DNR-08929,35-44,TX,2023-02-08,Individual
DNR-08930,18-24,PA,2023-03-30,Individual
DNR-08931,45-54,OH,2022-12-01,Individual
DNR-08932,25-34,OH,2022-12-20,Corporate
DNR-08933,35-44,IL,2023-10-23,Foundation
DNR-08934,65+,FL,2025-10-06,Foundation
DNR-08935,65+,NY,2023-10-21,Individual
DNR-08936,55-64,IL,2022-02-11,Individual
DNR-08937,35-44,PA,2024-07-18,Individual
DNR-08938,45-54,OH,2025-10-02,Individual
DNR-08939,65+,CA,2021-02-28,Individual
DNR-08940,35-44,TX,2021-07-09,Individual
DNR-08941,25-34,FL,2021-11-08,Individual
DNR-08942,45-54,IL,2023-12-07,Individual
DNR-08943,25-34,CO,2024-11-07,Individual
DNR-08944,55-64,FL,2025-04-18,Individual
DNR-08945,25-34,PA,2023-03-11,Individual
DNR-08946,18-24,MI,2024-09-09,Individual
DNR-08947,45-54,NY,2022-10-28,Individual
DNR-08948,25-34,CO,2025-06-06,Individual
DNR-08949,35-44,PA,2024-05-23,Individual
DNR-08950,18-24,OH,2021-03-09,Individual
DNR-08951,25-34,NY,2025-07-04,Individual
DNR-08952,35-44,IL,2022-05-08,Individual
DNR-08953,55-64,GA,2024-02-25,Individual
DNR-08954,18-24,OH,2025-07-23,Individual
DNR-08955,65+,PA,2021-12-20,Individual
DNR-08956,35-44,CO,2024-12-30,Individual
DNR-08957,25-34,PA,2021-09-12,Individual
DNR-08958,45-54,OH,2022-06-07,Individual
DNR-08959,25-34,CA,2024-03-25,Individual
DNR-08960,35-44,CO,2025-02-28,Individual
DNR-08961,55-64,TX,2024-11-30,Foundation
DNR-08962,35-44,NY,2023-08-31,Individual
DNR-08963,65+,CO,2021-08-18,Individual
DNR-08964,65+,FL,2025-11-06,Individual
DNR-08965,45-54,IL,2022-07-09,Individual
DNR-08966,45-54,FL,2024-11-28,Individual
DNR-08967,55-64,CO,2022-10-04,Individual
DNR-08968,55-64,OH,2022-03-12,Individual
DNR-08969,35-44,GA,2022-07-25,Corporate
DNR-08970,65+,NY,2025-01-11,Individual
DNR-08971,18-24,NC,2021-04-19,Individual
DNR-08972,45-54,IL,2021-07-31,Individual
DNR-08973,35-44,CA,2024-07-27,Individual
DNR-08974,18-24,IL,2025-02-19,Individual
DNR-08975,65+,MI,2025-11-25,Major Donor
DNR-08976,25-34,IL,2022-09-10,Individual
DNR-08977,55-64,FL,2021-12-22,Individual
DNR-08978,55-64,NC,2022-10-04,Individual
DNR-08979,35-44,WA,2022-02-18,Individual
DNR-08980,45-54,OH,2024-01-01,Individual
DNR-08981,65+,CA,2024-09-10,Individual
DNR-08982,65+,OH,2024-09-12,Individual
DNR-08983,45-54,CO,2022-10-30,Individual
DNR-08984,25-34,NC,2023-08-26,Individual
DNR-08985,45-54,CA,2024-02-22,Individual
DNR-08986,65+,GA,2025-09-08,Individual
DNR-08987,35-44,MI,2021-03-18,Individual
DNR-08988,45-54,NY,2022-07-23,Individual
DNR-08989,25-34,OH,2023-09-26,Individual
DNR-08990,65+,IL,2021-09-02,Individual
DNR-08991,45-54,CA,2022-06-06,Individual
DNR-08992,25-34,MI,2024-04-08,Corporate
DNR-08993,35-44,CO,2023-07-26,Individual
DNR-08994,65+,FL,2025-04-21,Individual
DNR-08995,45-54,NC,2025-02-07,Individual
DNR-08996,35-44,CO,2025-10-24,Individual
DNR-08997,65+,WA,2022-01-14,Individual
DNR-08998,45-54,CO,2023-09-16,Major Donor
DNR-08999,18-24,NC,2023-10-12,Individual
DNR-09000,45-54,PA,2024-02-22,Corporate
DNR-09001,65+,TX,2022-05-12,Individual
DNR-09002,45-54,NC,2021-06-27,Individual
DNR-09003,65+,TX,2025-08-24,Individual
DNR-09004,65+,NY,2023-04-12,Individual
DNR-09005,35-44,CO,2024-06-12,Individual
DNR-09006,35-44,CO,2021-02-09,Individual
DNR-09007,65+,MI,2025-09-24,Individual
DNR-09008,35-44,OH,2024-08-17,Major Donor
DNR-09009,55-64,NC,2022-09-22,Individual
DNR-09010,55-64,NY,2021-10-01,Major Donor
DNR-09011,45-54,CO,2025-08-26,Individual
DNR-09012,55-64,MI,2023-08-26,Individual
DNR-09013,35-44,FL,2025-09-23,Major Donor
DNR-09014,18-24,WA,2023-09-26,Individual
DNR-09015,35-44,CO,2023-11-15,Individual
DNR-09016,55-64,MI,2024-12-14,Individual
DNR-09017,35-44,CO,2022-04-06,Individual
DNR-09018,55-64,NC,2021-03-13,Individual
DNR-09019,25-34,TX,2022-04-26,Individual
DNR-09020,35-44,CO,2024-10-09,Individual
DNR-09021,55-64,WA,2022-09-16,Individual
DNR-09022,35-44,GA,2021-12-27,Individual
DNR-09023,55-64,PA,2025-06-24,Individual
DNR-09024,25-34,GA,2023-03-20,Individual
DNR-09025,25-34,MI,2023-03-21,Individual
DNR-09026,25-34,MI,2023-11-11,Individual
DNR-09027,45-54,NY,2022-07-10,Individual
DNR-09028,18-24,IL,2025-10-26,Corporate
DNR-09029,55-64,NY,2022-11-15,Individual
DNR-09030,25-34,MI,2022-01-16,Individual
DNR-09031,25-34,CO,2022-04-08,Individual
DNR-09032,65+,PA,2023-03-08,Individual
DNR-09033,35-44,GA,2021-12-18,Foundation
DNR-09034,45-54,CO,2022-04-02,Individual
DNR-09035,65+,IL,2025-04-04,Individual
DNR-09036,45-54,FL,2025-05-08,Individual
DNR-09037,35-44,TX,2022-11-18,Individual
DNR-09038,35-44,CO,2024-08-18,Individual
DNR-09039,25-34,CO,2023-09-08,Individual
DNR-09040,55-64,MI,2024-02-17,Individual
DNR-09041,18-24,PA,2024-04-30,Major Donor
DNR-09042,25-34,CO,2025-09-18,Individual
DNR-09043,65+,FL,2025-04-20,Individual
DNR-09044,25-34,IL,2021-10-06,Individual
DNR-09045,65+,CO,2021-09-23,Individual
DNR-09046,65+,NC,2023-03-31,Individual
DNR-09047,55-64,FL,2022-04-18,Individual
DNR-09048,25-34,MI,2023-10-16,Individual
DNR-09049,25-34,FL,2022-03-02,Individual
DNR-09050,55-64,CO,2025-01-09,Individual
DNR-09051,18-24,CO,2025-01-03,Corporate
DNR-09052,45-54,IL,2024-04-11,Individual
DNR-09053,35-44,IL,2021-03-11,Individual
DNR-09054,55-64,FL,2022-02-09,Individual
DNR-09055,45-54,NC,2024-10-30,Individual
DNR-09056,35-44,WA,2022-03-08,Individual
DNR-09057,25-34,WA,2025-04-18,Foundation
DNR-09058,45-54,NY,2023-09-25,Corporate
DNR-09059,35-44,MI,2022-07-06,Individual
DNR-09060,45-54,PA,2023-12-09,Individual
DNR-09061,45-54,GA,2025-03-22,Foundation
DNR-09062,35-44,NY,2023-05-13,Individual
DNR-09063,35-44,CO,2024-08-29,Individual
DNR-09064,45-54,CO,2023-01-01,Individual
DNR-09065,35-44,CO,2021-10-23,Individual
DNR-09066,35-44,WA,2024-01-10,Individual
DNR-09067,18-24,FL,2021-11-19,Individual
DNR-09068,55-64,FL,2024-12-31,Individual
DNR-09069,65+,OH,2024-08-19,Foundation
DNR-09070,45-54,IL,2023-12-06,Individual
DNR-09071,35-44,NC,2025-01-26,Foundation
DNR-09072,45-54,FL,2022-03-14,Individual
DNR-09073,65+,GA,2024-05-20,Individual
DNR-09074,55-64,WA,2024-10-18,Individual
DNR-09075,35-44,FL,2022-03-09,Individual
DNR-09076,35-44,MI,2021-12-04,Individual
DNR-09077,65+,PA,2025-08-16,Individual
DNR-09078,45-54,NY,2025-05-16,Individual
DNR-09079,35-44,OH,2021-09-19,Individual
DNR-09080,45-54,OH,2025-12-01,Corporate
DNR-09081,18-24,WA,2024-07-30,Individual
DNR-09082,35-44,OH,2023-07-27,Individual
DNR-09083,35-44,MI,2023-08-23,Individual
DNR-09084,35-44,TX,2024-03-27,Individual
DNR-09085,45-54,CA,2024-02-20,Individual
DNR-09086,35-44,TX,2025-02-05,Individual
DNR-09087,35-44,TX,2022-09-28,Individual
DNR-09088,35-44,OH,2021-11-09,Individual
DNR-09089,35-44,FL,2022-05-11,Corporate
DNR-09090,35-44,MI,2024-03-19,Individual
DNR-09091,35-44,MI,2024-05-21,Individual
DNR-09092,45-54,PA,2022-08-15,Individual
DNR-09093,35-44,PA,2022-10-19,Individual
DNR-09094,45-54,FL,2023-06-11,Individual
DNR-09095,35-44,FL,2021-06-02,Individual
DNR-09096,45-54,CA,2021-03-06,Individual
DNR-09097,45-54,GA,2021-02-02,Individual
DNR-09098,35-44,WA,2022-02-22,Individual
DNR-09099,35-44,OH,2025-03-02,Major Donor
DNR-09100,25-34,CO,2024-09-07,Individual
DNR-09101,65+,FL,2025-08-21,Individual
DNR-09102,35-44,MI,2022-08-07,Corporate
DNR-09103,18-24,WA,2022-03-14,Individual
DNR-09104,25-34,CA,2023-03-13,Individual
DNR-09105,35-44,NC,2021-03-10,Individual
DNR-09106,65+,NY,2023-06-02,Individual
DNR-09107,65+,CO,2025-03-12,Individual
DNR-09108,35-44,GA,2021-11-12,Individual
DNR-09109,55-64,WA,2025-05-04,Individual
DNR-09110,35-44,PA,2024-11-15,Individual
DNR-09111,65+,CA,2024-06-11,Individual
DNR-09112,55-64,MI,2023-09-19,Major Donor
DNR-09113,25-34,CA,2024-10-05,Individual
DNR-09114,65+,CO,2023-04-30,Individual
DNR-09115,45-54,NC,2024-09-07,Individual
DNR-09116,35-44,GA,2021-08-09,Individual
DNR-09117,25-34,OH,2025-07-27,Individual
DNR-09118,25-34,GA,2024-03-22,Individual
DNR-09119,65+,FL,2025-06-12,Individual
DNR-09120,45-54,NY,2024-01-11,Individual
DNR-09121,55-64,CO,2025-03-05,Individual
DNR-09122,65+,NY,2022-10-29,Individual
DNR-09123,35-44,CA,2024-09-12,Individual
DNR-09124,45-54,IL,2024-02-07,Individual
DNR-09125,25-34,NC,2025-02-24,Individual
DNR-09126,25-34,GA,2025-03-24,Individual
DNR-09127,25-34,NY,2022-07-15,Individual
DNR-09128,35-44,MI,2024-05-26,Individual
DNR-09129,35-44,CO,2022-03-15,Individual
DNR-09130,25-34,NC,2022-10-25,Individual
DNR-09131,45-54,WA,2025-10-29,Individual
DNR-09132,55-64,WA,2023-03-10,Individual
DNR-09133,25-34,FL,2021-12-05,Individual
DNR-09134,35-44,PA,2023-01-04,Individual
DNR-09135,25-34,CA,2021-12-29,Major Donor
DNR-09136,18-24,FL,2024-11-05,Individual
DNR-09137,18-24,NC,2023-10-31,Individual
DNR-09138,55-64,OH,2021-04-03,Individual
DNR-09139,35-44,IL,2024-06-27,Individual
DNR-09140,25-34,OH,2024-04-18,Individual
DNR-09141,35-44,CO,2022-06-16,Individual
DNR-09142,45-54,CA,2024-04-08,Individual
DNR-09143,25-34,PA,2023-05-23,Individual
DNR-09144,25-34,MI,2021-04-01,Major Donor
DNR-09145,45-54,PA,2025-07-30,Individual
DNR-09146,45-54,CO,2024-02-03,Individual
DNR-09147,45-54,WA,2024-12-08,Individual
DNR-09148,55-64,CA,2021-04-01,Individual
DNR-09149,25-34,FL,2022-10-05,Individual
DNR-09150,45-54,CO,2023-02-03,Individual
DNR-09151,18-24,FL,2025-01-04,Individual
DNR-09152,45-54,NY,2023-11-22,Individual
DNR-09153,55-64,GA,2021-12-09,Individual
DNR-09154,18-24,NY,2022-01-31,Individual
DNR-09155,35-44,PA,2021-05-21,Individual
DNR-09156,65+,CA,2025-10-20,Individual
DNR-09157,35-44,WA,2023-02-07,Individual
DNR-09158,35-44,MI,2025-07-14,Individual
DNR-09159,25-34,OH,2025-04-28,Individual
DNR-09160,35-44,PA,2024-07-04,Individual
DNR-09161,25-34,CO,2022-11-20,Individual
DNR-09162,55-64,MI,2025-07-19,Individual
DNR-09163,25-34,OH,2023-04-24,Individual
DNR-09164,18-24,NY,2025-06-17,Individual
DNR-09165,35-44,TX,2024-01-04,Individual
DNR-09166,45-54,NC,2024-05-08,Corporate
DNR-09167,55-64,PA,2025-01-05,Foundation
DNR-09168,65+,CA,2021-02-05,Individual
DNR-09169,25-34,MI,2024-05-14,Individual
DNR-09170,25-34,FL,2022-03-27,Individual
DNR-09171,25-34,TX,2022-07-27,Individual
DNR-09172,65+,IL,2021-03-28,Individual
DNR-09173,65+,FL,2021-03-26,Individual
DNR-09174,18-24,GA,2023-09-06,Corporate
DNR-09175,45-54,OH,2023-10-13,Individual
DNR-09176,25-34,NY,2021-11-13,Individual
DNR-09177,18-24,TX,2023-03-07,Individual
DNR-09178,45-54,CO,2023-04-29,Individual
DNR-09179,65+,OH,2021-03-09,Individual
DNR-09180,35-44,CA,2024-04-27,Major Donor
DNR-09181,45-54,TX,2023-05-30,Individual
DNR-09182,35-44,WA,2021-08-14,Individual
DNR-09183,55-64,WA,2021-05-10,Individual
DNR-09184,45-54,WA,2025-02-03,Individual
DNR-09185,45-54,MI,2025-05-17,Individual
DNR-09186,25-34,PA,2022-03-30,Individual
DNR-09187,35-44,GA,2024-04-10,Corporate
DNR-09188,25-34,OH,2024-04-04,Individual
DNR-09189,25-34,IL,2025-06-02,Individual
DNR-09190,45-54,NC,2025-07-30,Individual
DNR-09191,45-54,CA,2024-09-09,Individual
DNR-09192,45-54,OH,2025-09-29,Individual
DNR-09193,55-64,NC,2024-07-20,Individual
DNR-09194,35-44,PA,2021-04-10,Foundation
DNR-09195,25-34,NY,2021-12-01,Individual
DNR-09196,35-44,NC,2025-09-22,Individual
DNR-09197,25-34,CA,2021-09-08,Individual
DNR-09198,55-64,IL,2024-11-12,Corporate
DNR-09199,55-64,NY,2022-06-07,Individual
DNR-09200,18-24,MI,2025-11-30,Individual
DNR-09201,25-34,NC,2023-10-21,Corporate
DNR-09202,35-44,PA,2025-09-18,Individual
DNR-09203,55-64,NY,2022-06-24,Individual
DNR-09204,45-54,CO,2025-08-07,Individual
DNR-09205,65+,NY,2022-11-12,Individual
DNR-09206,45-54,GA,2023-04-28,Individual
DNR-09207,35-44,NC,2022-06-22,Individual
DNR-09208,45-54,PA,2022-03-28,Individual
DNR-09209,35-44,TX,2024-03-16,Individual
DNR-09210,18-24,TX,2024-05-30,Major Donor
DNR-09211,18-24,MI,2024-09-24,Individual
DNR-09212,55-64,WA,2023-01-06,Individual
DNR-09213,25-34,FL,2023-06-27,Corporate
DNR-09214,45-54,GA,2024-10-13,Individual
DNR-09215,45-54,MI,2023-04-12,Individual
DNR-09216,18-24,OH,2025-07-10,Individual
DNR-09217,35-44,NC,2025-10-21,Foundation
DNR-09218,35-44,IL,2024-07-14,Individual
DNR-09219,55-64,PA,2024-10-08,Individual
DNR-09220,25-34,WA,2024-04-07,Corporate
DNR-09221,55-64,OH,2023-03-05,Individual
DNR-09222,35-44,TX,2021-06-23,Individual
DNR-09223,35-44,NY,2025-04-24,Individual
DNR-09224,45-54,TX,2025-04-22,Individual
DNR-09225,35-44,NC,2022-07-08,Individual
DNR-09226,65+,WA,2024-05-02,Corporate
DNR-09227,18-24,OH,2023-04-26,Individual
DNR-09228,55-64,CO,2023-01-27,Individual
DNR-09229,35-44,TX,2023-10-03,Individual
DNR-09230,55-64,GA,2021-05-09,Corporate
DNR-09231,45-54,TX,2021-09-28,Individual
DNR-09232,25-34,FL,2022-10-23,Individual
DNR-09233,55-64,OH,2022-11-28,Individual
DNR-09234,35-44,CO,2025-08-30,Individual
DNR-09235,45-54,MI,2025-09-11,Individual
DNR-09236,35-44,CA,2023-03-11,Corporate
DNR-09237,18-24,TX,2023-01-12,Foundation
DNR-09238,65+,FL,2021-01-17,Individual
DNR-09239,25-34,CO,2022-11-08,Individual
DNR-09240,35-44,OH,2021-09-01,Individual
DNR-09241,65+,MI,2021-02-04,Individual
DNR-09242,25-34,TX,2022-04-16,Individual
DNR-09243,45-54,NY,2021-09-17,Individual
DNR-09244,25-34,MI,2024-05-23,Individual
DNR-09245,55-64,FL,2022-07-09,Corporate
DNR-09246,55-64,CO,2025-01-25,Individual
DNR-09247,35-44,NY,2024-08-05,Individual
DNR-09248,65+,GA,2025-07-12,Corporate
DNR-09249,45-54,FL,2023-11-15,Individual
DNR-09250,35-44,GA,2024-10-26,Individual
DNR-09251,25-34,IL,2024-04-26,Individual
DNR-09252,25-34,CA,2021-04-03,Individual
DNR-09253,25-34,CA,2023-05-25,Foundation
DNR-09254,65+,WA,2022-03-21,Individual
DNR-09255,35-44,WA,2025-03-08,Individual
DNR-09256,55-64,MI,2021-02-01,Foundation
DNR-09257,35-44,OH,2023-02-24,Individual
DNR-09258,35-44,MI,2022-12-06,Major Donor
DNR-09259,55-64,WA,2025-03-26,Individual
DNR-09260,35-44,IL,2022-11-12,Individual
DNR-09261,35-44,TX,2025-05-09,Foundation
DNR-09262,45-54,NC,2023-05-05,Individual
DNR-09263,25-34,CO,2023-12-07,Foundation
DNR-09264,55-64,TX,2025-03-31,Major Donor
DNR-09265,45-54,TX,2022-10-07,Individual
DNR-09266,35-44,CA,2024-08-02,Individual
DNR-09267,45-54,TX,2023-08-13,Foundation
DNR-09268,18-24,FL,2024-02-08,Individual
DNR-09269,25-34,CO,2022-05-31,Individual
DNR-09270,65+,TX,2023-12-16,Individual
DNR-09271,35-44,GA,2021-01-15,Major Donor
DNR-09272,35-44,NY,2023-06-11,Individual
DNR-09273,45-54,GA,2023-12-27,Individual
DNR-09274,45-54,NC,2022-09-05,Individual
DNR-09275,45-54,NY,2023-07-04,Individual
DNR-09276,25-34,WA,2024-07-05,Individual
DNR-09277,45-54,OH,2025-09-21,Individual
DNR-09278,25-34,PA,2024-02-12,Individual
DNR-09279,25-34,TX,2025-05-11,Individual
DNR-09280,18-24,IL,2021-07-15,Individual
DNR-09281,25-34,IL,2024-12-28,Corporate
DNR-09282,55-64,NY,2022-03-27,Individual
DNR-09283,25-34,IL,2025-07-08,Individual
DNR-09284,55-64,MI,2022-12-30,Individual
DNR-09285,35-44,GA,2023-02-22,Foundation
DNR-09286,25-34,CA,2022-10-01,Individual
DNR-09287,55-64,CA,2024-05-03,Individual
DNR-09288,55-64,FL,2025-07-19,Individual
DNR-09289,55-64,MI,2022-04-11,Individual
DNR-09290,35-44,MI,2023-07-13,Individual
DNR-09291,18-24,NY,2023-08-16,Individual
DNR-09292,45-54,FL,2025-03-09,Individual
DNR-09293,45-54,PA,2022-08-27,Individual
DNR-09294,45-54,NC,2025-02-22,Individual
DNR-09295,18-24,NC,2025-01-08,Individual
DNR-09296,55-64,GA,2023-12-09,Individual
DNR-09297,65+,TX,2023-11-15,Individual
DNR-09298,45-54,GA,2021-08-25,Individual
DNR-09299,35-44,FL,2024-05-28,Individual
DNR-09300,65+,MI,2023-11-21,Individual
DNR-09301,65+,FL,2025-11-12,Individual
DNR-09302,25-34,MI,2021-08-29,Individual
DNR-09303,18-24,GA,2022-10-21,Individual
DNR-09304,25-34,CA,2021-01-29,Individual
DNR-09305,55-64,NC,2022-10-02,Individual
DNR-09306,45-54,IL,2022-03-24,Individual
DNR-09307,55-64,IL,2023-07-31,Individual
DNR-09308,25-34,OH,2021-01-14,Individual
DNR-09309,65+,PA,2023-04-22,Corporate
DNR-09310,45-54,GA,2023-04-04,Individual
DNR-09311,25-34,NC,2023-02-13,Foundation
DNR-09312,55-64,TX,2025-10-12,Individual
DNR-09313,45-54,CA,2025-06-01,Individual
DNR-09314,25-34,NC,2024-04-04,Individual
DNR-09315,45-54,GA,2023-05-01,Corporate
DNR-09316,55-64,TX,2024-02-12,Individual
DNR-09317,55-64,MI,2023-05-24,Individual
DNR-09318,18-24,IL,2022-02-26,Individual
DNR-09319,45-54,OH,2025-01-18,Individual
DNR-09320,55-64,OH,2024-03-13,Individual
DNR-09321,35-44,IL,2023-04-02,Individual
DNR-09322,25-34,TX,2024-01-18,Individual
DNR-09323,65+,FL,2022-02-19,Individual
DNR-09324,45-54,MI,2022-11-28,Individual
DNR-09325,65+,WA,2024-02-26,Individual
DNR-09326,55-64,PA,2022-09-26,Major Donor
DNR-09327,25-34,CA,2021-07-20,Individual
DNR-09328,45-54,GA,2021-03-01,Corporate
DNR-09329,35-44,CO,2024-02-16,Individual
DNR-09330,45-54,FL,2021-02-08,Individual
DNR-09331,45-54,NC,2025-06-05,Individual
DNR-09332,35-44,PA,2021-07-14,Individual
DNR-09333,35-44,NC,2024-04-01,Individual
DNR-09334,35-44,IL,2025-07-10,Individual
DNR-09335,25-34,MI,2021-12-08,Individual
DNR-09336,25-34,OH,2025-03-26,Individual
DNR-09337,35-44,MI,2022-02-01,Corporate
DNR-09338,35-44,OH,2023-10-14,Individual
DNR-09339,35-44,MI,2023-12-01,Individual
DNR-09340,45-54,CA,2022-03-06,Individual
DNR-09341,35-44,GA,2022-03-04,Individual
DNR-09342,18-24,PA,2022-06-11,Major Donor
DNR-09343,65+,NY,2022-03-27,Individual
DNR-09344,55-64,TX,2024-01-27,Individual
DNR-09345,55-64,FL,2023-06-05,Individual
DNR-09346,18-24,GA,2022-02-15,Individual
DNR-09347,35-44,NY,2025-10-06,Individual
DNR-09348,25-34,MI,2021-03-09,Individual
DNR-09349,35-44,NY,2021-08-06,Individual
DNR-09350,45-54,OH,2022-09-23,Individual
DNR-09351,25-34,CA,2022-05-30,Individual
DNR-09352,45-54,CA,2022-06-20,Major Donor
DNR-09353,35-44,OH,2021-01-06,Corporate
DNR-09354,35-44,IL,2021-07-19,Individual
DNR-09355,45-54,IL,2025-08-18,Individual
DNR-09356,55-64,MI,2025-09-15,Individual
DNR-09357,35-44,GA,2024-03-14,Foundation
DNR-09358,65+,OH,2022-04-05,Individual
DNR-09359,45-54,GA,2023-07-20,Individual
DNR-09360,35-44,NY,2024-09-26,Individual
DNR-09361,25-34,TX,2024-04-11,Individual
DNR-09362,25-34,IL,2025-04-09,Individual
DNR-09363,18-24,NC,2022-04-04,Individual
DNR-09364,45-54,TX,2025-06-24,Individual
DNR-09365,45-54,GA,2022-07-01,Corporate
DNR-09366,55-64,PA,2021-08-01,Individual
DNR-09367,35-44,FL,2023-01-12,Corporate
DNR-09368,35-44,NY,2021-11-18,Individual
DNR-09369,35-44,WA,2021-08-31,Individual
DNR-09370,65+,WA,2024-06-20,Individual
DNR-09371,55-64,CO,2023-10-20,Individual
DNR-09372,18-24,MI,2025-09-10,Corporate
DNR-09373,35-44,NC,2023-05-19,Individual
DNR-09374,45-54,NC,2024-11-09,Individual
DNR-09375,18-24,NC,2023-05-11,Individual
DNR-09376,35-44,PA,2022-12-04,Individual
DNR-09377,65+,MI,2023-10-23,Individual
DNR-09378,65+,FL,2022-08-24,Individual
DNR-09379,25-34,GA,2025-10-18,Individual
DNR-09380,25-34,GA,2021-04-15,Individual
DNR-09381,45-54,PA,2023-03-22,Individual
DNR-09382,55-64,IL,2024-05-02,Individual
DNR-09383,35-44,CO,2025-02-15,Individual
DNR-09384,25-34,MI,2023-03-05,Individual
DNR-09385,35-44,CA,2024-07-20,Individual
DNR-09386,45-54,CO,2022-12-16,Individual
DNR-09387,35-44,IL,2022-05-04,Individual
DNR-09388,18-24,WA,2025-11-04,Individual
DNR-09389,55-64,FL,2021-09-23,Individual
DNR-09390,45-54,NY,2023-06-26,Individual
DNR-09391,45-54,CO,2024-02-20,Individual
DNR-09392,35-44,FL,2023-12-10,Individual
DNR-09393,35-44,NY,2024-08-07,Individual
DNR-09394,55-64,IL,2022-05-01,Individual
DNR-09395,18-24,GA,2024-02-09,Corporate
DNR-09396,25-34,FL,2023-12-12,Individual
DNR-09397,35-44,OH,2022-02-11,Individual
DNR-09398,45-54,CA,2024-04-03,Individual
DNR-09399,35-44,CO,2022-05-23,Individual
DNR-09400,65+,NY,2023-12-11,Individual
DNR-09401,25-34,IL,2023-08-31,Individual
DNR-09402,45-54,OH,2021-06-28,Individual
DNR-09403,65+,IL,2022-03-24,Individual
DNR-09404,25-34,CO,2025-09-14,Individual
DNR-09405,35-44,NC,2021-10-17,Individual
DNR-09406,35-44,FL,2023-07-15,Individual
DNR-09407,35-44,WA,2022-08-20,Corporate
DNR-09408,65+,OH,2023-05-25,Individual
DNR-09409,18-24,FL,2025-11-04,Individual
DNR-09410,25-34,GA,2025-10-09,Corporate
DNR-09411,45-54,GA,2022-02-07,Individual
DNR-09412,45-54,NY,2022-06-26,Individual
DNR-09413,45-54,CA,2024-12-22,Foundation
DNR-09414,18-24,WA,2021-04-20,Corporate
DNR-09415,35-44,NC,2023-09-29,Individual
DNR-09416,45-54,CA,2021-08-14,Individual
DNR-09417,35-44,MI,2023-03-14,Individual
DNR-09418,45-54,FL,2023-08-04,Individual
DNR-09419,25-34,NY,2023-11-28,Individual
DNR-09420,25-34,PA,2023-05-25,Individual
DNR-09421,35-44,CO,2023-07-05,Corporate
DNR-09422,25-34,PA,2023-08-27,Individual
DNR-09423,65+,WA,2021-02-16,Foundation
DNR-09424,45-54,OH,2025-04-01,Individual
DNR-09425,35-44,CO,2021-03-06,Individual
DNR-09426,35-44,OH,2023-04-07,Corporate
DNR-09427,35-44,WA,2025-03-29,Individual
DNR-09428,45-54,CA,2025-09-29,Corporate
DNR-09429,25-34,CO,2021-11-24,Individual
DNR-09430,55-64,MI,2023-03-29,Corporate
DNR-09431,35-44,IL,2021-08-13,Individual
DNR-09432,45-54,IL,2023-01-16,Individual
DNR-09433,45-54,FL,2024-10-08,Individual
DNR-09434,65+,GA,2022-05-24,Individual
DNR-09435,45-54,NY,2021-01-19,Individual
DNR-09436,55-64,WA,2023-09-30,Individual
DNR-09437,55-64,PA,2025-07-02,Individual
DNR-09438,55-64,IL,2021-09-01,Corporate
DNR-09439,65+,NC,2021-03-25,Individual
DNR-09440,45-54,IL,2022-02-24,Individual
DNR-09441,25-34,FL,2023-06-23,Individual
DNR-09442,25-34,PA,2025-07-08,Individual
DNR-09443,65+,PA,2023-08-06,Individual
DNR-09444,45-54,IL,2024-09-13,Individual
DNR-09445,35-44,NC,2022-06-22,Individual
DNR-09446,25-34,GA,2021-04-29,Individual
DNR-09447,35-44,WA,2024-02-09,Corporate
DNR-09448,65+,FL,2025-05-29,Individual
DNR-09449,35-44,CO,2025-02-23,Foundation
DNR-09450,45-54,IL,2023-11-30,Individual
DNR-09451,55-64,NC,2022-06-19,Major Donor
DNR-09452,65+,CO,2024-02-25,Individual
DNR-09453,25-34,TX,2024-04-18,Individual
DNR-09454,45-54,PA,2024-07-05,Individual
DNR-09455,45-54,PA,2023-06-12,Individual
DNR-09456,45-54,NY,2021-11-13,Individual
DNR-09457,25-34,WA,2021-09-12,Individual
DNR-09458,45-54,MI,2021-03-19,Corporate
DNR-09459,35-44,FL,2024-09-10,Individual
DNR-09460,55-64,TX,2021-02-13,Foundation
DNR-09461,65+,PA,2022-05-19,Individual
DNR-09462,65+,NY,2022-06-27,Foundation
DNR-09463,45-54,PA,2023-06-21,Individual
DNR-09464,55-64,TX,2022-07-18,Individual
DNR-09465,65+,NY,2024-10-30,Individual
DNR-09466,65+,MI,2021-08-29,Individual
DNR-09467,45-54,PA,2023-01-02,Individual
DNR-09468,25-34,CA,2021-01-09,Individual
DNR-09469,25-34,NY,2024-09-22,Foundation
DNR-09470,55-64,NC,2025-04-02,Major Donor
DNR-09471,18-24,NC,2021-09-16,Individual
DNR-09472,45-54,MI,2025-11-26,Individual
DNR-09473,18-24,PA,2022-05-02,Corporate
DNR-09474,45-54,FL,2022-09-01,Individual
DNR-09475,55-64,GA,2023-11-24,Individual
DNR-09476,25-34,NC,2024-05-13,Individual
DNR-09477,55-64,PA,2025-03-13,Individual
DNR-09478,25-34,CA,2024-07-30,Individual
DNR-09479,45-54,GA,2023-02-07,Corporate
DNR-09480,25-34,NC,2021-10-25,Corporate
DNR-09481,65+,TX,2025-11-18,Individual
DNR-09482,65+,NC,2024-04-16,Individual
DNR-09483,35-44,WA,2022-12-05,Individual
DNR-09484,55-64,NC,2023-08-15,Individual
DNR-09485,35-44,PA,2024-09-16,Individual
DNR-09486,18-24,NC,2024-04-26,Individual
DNR-09487,45-54,MI,2021-09-11,Individual
DNR-09488,25-34,NC,2022-11-04,Individual
DNR-09489,45-54,PA,2023-07-18,Individual
DNR-09490,55-64,NC,2021-01-31,Individual
DNR-09491,45-54,CO,2024-02-10,Individual
DNR-09492,18-24,MI,2025-09-28,Individual
DNR-09493,35-44,CO,2021-10-06,Individual
DNR-09494,65+,NY,2022-08-18,Individual
DNR-09495,35-44,PA,2023-06-28,Foundation
DNR-09496,45-54,FL,2022-12-11,Individual
DNR-09497,35-44,CA,2023-01-25,Corporate
DNR-09498,55-64,TX,2025-10-25,Individual
DNR-09499,35-44,PA,2024-09-21,Individual
DNR-09500,55-64,WA,2022-09-07,Individual
DNR-09501,25-34,MI,2023-10-15,Foundation
DNR-09502,35-44,CO,2025-11-25,Individual
DNR-09503,35-44,TX,2021-08-29,Individual
DNR-09504,45-54,FL,2025-10-10,Individual
DNR-09505,45-54,NY,2023-09-16,Individual
DNR-09506,35-44,PA,2023-10-08,Individual
DNR-09507,35-44,IL,2023-01-16,Individual
DNR-09508,35-44,IL,2024-03-11,Individual
DNR-09509,25-34,OH,2025-01-13,Individual
DNR-09510,45-54,OH,2021-09-29,Individual
DNR-09511,25-34,PA,2024-09-11,Individual
DNR-09512,35-44,NY,2023-01-16,Individual
DNR-09513,35-44,IL,2021-12-12,Individual
DNR-09514,18-24,IL,2024-07-02,Individual
DNR-09515,65+,TX,2021-09-11,Individual
DNR-09516,35-44,PA,2023-10-03,Individual
DNR-09517,65+,PA,2022-02-09,Individual
DNR-09518,25-34,CA,2021-08-20,Individual
DNR-09519,45-54,NY,2023-10-14,Corporate
DNR-09520,65+,PA,2021-04-25,Individual
DNR-09521,35-44,PA,2024-02-13,Individual
DNR-09522,55-64,PA,2024-06-28,Foundation
DNR-09523,65+,OH,2023-06-11,Individual
DNR-09524,45-54,FL,2024-02-18,Foundation
DNR-09525,65+,GA,2023-02-03,Individual
DNR-09526,55-64,OH,2024-12-03,Major Donor
DNR-09527,55-64,MI,2023-11-09,Individual
DNR-09528,35-44,CO,2022-12-31,Individual
DNR-09529,35-44,CO,2024-04-03,Individual
DNR-09530,18-24,CA,2021-04-15,Individual
DNR-09531,45-54,NC,2023-01-29,Corporate
DNR-09532,25-34,CO,2022-10-20,Individual
DNR-09533,25-34,OH,2024-03-31,Individual
DNR-09534,18-24,MI,2024-02-13,Individual
DNR-09535,55-64,WA,2024-10-28,Foundation
DNR-09536,35-44,NC,2024-10-24,Individual
DNR-09537,45-54,NY,2023-11-03,Individual
DNR-09538,35-44,NC,2021-06-30,Individual
DNR-09539,25-34,PA,2022-02-08,Individual
DNR-09540,18-24,OH,2025-09-19,Individual
DNR-09541,45-54,FL,2022-08-07,Individual
DNR-09542,25-34,FL,2024-11-05,Individual
DNR-09543,35-44,NY,2024-03-14,Individual
DNR-09544,45-54,FL,2022-01-14,Corporate
DNR-09545,35-44,TX,2024-01-18,Individual
DNR-09546,18-24,NC,2024-09-03,Major Donor
DNR-09547,35-44,GA,2024-06-13,Individual
DNR-09548,55-64,GA,2023-12-01,Individual
DNR-09549,45-54,IL,2023-06-05,Individual
DNR-09550,45-54,NC,2025-09-24,Individual
DNR-09551,45-54,TX,2022-04-22,Individual
DNR-09552,55-64,OH,2022-08-26,Individual
DNR-09553,25-34,OH,2022-08-22,Individual
DNR-09554,18-24,GA,2022-09-21,Individual
DNR-09555,55-64,TX,2024-08-20,Individual
DNR-09556,55-64,OH,2025-04-09,Individual
DNR-09557,55-64,PA,2022-05-06,Individual
DNR-09558,45-54,GA,2023-11-28,Individual
DNR-09559,35-44,MI,2023-06-28,Individual
DNR-09560,35-44,GA,2024-03-06,Individual
DNR-09561,65+,IL,2024-09-21,Individual
DNR-09562,25-34,MI,2023-02-26,Individual
DNR-09563,25-34,PA,2024-06-16,Individual
DNR-09564,35-44,WA,2022-11-08,Individual
DNR-09565,25-34,TX,2021-10-23,Individual
DNR-09566,55-64,NY,2024-07-07,Individual
DNR-09567,45-54,OH,2025-10-01,Individual
DNR-09568,45-54,OH,2022-07-04,Individual
DNR-09569,55-64,CA,2023-05-07,Individual
DNR-09570,45-54,TX,2021-09-07,Individual
DNR-09571,25-34,WA,2024-03-26,Individual
DNR-09572,65+,WA,2025-05-01,Individual
DNR-09573,45-54,TX,2021-10-07,Individual
DNR-09574,25-34,FL,2022-01-16,Corporate
DNR-09575,45-54,IL,2022-04-17,Individual
DNR-09576,45-54,CA,2021-04-20,Major Donor
DNR-09577,35-44,IL,2022-02-22,Individual
DNR-09578,35-44,PA,2024-12-18,Corporate
DNR-09579,18-24,IL,2023-10-13,Individual
DNR-09580,45-54,WA,2025-06-01,Individual
DNR-09581,35-44,GA,2025-06-27,Corporate
DNR-09582,55-64,PA,2024-09-18,Individual
DNR-09583,35-44,NC,2025-08-18,Individual
DNR-09584,55-64,PA,2024-10-18,Individual
DNR-09585,25-34,OH,2021-05-18,Individual
DNR-09586,45-54,IL,2024-07-28,Individual
DNR-09587,45-54,FL,2024-08-01,Individual
DNR-09588,25-34,NY,2023-04-29,Corporate
DNR-09589,25-34,OH,2023-01-23,Individual
DNR-09590,25-34,IL,2022-12-29,Individual
DNR-09591,35-44,CA,2021-12-30,Individual
DNR-09592,35-44,GA,2024-11-03,Individual
DNR-09593,35-44,NY,2025-01-05,Individual
DNR-09594,45-54,CA,2022-05-27,Individual
DNR-09595,35-44,WA,2024-03-16,Major Donor
DNR-09596,35-44,WA,2021-02-14,Individual
DNR-09597,35-44,NC,2021-07-27,Individual
DNR-09598,25-34,IL,2022-10-17,Individual
DNR-09599,55-64,CO,2022-01-20,Corporate
DNR-09600,65+,OH,2024-02-27,Individual
DNR-09601,25-34,GA,2023-04-22,Individual
DNR-09602,45-54,IL,2024-10-07,Individual
DNR-09603,45-54,NY,2021-09-21,Individual
DNR-09604,65+,NC,2023-04-04,Individual
DNR-09605,45-54,GA,2024-06-14,Major Donor
DNR-09606,25-34,MI,2021-03-30,Individual
DNR-09607,35-44,WA,2021-06-16,Individual
DNR-09608,35-44,OH,2025-05-14,Individual
DNR-09609,18-24,TX,2023-01-12,Individual
DNR-09610,25-34,MI,2023-08-27,Individual
DNR-09611,65+,IL,2024-06-24,Individual
DNR-09612,65+,FL,2022-03-18,Individual
DNR-09613,55-64,WA,2021-04-02,Individual
DNR-09614,55-64,CO,2023-09-19,Individual
DNR-09615,18-24,CA,2023-01-21,Individual
DNR-09616,25-34,TX,2021-01-23,Individual
DNR-09617,45-54,IL,2021-08-11,Individual
DNR-09618,25-34,GA,2022-11-26,Individual
DNR-09619,35-44,TX,2021-08-14,Individual
DNR-09620,25-34,TX,2021-03-31,Individual
DNR-09621,55-64,TX,2023-06-28,Individual
DNR-09622,35-44,NY,2023-04-28,Individual
DNR-09623,35-44,OH,2021-12-26,Individual
DNR-09624,18-24,TX,2022-12-30,Individual
DNR-09625,35-44,TX,2022-05-29,Individual
DNR-09626,25-34,NY,2023-05-13,Individual
DNR-09627,45-54,GA,2024-10-13,Individual
DNR-09628,35-44,PA,2025-03-11,Individual
DNR-09629,55-64,PA,2021-08-19,Individual
DNR-09630,65+,OH,2025-03-13,Individual
DNR-09631,35-44,NY,2024-02-01,Individual
DNR-09632,18-24,CA,2022-10-16,Individual
DNR-09633,35-44,OH,2021-12-31,Individual
DNR-09634,45-54,TX,2023-07-19,Corporate
DNR-09635,55-64,MI,2022-05-09,Individual
DNR-09636,45-54,FL,2025-07-04,Individual
DNR-09637,35-44,NC,2021-02-04,Individual
DNR-09638,45-54,CA,2022-08-01,Individual
DNR-09639,35-44,NY,2025-11-19,Corporate
DNR-09640,25-34,CA,2023-06-25,Individual
DNR-09641,18-24,IL,2024-12-17,Individual
DNR-09642,25-34,CO,2021-12-28,Individual
DNR-09643,45-54,WA,2023-12-19,Individual
DNR-09644,45-54,TX,2022-11-09,Individual
DNR-09645,18-24,WA,2025-01-16,Individual
DNR-09646,35-44,NC,2021-05-13,Individual
DNR-09647,25-34,MI,2021-03-09,Individual
DNR-09648,35-44,PA,2022-03-30,Individual
DNR-09649,65+,FL,2025-01-21,Individual
DNR-09650,35-44,CO,2025-04-14,Individual
DNR-09651,35-44,GA,2025-05-01,Individual
DNR-09652,18-24,NC,2024-12-05,Corporate
DNR-09653,55-64,IL,2022-08-01,Individual
DNR-09654,35-44,WA,2022-04-23,Individual
DNR-09655,55-64,NY,2024-08-17,Individual
DNR-09656,25-34,NY,2025-08-24,Foundation
DNR-09657,35-44,CO,2021-08-16,Individual
DNR-09658,45-54,WA,2025-11-25,Individual
DNR-09659,55-64,WA,2025-09-06,Individual
DNR-09660,35-44,GA,2025-08-06,Individual
DNR-09661,45-54,OH,2024-08-07,Individual
DNR-09662,35-44,GA,2023-12-20,Individual
DNR-09663,45-54,GA,2023-02-07,Individual
DNR-09664,45-54,MI,2025-02-23,Individual
DNR-09665,45-54,NY,2022-05-05,Individual
DNR-09666,35-44,MI,2024-11-05,Individual
DNR-09667,45-54,NC,2021-06-21,Individual
DNR-09668,45-54,GA,2022-01-23,Individual
DNR-09669,55-64,IL,2024-04-20,Individual
DNR-09670,35-44,CO,2024-08-11,Individual
DNR-09671,35-44,OH,2025-07-31,Individual
DNR-09672,55-64,IL,2022-12-19,Individual
DNR-09673,25-34,CO,2025-11-17,Individual
DNR-09674,65+,PA,2022-11-16,Individual
DNR-09675,35-44,OH,2023-08-15,Individual
DNR-09676,45-54,OH,2025-11-07,Individual
DNR-09677,35-44,WA,2022-01-04,Corporate
DNR-09678,45-54,CO,2022-10-19,Individual
DNR-09679,45-54,TX,2022-01-09,Individual
DNR-09680,25-34,WA,2023-04-22,Individual
DNR-09681,45-54,CA,2024-09-08,Individual
DNR-09682,35-44,NY,2021-09-06,Individual
DNR-09683,65+,FL,2025-02-23,Individual
DNR-09684,45-54,CA,2023-06-12,Individual
DNR-09685,45-54,NC,2024-04-22,Individual
DNR-09686,18-24,FL,2021-05-18,Individual
DNR-09687,35-44,TX,2021-10-06,Individual
DNR-09688,65+,WA,2023-12-17,Individual
DNR-09689,35-44,GA,2024-09-27,Individual
DNR-09690,18-24,IL,2025-10-10,Individual
DNR-09691,25-34,OH,2024-10-06,Individual
DNR-09692,65+,CA,2023-11-04,Individual
DNR-09693,45-54,CO,2024-02-28,Individual
DNR-09694,35-44,NY,2024-05-13,Corporate
DNR-09695,45-54,MI,2023-10-03,Individual
DNR-09696,55-64,WA,2023-01-12,Individual
DNR-09697,55-64,TX,2021-08-18,Major Donor
DNR-09698,55-64,CA,2021-03-17,Individual
DNR-09699,25-34,CO,2022-02-24,Individual
DNR-09700,45-54,GA,2025-09-04,Individual
DNR-09701,45-54,WA,2025-06-21,Individual
DNR-09702,18-24,GA,2024-06-02,Individual
DNR-09703,35-44,IL,2023-01-01,Individual
DNR-09704,35-44,GA,2025-07-18,Individual
DNR-09705,25-34,TX,2022-01-23,Individual
DNR-09706,45-54,IL,2025-02-05,Individual
DNR-09707,65+,GA,2023-11-10,Individual
DNR-09708,35-44,MI,2023-07-13,Individual
DNR-09709,65+,WA,2024-06-29,Individual
DNR-09710,45-54,PA,2024-02-01,Individual
DNR-09711,45-54,CA,2023-03-03,Individual
DNR-09712,55-64,CA,2021-12-30,Individual
DNR-09713,45-54,IL,2024-06-06,Individual
DNR-09714,25-34,OH,2023-05-23,Individual
DNR-09715,45-54,MI,2025-07-17,Individual
DNR-09716,45-54,FL,2023-05-11,Foundation
DNR-09717,18-24,WA,2023-01-27,Individual
DNR-09718,45-54,NC,2021-06-06,Individual
DNR-09719,45-54,NC,2022-03-20,Individual
DNR-09720,45-54,GA,2021-09-29,Individual
DNR-09721,35-44,PA,2023-02-05,Individual
DNR-09722,25-34,TX,2021-12-31,Individual
DNR-09723,55-64,GA,2024-05-10,Individual
DNR-09724,25-34,TX,2022-06-04,Individual
DNR-09725,45-54,WA,2024-02-18,Individual
DNR-09726,45-54,CA,2024-04-21,Individual
DNR-09727,65+,TX,2023-07-15,Individual
DNR-09728,25-34,WA,2021-10-09,Individual
DNR-09729,35-44,NY,2023-08-01,Individual
DNR-09730,45-54,WA,2025-06-13,Individual
DNR-09731,35-44,WA,2025-01-17,Individual
DNR-09732,35-44,GA,2024-08-20,Individual
DNR-09733,45-54,MI,2024-11-19,Individual
DNR-09734,25-34,TX,2021-06-11,Individual
DNR-09735,35-44,PA,2024-10-02,Individual
DNR-09736,35-44,CO,2022-02-27,Individual
DNR-09737,35-44,PA,2021-06-06,Individual
DNR-09738,25-34,GA,2021-03-06,Corporate
DNR-09739,25-34,NY,2021-11-20,Individual
DNR-09740,35-44,CO,2025-02-10,Individual
DNR-09741,45-54,OH,2025-10-17,Individual
DNR-09742,25-34,FL,2022-01-17,Corporate
DNR-09743,45-54,GA,2024-03-26,Individual
DNR-09744,45-54,PA,2021-01-10,Individual
DNR-09745,55-64,FL,2021-02-03,Individual
DNR-09746,45-54,IL,2025-05-05,Corporate
DNR-09747,18-24,CO,2022-06-29,Individual
DNR-09748,25-34,GA,2021-05-19,Individual
DNR-09749,35-44,MI,2025-05-16,Individual
DNR-09750,55-64,TX,2022-01-31,Individual
DNR-09751,18-24,NC,2021-08-23,Corporate
DNR-09752,45-54,WA,2025-06-26,Individual
DNR-09753,55-64,MI,2024-06-13,Individual
DNR-09754,65+,WA,2024-08-06,Individual
DNR-09755,35-44,PA,2024-04-15,Individual
DNR-09756,55-64,WA,2022-03-07,Individual
DNR-09757,35-44,GA,2021-06-08,Individual
DNR-09758,35-44,PA,2021-03-18,Corporate
DNR-09759,25-34,OH,2023-03-22,Individual
DNR-09760,55-64,TX,2022-08-10,Individual
DNR-09761,55-64,PA,2023-02-27,Individual
DNR-09762,65+,NY,2022-10-25,Individual
DNR-09763,55-64,PA,2021-12-31,Foundation
DNR-09764,35-44,CO,2024-12-23,Individual
DNR-09765,45-54,MI,2024-11-25,Individual
DNR-09766,55-64,CA,2022-08-06,Individual
DNR-09767,45-54,FL,2025-03-18,Individual
DNR-09768,65+,MI,2022-07-20,Individual
DNR-09769,25-34,WA,2022-11-29,Individual
DNR-09770,18-24,NY,2021-04-12,Individual
DNR-09771,65+,NC,2025-06-19,Individual
DNR-09772,18-24,MI,2025-10-14,Major Donor
DNR-09773,35-44,PA,2025-05-04,Individual
DNR-09774,45-54,CO,2021-10-01,Individual
DNR-09775,18-24,TX,2021-06-24,Individual
DNR-09776,25-34,PA,2021-12-05,Individual
DNR-09777,35-44,MI,2023-03-29,Individual
DNR-09778,45-54,CA,2022-11-23,Individual
DNR-09779,65+,IL,2023-12-19,Individual
DNR-09780,45-54,OH,2021-09-07,Individual
DNR-09781,55-64,TX,2023-03-14,Individual
DNR-09782,65+,CA,2023-11-27,Individual
DNR-09783,45-54,PA,2022-11-05,Corporate
DNR-09784,45-54,CA,2024-02-05,Individual
DNR-09785,35-44,TX,2024-09-27,Individual
DNR-09786,35-44,CO,2024-03-04,Individual
DNR-09787,25-34,CA,2025-07-03,Individual
DNR-09788,25-34,WA,2025-07-26,Individual
DNR-09789,25-34,MI,2021-07-30,Individual
DNR-09790,25-34,CA,2024-05-29,Individual
DNR-09791,25-34,NC,2022-08-06,Individual
DNR-09792,35-44,MI,2023-01-12,Individual
DNR-09793,25-34,TX,2024-04-05,Individual
DNR-09794,18-24,CA,2023-04-25,Individual
DNR-09795,45-54,CA,2025-08-25,Individual
DNR-09796,18-24,NY,2023-07-12,Individual
DNR-09797,45-54,CO,2024-06-22,Corporate
DNR-09798,65+,NC,2022-09-22,Individual
DNR-09799,35-44,IL,2023-12-03,Individual
DNR-09800,45-54,GA,2024-01-19,Individual
DNR-09801,45-54,FL,2022-01-18,Foundation
DNR-09802,55-64,PA,2024-09-17,Individual
DNR-09803,65+,IL,2024-05-27,Foundation
DNR-09804,45-54,PA,2022-07-14,Individual
DNR-09805,45-54,NC,2022-01-27,Individual
DNR-09806,25-34,FL,2024-09-02,Individual
DNR-09807,55-64,FL,2021-05-07,Individual
DNR-09808,55-64,NC,2021-07-29,Individual
DNR-09809,65+,IL,2025-04-21,Individual
DNR-09810,65+,NY,2022-01-10,Individual
DNR-09811,55-64,CO,2025-01-29,Individual
DNR-09812,65+,GA,2022-05-31,Individual
DNR-09813,25-34,TX,2025-09-04,Individual
DNR-09814,35-44,IL,2021-01-21,Major Donor
DNR-09815,35-44,NY,2021-11-22,Individual
DNR-09816,35-44,IL,2025-07-25,Individual
DNR-09817,65+,FL,2025-05-02,Individual
DNR-09818,65+,WA,2024-08-27,Major Donor
DNR-09819,35-44,CO,2024-04-23,Individual
DNR-09820,65+,IL,2023-05-24,Individual
DNR-09821,45-54,GA,2021-04-17,Major Donor
DNR-09822,18-24,GA,2023-09-24,Corporate
DNR-09823,55-64,CO,2024-08-24,Individual
DNR-09824,55-64,CO,2021-04-17,Individual
DNR-09825,35-44,CA,2021-03-15,Corporate
DNR-09826,55-64,MI,2021-02-08,Individual
DNR-09827,65+,TX,2025-01-03,Corporate
DNR-09828,55-64,TX,2022-08-04,Individual
DNR-09829,35-44,IL,2022-12-07,Individual
DNR-09830,55-64,NC,2021-05-13,Individual
DNR-09831,45-54,GA,2024-04-28,Individual
DNR-09832,45-54,CO,2025-09-25,Individual
DNR-09833,45-54,CO,2024-12-31,Individual
DNR-09834,45-54,NC,2022-01-15,Individual
DNR-09835,35-44,FL,2021-12-13,Individual
DNR-09836,65+,WA,2023-02-20,Individual
DNR-09837,35-44,WA,2021-12-07,Individual
DNR-09838,35-44,CO,2023-05-24,Individual
DNR-09839,45-54,FL,2021-03-23,Individual
DNR-09840,35-44,WA,2022-12-23,Corporate
DNR-09841,45-54,PA,2022-04-19,Individual
DNR-09842,55-64,CO,2024-03-31,Individual
DNR-09843,45-54,WA,2023-05-24,Individual
DNR-09844,35-44,IL,2021-06-15,Individual
DNR-09845,18-24,NY,2024-12-19,Individual
DNR-09846,55-64,WA,2025-07-28,Individual
DNR-09847,35-44,CO,2021-01-07,Individual
DNR-09848,55-64,IL,2024-02-18,Individual
DNR-09849,45-54,MI,2024-03-05,Individual
DNR-09850,25-34,PA,2025-06-11,Corporate
DNR-09851,35-44,OH,2023-07-24,Individual
DNR-09852,25-34,NY,2021-09-14,Individual
DNR-09853,45-54,CA,2025-07-21,Individual
DNR-09854,25-34,IL,2024-06-05,Individual
DNR-09855,45-54,TX,2025-02-24,Individual
DNR-09856,35-44,FL,2023-01-30,Individual
DNR-09857,25-34,NY,2025-08-01,Individual
DNR-09858,18-24,IL,2025-03-01,Individual
DNR-09859,25-34,CO,2021-07-17,Individual
DNR-09860,45-54,CA,2022-12-27,Individual
DNR-09861,35-44,PA,2021-02-23,Individual
DNR-09862,65+,OH,2021-08-08,Individual
DNR-09863,35-44,MI,2022-04-15,Individual
DNR-09864,35-44,NY,2021-01-21,Foundation
DNR-09865,25-34,TX,2022-05-31,Individual
DNR-09866,25-34,CO,2021-10-16,Individual
DNR-09867,55-64,GA,2023-09-25,Individual
DNR-09868,18-24,CO,2025-11-14,Foundation
DNR-09869,55-64,TX,2022-02-11,Corporate
DNR-09870,45-54,TX,2022-03-20,Individual
DNR-09871,18-24,NC,2023-11-23,Individual
DNR-09872,45-54,FL,2025-07-30,Individual
DNR-09873,35-44,GA,2022-12-25,Foundation
DNR-09874,45-54,TX,2025-02-28,Individual
DNR-09875,65+,GA,2025-08-09,Individual
DNR-09876,45-54,FL,2025-03-15,Individual
DNR-09877,55-64,FL,2025-04-01,Corporate
DNR-09878,45-54,FL,2021-05-25,Individual
DNR-09879,25-34,NY,2022-05-04,Major Donor
DNR-09880,25-34,FL,2024-01-01,Individual
DNR-09881,45-54,PA,2021-04-21,Individual
DNR-09882,55-64,WA,2025-05-20,Major Donor
DNR-09883,25-34,NC,2025-08-28,Individual
DNR-09884,18-24,CO,2021-07-15,Individual
DNR-09885,65+,CO,2023-05-06,Individual
DNR-09886,65+,TX,2021-07-09,Individual
DNR-09887,35-44,CO,2021-05-19,Individual
DNR-09888,25-34,NY,2022-06-02,Individual
DNR-09889,65+,CA,2021-10-03,Individual
DNR-09890,35-44,GA,2023-05-20,Individual
DNR-09891,25-34,CA,2024-08-06,Individual
DNR-09892,45-54,NY,2022-07-31,Individual
DNR-09893,65+,IL,2022-03-06,Individual
DNR-09894,45-54,IL,2022-01-20,Individual
DNR-09895,35-44,TX,2022-03-13,Individual
DNR-09896,35-44,NY,2021-08-02,Individual
DNR-09897,55-64,NY,2025-07-07,Individual
DNR-09898,35-44,FL,2021-05-15,Individual
DNR-09899,35-44,CO,2021-09-07,Individual
DNR-09900,25-34,CO,2023-07-22,Individual
DNR-09901,65+,WA,2023-08-26,Individual
DNR-09902,25-34,PA,2024-10-26,Individual
DNR-09903,65+,GA,2023-05-17,Individual
DNR-09904,35-44,CA,2021-09-25,Individual
DNR-09905,55-64,NC,2024-12-26,Individual
DNR-09906,45-54,GA,2024-04-07,Individual
DNR-09907,45-54,PA,2023-10-03,Individual
DNR-09908,35-44,GA,2025-11-07,Individual
DNR-09909,55-64,MI,2024-09-06,Individual
DNR-09910,65+,FL,2024-01-05,Individual
DNR-09911,45-54,TX,2024-06-12,Individual
DNR-09912,35-44,NY,2021-03-27,Individual
DNR-09913,45-54,PA,2022-07-18,Individual
DNR-09914,35-44,NC,2022-12-01,Individual
DNR-09915,45-54,GA,2025-07-14,Individual
DNR-09916,35-44,NC,2025-08-24,Individual
DNR-09917,18-24,MI,2024-02-12,Corporate
DNR-09918,35-44,WA,2024-09-08,Individual
DNR-09919,45-54,CA,2021-03-24,Individual
DNR-09920,55-64,NC,2022-12-14,Corporate
DNR-09921,65+,CA,2022-11-10,Individual
DNR-09922,45-54,FL,2025-04-21,Major Donor
DNR-09923,25-34,PA,2024-09-17,Individual
DNR-09924,45-54,FL,2022-07-26,Individual
DNR-09925,25-34,MI,2024-04-10,Individual
DNR-09926,65+,FL,2022-10-10,Individual
DNR-09927,35-44,GA,2023-11-24,Individual
DNR-09928,18-24,GA,2021-01-18,Individual
DNR-09929,35-44,GA,2024-07-24,Individual
DNR-09930,25-34,WA,2024-02-19,Individual
DNR-09931,45-54,CO,2022-12-11,Individual
DNR-09932,45-54,IL,2022-11-21,Individual
DNR-09933,55-64,GA,2022-08-02,Foundation
DNR-09934,35-44,MI,2025-04-04,Foundation
DNR-09935,35-44,NC,2024-10-19,Individual
DNR-09936,65+,MI,2025-11-27,Individual
DNR-09937,45-54,CO,2025-12-01,Individual
DNR-09938,55-64,NY,2021-10-05,Major Donor
DNR-09939,55-64,WA,2025-02-25,Individual
DNR-09940,25-34,MI,2024-09-26,Individual
DNR-09941,65+,CA,2022-09-28,Individual
DNR-09942,35-44,CO,2025-05-22,Individual
DNR-09943,35-44,CO,2023-06-28,Individual
DNR-09944,25-34,NY,2021-02-01,Corporate
DNR-09945,45-54,OH,2024-11-22,Major Donor
DNR-09946,35-44,IL,2023-09-18,Individual
DNR-09947,25-34,IL,2021-11-02,Foundation
DNR-09948,65+,NY,2022-09-08,Individual
DNR-09949,45-54,GA,2024-11-25,Individual
DNR-09950,18-24,CA,2021-06-18,Individual
DNR-09951,55-64,FL,2023-10-26,Individual
DNR-09952,35-44,NY,2022-05-12,Individual
DNR-09953,35-44,NY,2024-11-20,Individual
DNR-09954,35-44,OH,2023-08-08,Individual
DNR-09955,45-54,MI,2024-09-12,Individual
DNR-09956,55-64,MI,2025-11-27,Individual
DNR-09957,18-24,FL,2025-07-20,Individual
DNR-09958,25-34,FL,2024-08-01,Individual
DNR-09959,55-64,GA,2023-11-18,Major Donor
DNR-09960,45-54,MI,2024-07-02,Individual
DNR-09961,35-44,MI,2024-03-20,Individual
DNR-09962,18-24,NC,2021-11-26,Individual
DNR-09963,65+,FL,2021-09-06,Individual
DNR-09964,35-44,IL,2021-05-02,Individual
DNR-09965,25-34,IL,2022-05-17,Individual
DNR-09966,55-64,CA,2023-01-02,Individual
DNR-09967,25-34,PA,2023-11-11,Individual
DNR-09968,55-64,NY,2024-05-02,Individual
DNR-09969,25-34,GA,2021-02-14,Individual
DNR-09970,55-64,PA,2022-07-09,Individual
DNR-09971,35-44,NY,2023-02-20,Individual
DNR-09972,55-64,PA,2025-07-23,Individual
DNR-09973,35-44,WA,2022-03-07,Individual
DNR-09974,25-34,PA,2024-10-07,Individual
DNR-09975,18-24,MI,2022-06-13,Individual
DNR-09976,18-24,TX,2025-09-09,Corporate
DNR-09977,35-44,FL,2021-02-26,Individual
DNR-09978,45-54,NY,2025-02-18,Individual
DNR-09979,55-64,TX,2025-05-25,Individual
DNR-09980,35-44,TX,2021-06-04,Major Donor
DNR-09981,55-64,GA,2024-08-17,Corporate
DNR-09982,25-34,PA,2024-09-01,Major Donor
DNR-09983,25-34,TX,2025-07-30,Individual
DNR-09984,25-34,OH,2022-10-10,Individual
DNR-09985,35-44,MI,2021-08-11,Foundation
DNR-09986,35-44,CO,2024-03-15,Individual
DNR-09987,45-54,NC,2021-10-18,Individual
DNR-09988,35-44,FL,2022-07-18,Corporate
DNR-09989,65+,PA,2023-06-18,Individual
DNR-09990,35-44,TX,2024-01-02,Major Donor
DNR-09991,35-44,NC,2025-01-14,Individual
DNR-09992,45-54,WA,2021-08-07,Individual
DNR-09993,25-34,FL,2022-09-29,Foundation
DNR-09994,45-54,MI,2021-10-01,Individual
DNR-09995,35-44,CO,2022-04-17,Individual
DNR-09996,45-54,WA,2022-02-27,Foundation
DNR-09997,25-34,NC,2022-11-14,Corporate
DNR-09998,65+,GA,2021-03-03,Individual
DNR-09999,35-44,WA,2022-10-10,Individual
DNR-10000,45-54,WA,2023-11-08,Individual
