donor_id,donation_count,total_donations,average_donation,days_since_last_donation,donations_last_30_days,donations_last_90_days,donations_last_365_days,campaign_count
DNR-00001,5,825.46,165.09,201.0,0,0,1,5
DNR-00002,7,3100.88,442.98,242.0,0,0,1,7
DNR-00003,4,277.99,69.5,410.0,0,0,0,4
DNR-00004,9,3163.94,351.55,153.0,0,0,3,9
DNR-00005,4,2943.12,735.78,164.0,0,0,2,3
DNR-00006,2,8459.68,4229.84,98.0,0,0,2,2
DNR-00007,1,15.21,15.21,871.0,0,0,0,1
DNR-00008,6,3235.52,539.25,308.0,0,0,2,6
DNR-00009,4,14160.33,3540.08,181.0,0,0,1,4
DNR-00010,5,240.32,48.06,51.0,0,1,4,5
DNR-00011,5,302.8,60.56,214.0,0,0,4,5
DNR-00012,5,69462.07,13892.41,12.0,1,1,2,5
DNR-00013,4,787.87,196.97,12.0,1,2,3,4
DNR-00014,6,3011.29,501.88,89.0,0,1,2,6
DNR-00015,3,37493.78,12497.93,47.0,0,1,1,3
DNR-00016,4,270.58,67.64,313.0,0,0,1,4
DNR-00017,5,272.73,54.55,50.0,0,1,1,5
DNR-00018,3,2793.17,931.06,66.0,0,1,1,3
DNR-00019,2,892.54,446.27,369.0,0,0,0,2
DNR-00020,4,1050.67,262.67,381.0,0,0,0,4
DNR-00021,4,302.85,75.71,309.0,0,0,1,4
DNR-00022,5,24610.96,4922.19,375.0,0,0,0,5
DNR-00023,3,112.76,37.59,353.0,0,0,1,3
DNR-00024,5,1201.95,240.39,137.0,0,0,1,5
DNR-00025,3,20319.4,6773.13,696.0,0,0,0,3
DNR-00026,9,857.18,95.24,10.0,1,1,3,9
DNR-00027,3,579.97,193.32,255.0,0,0,2,3
DNR-00028,7,2059.54,294.22,50.0,0,2,4,7
DNR-00029,9,575.61,63.96,97.0,0,0,9,9
DNR-00030,5,35794.4,7158.88,48.0,0,1,1,4
DNR-00031,8,2381.72,297.71,399.0,0,0,0,8
DNR-00032,10,2607.35,260.74,37.0,0,1,5,10
DNR-00033,7,2194.68,313.53,115.0,0,0,3,7
DNR-00034,8,359.67,44.96,65.0,0,1,2,8
DNR-00035,7,420.11,60.02,1019.0,0,0,0,7
DNR-00036,4,574.62,143.66,30.0,1,1,1,4
DNR-00037,2,160.52,80.26,220.0,0,0,1,2
DNR-00038,3,266.19,88.73,108.0,0,0,1,3
DNR-00039,8,1018.62,127.33,10.0,3,3,7,8
DNR-00040,6,30844.76,5140.79,32.0,0,2,2,6
DNR-00041,4,642.84,160.71,375.0,0,0,0,4
DNR-00042,11,2676.87,243.35,43.0,0,1,4,11
DNR-00043,2,464.5,232.25,122.0,0,0,2,2
DNR-00044,5,1188.29,237.66,22.0,1,5,5,5
DNR-00045,6,1728.98,288.16,141.0,0,0,2,6
DNR-00046,8,104996.12,13124.52,17.0,2,3,8,8
DNR-00047,4,300.47,75.12,52.0,0,1,4,4
DNR-00048,3,238.32,79.44,239.0,0,0,1,3
DNR-00049,4,706.51,176.63,112.0,0,0,2,4
DNR-00050,8,684.09,85.51,10.0,2,2,4,8
DNR-00051,2,829.27,414.64,84.0,0,1,1,2
DNR-00052,2,103.64,51.82,15.0,1,2,2,2
DNR-00053,4,396.96,99.24,37.0,0,1,1,4
DNR-00054,3,35638.67,11879.56,45.0,0,1,2,3
DNR-00055,6,3073.8,512.3,194.0,0,0,1,6
DNR-00056,5,340.94,68.19,567.0,0,0,0,4
DNR-00057,4,641.4,160.35,516.0,0,0,0,4
DNR-00058,6,301.5,50.25,25.0,1,1,4,6
DNR-00059,3,118.71,39.57,14.0,1,1,1,3
DNR-00060,10,71996.64,7199.66,17.0,1,2,10,10
DNR-00061,3,1920.47,640.16,672.0,0,0,0,3
DNR-00062,4,453.07,113.27,134.0,0,0,2,4
DNR-00063,4,173.98,43.5,273.0,0,0,1,4
DNR-00064,6,950.41,158.4,38.0,0,1,2,6
DNR-00065,7,1951.37,278.77,228.0,0,0,2,7
DNR-00066,4,1328.26,332.06,120.0,0,0,2,4
DNR-00067,4,278.84,69.71,2.0,2,4,4,4
DNR-00068,3,511.72,170.57,27.0,1,3,3,3
DNR-00069,5,458.22,91.64,368.0,0,0,0,5
DNR-00070,6,38060.49,6343.42,31.0,0,3,6,6
DNR-00071,4,190.69,47.67,102.0,0,0,4,4
DNR-00072,4,2375.14,593.78,132.0,0,0,4,4
DNR-00073,4,2474.85,618.71,42.0,0,1,3,4
DNR-00074,7,1482.72,211.82,298.0,0,0,1,6
DNR-00075,7,525.75,75.11,6.0,2,7,7,6
DNR-00076,5,1709.86,341.97,79.0,0,1,3,4
DNR-00077,1,83.45,83.45,187.0,0,0,1,1
DNR-00078,9,31289.25,3476.58,41.0,0,1,9,9
DNR-00079,6,249.66,41.61,130.0,0,0,3,6
DNR-00080,4,2086.92,521.73,65.0,0,1,2,4
DNR-00081,5,439.41,87.88,4.0,1,2,3,5
DNR-00082,2,2169.91,1084.96,49.0,0,1,2,2
DNR-00083,6,628.85,104.81,60.0,0,1,5,6
DNR-00084,3,17809.52,5936.51,53.0,0,2,3,3
DNR-00085,1,890.01,890.01,123.0,0,0,1,1
DNR-00086,4,201.16,50.29,0.0,2,3,4,3
DNR-00087,10,5795.23,579.52,28.0,1,2,5,10
DNR-00088,3,2215.45,738.48,153.0,0,0,3,3
DNR-00089,7,2762.95,394.71,124.0,0,0,3,7
DNR-00090,3,170.92,56.97,75.0,0,1,2,3
DNR-00091,2,175.6,87.8,51.0,0,1,2,2
DNR-00092,4,252.9,63.22,312.0,0,0,2,4
DNR-00093,6,1575.34,262.56,0.0,2,2,6,6
DNR-00094,5,1043.27,208.65,11.0,1,1,3,5
DNR-00095,6,1430.86,238.48,3.0,1,1,6,6
DNR-00096,6,2642.43,440.4,56.0,0,1,3,6
DNR-00097,4,592.73,148.18,286.0,0,0,1,4
DNR-00098,6,1062.61,177.1,122.0,0,0,1,5
DNR-00099,4,1912.71,478.18,60.0,0,1,4,4
DNR-00100,6,307.44,51.24,96.0,0,0,3,6
DNR-00101,8,1102.71,137.84,73.0,0,1,2,8
DNR-00102,8,34824.99,4353.12,36.0,0,1,2,8
DNR-00103,4,622.25,155.56,491.0,0,0,0,4
DNR-00104,4,25288.35,6322.09,52.0,0,1,4,4
DNR-00105,6,596.35,99.39,91.0,0,0,1,6
DNR-00106,5,1407.27,281.45,132.0,0,0,3,5
DNR-00107,5,2470.21,494.04,141.0,0,0,4,5
DNR-00108,8,516.31,64.54,46.0,0,3,8,7
DNR-00109,6,3297.8,549.63,23.0,1,2,4,6
DNR-00110,4,1895.54,473.88,162.0,0,0,2,4
DNR-00111,1,42.65,42.65,403.0,0,0,0,1
DNR-00112,6,4452.87,742.14,21.0,1,1,6,6
DNR-00113,3,1973.96,657.99,3.0,1,1,2,3
DNR-00114,8,2719.79,339.97,114.0,0,0,4,8
DNR-00115,1,70.18,70.18,299.0,0,0,1,1
DNR-00116,4,3315.08,828.77,198.0,0,0,1,4
DNR-00117,5,2426.72,485.34,20.0,1,1,4,5
DNR-00118,7,2861.09,408.73,57.0,0,3,7,6
DNR-00119,7,1187.49,169.64,97.0,0,0,3,7
DNR-00120,2,333.07,166.54,69.0,0,2,2,2
DNR-00121,3,195.83,65.28,534.0,0,0,0,3
DNR-00122,7,1005.8,143.69,199.0,0,0,1,7
DNR-00123,5,1058.82,211.76,1.0,2,2,3,5
DNR-00124,5,934.32,186.86,56.0,0,2,2,5
DNR-00125,7,41903.05,5986.15,3.0,1,1,2,7
DNR-00126,5,19053.37,3810.67,36.0,0,1,1,5
DNR-00127,6,2961.76,493.63,20.0,1,1,2,6
DNR-00128,7,36555.09,5222.16,73.0,0,1,4,7
DNR-00129,4,1803.75,450.94,77.0,0,1,2,4
DNR-00130,5,28873.98,5774.8,135.0,0,0,3,5
DNR-00131,7,1546.31,220.9,493.0,0,0,0,7
DNR-00132,4,712.14,178.04,67.0,0,1,2,4
DNR-00133,8,939.94,117.49,1.0,1,3,8,8
DNR-00134,2,427.69,213.84,229.0,0,0,1,2
DNR-00135,7,2753.78,393.4,93.0,0,0,5,7
DNR-00136,5,225.3,45.06,224.0,0,0,2,5
DNR-00137,4,518.07,129.52,329.0,0,0,1,4
DNR-00138,8,1984.06,248.01,97.0,0,0,2,8
DNR-00139,3,158.13,52.71,126.0,0,0,3,3
DNR-00140,5,1191.99,238.4,620.0,0,0,0,5
DNR-00141,3,67428.83,22476.28,369.0,0,0,0,3
DNR-00142,7,683.05,97.58,25.0,1,1,3,6
DNR-00143,7,570.32,81.47,161.0,0,0,2,7
DNR-00144,8,2907.22,363.4,148.0,0,0,2,8
DNR-00145,5,106598.5,21319.7,85.0,0,1,5,5
DNR-00146,9,49822.5,5535.83,204.0,0,0,3,9
DNR-00147,8,5123.82,640.48,249.0,0,0,5,8
DNR-00148,3,16240.61,5413.54,85.0,0,1,2,3
DNR-00149,8,3062.24,382.78,16.0,1,2,4,8
DNR-00150,5,298.3,59.66,73.0,0,1,1,5
DNR-00151,0,0.0,0.0,,0,0,0,0
DNR-00152,7,330.11,47.16,39.0,0,1,5,7
DNR-00153,7,654.23,93.46,223.0,0,0,2,7
DNR-00154,2,181.62,90.81,260.0,0,0,1,2
DNR-00155,8,633.01,79.13,71.0,0,1,8,8
DNR-00156,4,305.79,76.45,655.0,0,0,0,4
DNR-00157,3,401.99,134.0,1167.0,0,0,0,3
DNR-00158,5,651.52,130.3,325.0,0,0,1,5
DNR-00159,3,344.06,114.69,236.0,0,0,1,3
DNR-00160,5,342.18,68.44,975.0,0,0,0,5
DNR-00161,6,1803.43,300.57,29.0,1,1,4,6
DNR-00162,5,540.64,108.13,233.0,0,0,1,5
DNR-00163,3,477.3,159.1,3.0,1,3,3,3
DNR-00164,3,187.85,62.62,203.0,0,0,1,3
DNR-00165,8,586.37,73.3,281.0,0,0,2,7
DNR-00166,2,6254.27,3127.14,793.0,0,0,0,2
DNR-00167,8,2355.2,294.4,175.0,0,0,3,8
DNR-00168,6,669.42,111.57,27.0,2,2,6,6
DNR-00169,4,45834.08,11458.52,740.0,0,0,0,4
DNR-00170,9,108264.9,12029.43,51.0,0,2,6,9
DNR-00171,4,2226.9,556.72,4.0,2,4,4,4
DNR-00172,2,158.64,79.32,62.0,0,1,2,2
DNR-00173,5,86697.03,17339.41,87.0,0,1,3,5
DNR-00174,5,621.09,124.22,321.0,0,0,2,5
DNR-00175,4,480.43,120.11,45.0,0,1,3,4
DNR-00176,5,1840.98,368.2,94.0,0,0,5,5
DNR-00177,1,108.61,108.61,140.0,0,0,1,1
DNR-00178,5,817.05,163.41,287.0,0,0,1,5
DNR-00179,4,2287.38,571.84,16.0,4,4,4,4
DNR-00180,7,2651.23,378.75,1.0,6,7,7,7
DNR-00181,4,2653.06,663.27,375.0,0,0,0,4
DNR-00182,4,491.45,122.86,24.0,1,1,1,4
DNR-00183,5,28886.91,5777.38,53.0,0,1,1,5
DNR-00184,4,2870.23,717.56,391.0,0,0,0,4
DNR-00185,9,747.02,83.0,21.0,1,3,9,8
DNR-00186,2,153.65,76.82,959.0,0,0,0,2
DNR-00187,1,11962.93,11962.93,65.0,0,1,1,1
DNR-00188,5,70989.61,14197.92,90.0,0,1,2,5
DNR-00189,4,1997.66,499.42,501.0,0,0,0,4
DNR-00190,4,1153.64,288.41,867.0,0,0,0,4
DNR-00191,6,823.75,137.29,152.0,0,0,2,4
DNR-00192,5,956.04,191.21,533.0,0,0,0,5
DNR-00193,5,359.6,71.92,18.0,1,2,5,5
DNR-00194,5,264.48,52.9,11.0,1,2,5,5
DNR-00195,11,63001.96,5727.45,13.0,1,3,7,11
DNR-00196,4,657.38,164.34,128.0,0,0,1,4
DNR-00197,3,41255.93,13751.98,104.0,0,0,2,3
DNR-00198,4,232.98,58.24,331.0,0,0,1,4
DNR-00199,6,1269.81,211.64,240.0,0,0,1,6
DNR-00200,3,79075.88,26358.63,49.0,0,1,2,3
DNR-00201,5,1734.94,346.99,0.0,1,2,2,5
DNR-00202,6,755.56,125.93,25.0,1,1,5,6
DNR-00203,5,255.28,51.06,473.0,0,0,0,5
DNR-00204,6,631.24,105.21,347.0,0,0,1,5
DNR-00205,5,618.82,123.76,214.0,0,0,2,5
DNR-00206,4,256.97,64.24,305.0,0,0,2,4
DNR-00207,8,1231.98,154.0,14.0,2,8,8,7
DNR-00208,3,504.78,168.26,27.0,1,1,2,3
DNR-00209,7,2649.28,378.47,80.0,0,1,1,7
DNR-00210,4,104711.38,26177.84,109.0,0,0,3,4
DNR-00211,3,257.85,85.95,278.0,0,0,1,3
DNR-00212,6,671.7,111.95,297.0,0,0,1,6
DNR-00213,3,153.72,51.24,459.0,0,0,0,3
DNR-00214,3,727.42,242.47,4.0,1,1,1,3
DNR-00215,10,1510.48,151.05,90.0,0,1,8,9
DNR-00216,3,379.65,126.55,60.0,0,1,1,3
DNR-00217,7,638.89,91.27,489.0,0,0,0,7
DNR-00218,8,968.92,121.12,39.0,0,1,2,7
DNR-00219,7,43812.55,6258.94,636.0,0,0,0,7
DNR-00220,1,1035.59,1035.59,179.0,0,0,1,1
DNR-00221,1,212.63,212.63,224.0,0,0,1,1
DNR-00222,4,288.97,72.24,53.0,0,1,1,4
DNR-00223,9,3309.92,367.77,2.0,3,9,9,9
DNR-00224,4,587.71,146.93,175.0,0,0,1,4
DNR-00225,4,98767.49,24691.87,260.0,0,0,1,4
DNR-00226,2,80.22,40.11,356.0,0,0,1,2
DNR-00227,3,15153.49,5051.16,671.0,0,0,0,3
DNR-00228,6,367.71,61.28,1.0,2,5,6,6
DNR-00229,7,344.23,49.18,43.0,0,1,5,7
DNR-00230,7,1475.85,210.84,18.0,1,3,7,7
DNR-00231,6,1545.14,257.52,45.0,0,3,6,6
DNR-00232,3,447.27,149.09,305.0,0,0,1,3
DNR-00233,4,253.2,63.3,36.0,0,2,4,3
DNR-00234,5,988.87,197.77,61.0,0,1,5,4
DNR-00235,6,193882.88,32313.81,3.0,5,6,6,6
DNR-00236,7,767.32,109.62,1.0,2,6,7,6
DNR-00237,3,2680.29,893.43,53.0,0,1,3,3
DNR-00238,8,99939.81,12492.48,86.0,0,2,4,7
DNR-00239,8,2500.54,312.57,4.0,6,8,8,7
DNR-00240,5,2771.38,554.28,29.0,1,3,5,5
DNR-00241,3,190.65,63.55,79.0,0,1,2,3
DNR-00242,8,1874.45,234.31,105.0,0,0,6,8
DNR-00243,9,2774.5,308.28,7.0,2,4,9,8
DNR-00244,7,443.13,63.3,117.0,0,0,4,7
DNR-00245,5,34888.42,6977.68,109.0,0,0,1,5
DNR-00246,8,1184.49,148.06,96.0,0,0,6,8
DNR-00247,4,229.28,57.32,13.0,1,2,3,4
DNR-00248,5,90006.92,18001.38,45.0,0,1,2,5
DNR-00249,7,1992.77,284.68,90.0,0,1,5,6
DNR-00250,7,2417.82,345.4,58.0,0,1,7,7
DNR-00251,6,1515.14,252.52,30.0,1,2,6,5
DNR-00252,8,685.45,85.68,144.0,0,0,1,8
DNR-00253,3,2224.54,741.51,253.0,0,0,1,3
DNR-00254,3,19715.06,6571.69,235.0,0,0,2,3
DNR-00255,7,1028.13,146.88,56.0,0,2,2,6
DNR-00256,5,441.22,88.24,536.0,0,0,0,5
DNR-00257,4,890.73,222.68,30.0,1,4,4,4
DNR-00258,8,4206.23,525.78,23.0,1,1,5,8
DNR-00259,1,21.22,21.22,173.0,0,0,1,1
DNR-00260,4,208.35,52.09,40.0,0,1,1,4
DNR-00261,4,2571.2,642.8,75.0,0,1,3,4
DNR-00262,2,446.61,223.3,30.0,1,1,2,2
DNR-00263,3,13636.48,4545.49,16.0,1,2,2,3
DNR-00264,5,628.53,125.71,127.0,0,0,4,5
DNR-00265,9,570.77,63.42,3.0,7,9,9,9
DNR-00266,3,206.62,68.87,96.0,0,0,3,3
DNR-00267,6,1099.11,183.19,299.0,0,0,2,6
DNR-00268,7,2566.7,366.67,93.0,0,0,1,6
DNR-00269,4,564.38,141.1,96.0,0,0,3,4
DNR-00270,7,3901.51,557.36,272.0,0,0,2,7
DNR-00271,3,585.04,195.01,159.0,0,0,2,3
DNR-00272,3,57284.32,19094.77,608.0,0,0,0,3
DNR-00273,4,210.07,52.52,119.0,0,0,4,4
DNR-00274,5,20617.83,4123.57,123.0,0,0,3,5
DNR-00275,4,1965.13,491.28,861.0,0,0,0,4
DNR-00276,4,221.67,55.42,82.0,0,1,2,4
DNR-00277,6,1839.02,306.5,81.0,0,2,6,6
DNR-00278,5,2542.3,508.46,839.0,0,0,0,5
DNR-00279,10,60119.43,6011.94,65.0,0,2,9,10
DNR-00280,6,1267.46,211.24,27.0,1,2,4,5
DNR-00281,4,890.53,222.63,23.0,1,2,4,4
DNR-00282,6,954.54,159.09,268.0,0,0,1,6
DNR-00283,3,589.23,196.41,152.0,0,0,1,3
DNR-00284,3,681.87,227.29,15.0,2,3,3,3
DNR-00285,3,367.28,122.43,149.0,0,0,3,3
DNR-00286,10,124278.15,12427.82,133.0,0,0,6,10
DNR-00287,5,3281.24,656.25,399.0,0,0,0,5
DNR-00288,1,7189.18,7189.18,41.0,0,1,1,1
DNR-00289,7,2468.77,352.68,27.0,1,2,4,6
DNR-00290,3,153.37,51.12,1069.0,0,0,0,3
DNR-00291,6,787.17,131.2,156.0,0,0,3,5
DNR-00292,7,666.15,95.16,87.0,0,1,3,7
DNR-00293,5,2299.49,459.9,24.0,1,2,5,5
DNR-00294,7,8294.54,1184.93,102.0,0,0,4,7
DNR-00295,5,263.79,52.76,125.0,0,0,3,4
DNR-00296,7,2178.68,311.24,84.0,0,1,3,7
DNR-00297,2,375.73,187.86,173.0,0,0,2,2
DNR-00298,8,287046.42,35880.8,85.0,0,1,6,7
DNR-00299,7,1524.6,217.8,22.0,1,1,1,7
DNR-00300,8,599.12,74.89,23.0,1,2,4,8
DNR-00301,4,624.95,156.24,5.0,1,1,3,4
DNR-00302,6,539.8,89.97,33.0,0,2,6,6
DNR-00303,2,476.28,238.14,536.0,0,0,0,2
DNR-00304,5,464.64,92.93,76.0,0,1,3,5
DNR-00305,5,1196.43,239.29,89.0,0,1,2,5
DNR-00306,4,170.65,42.66,171.0,0,0,1,4
DNR-00307,7,3367.88,481.13,301.0,0,0,1,7
DNR-00308,7,3088.01,441.14,383.0,0,0,0,7
DNR-00309,2,137.64,68.82,48.0,0,1,2,2
DNR-00310,3,419.23,139.74,443.0,0,0,0,3
DNR-00311,4,1518.66,379.66,46.0,0,1,2,4
DNR-00312,7,1843.58,263.37,4.0,2,4,7,7
DNR-00313,5,3105.23,621.05,886.0,0,0,0,5
DNR-00314,2,116.51,58.26,47.0,0,2,2,2
DNR-00315,5,901.81,180.36,23.0,1,3,5,5
DNR-00316,4,60938.33,15234.58,729.0,0,0,0,4
DNR-00317,6,948.03,158.0,52.0,0,1,2,6
DNR-00318,4,1306.48,326.62,232.0,0,0,1,4
DNR-00319,4,219.32,54.83,367.0,0,0,0,4
DNR-00320,7,407.76,58.25,48.0,0,1,7,7
DNR-00321,4,520.31,130.08,272.0,0,0,1,4
DNR-00322,5,35003.58,7000.72,510.0,0,0,0,5
DNR-00323,5,501.2,100.24,3.0,3,3,5,5
DNR-00324,6,1092.0,182.0,288.0,0,0,1,6
DNR-00325,5,440.07,88.01,38.0,0,2,5,5
DNR-00326,6,623.69,103.95,5.0,2,4,4,6
DNR-00327,2,100.58,50.29,357.0,0,0,1,2
DNR-00328,6,206150.97,34358.5,19.0,1,1,5,6
DNR-00329,5,284.55,56.91,65.0,0,1,3,4
DNR-00330,9,2998.03,333.11,77.0,0,1,4,9
DNR-00331,8,1731.35,216.42,11.0,1,1,2,7
DNR-00332,4,778.49,194.62,1142.0,0,0,0,4
DNR-00333,7,30135.26,4305.04,57.0,0,1,6,7
DNR-00334,4,2623.89,655.97,186.0,0,0,2,4
DNR-00335,6,520.89,86.82,4.0,2,3,6,5
DNR-00336,2,171.34,85.67,188.0,0,0,2,2
DNR-00337,2,30445.15,15222.58,285.0,0,0,1,2
DNR-00338,6,1420.6,236.77,26.0,1,2,6,6
DNR-00339,2,112.24,56.12,100.0,0,0,1,2
DNR-00340,6,1102.49,183.75,159.0,0,0,3,6
DNR-00341,7,4317.09,616.73,268.0,0,0,1,5
DNR-00342,5,1569.67,313.93,552.0,0,0,0,5
DNR-00343,9,2510.11,278.9,61.0,0,1,1,9
DNR-00344,6,900.25,150.04,90.0,0,1,3,5
DNR-00345,4,477.1,119.28,12.0,3,4,4,4
DNR-00346,3,26898.29,8966.1,779.0,0,0,0,3
DNR-00347,5,627.3,125.46,2.0,1,3,5,5
DNR-00348,6,345.59,57.6,238.0,0,0,3,6
DNR-00349,2,242.79,121.4,8.0,1,2,2,2
DNR-00350,3,16331.66,5443.89,190.0,0,0,3,3
DNR-00351,6,935.31,155.88,7.0,1,1,6,6
DNR-00352,2,22940.53,11470.26,268.0,0,0,1,2
DNR-00353,9,631.5,70.17,47.0,0,2,3,8
DNR-00354,8,1603.58,200.45,115.0,0,0,5,7
DNR-00355,6,528.13,88.02,27.0,1,4,6,6
DNR-00356,7,35207.84,5029.69,48.0,0,1,2,7
DNR-00357,6,287.62,47.94,382.0,0,0,0,6
DNR-00358,4,961.93,240.48,30.0,1,1,4,4
DNR-00359,5,4683.6,936.72,19.0,1,1,3,5
DNR-00360,3,33175.06,11058.35,523.0,0,0,0,3
DNR-00361,3,677.71,225.9,21.0,2,2,3,3
DNR-00362,5,1584.73,316.95,1.0,1,1,5,5
DNR-00363,5,317.42,63.48,61.0,0,1,1,5
DNR-00364,5,1551.43,310.29,13.0,1,2,4,5
DNR-00365,5,782.12,156.42,10.0,2,2,3,5
DNR-00366,1,25.71,25.71,66.0,0,1,1,1
DNR-00367,3,122.65,40.88,91.0,0,0,2,3
DNR-00368,7,1014.66,144.95,42.0,0,1,7,6
DNR-00369,7,443.01,63.29,468.0,0,0,0,6
DNR-00370,4,1019.71,254.93,424.0,0,0,0,4
DNR-00371,3,621.04,207.01,30.0,1,3,3,3
DNR-00372,2,156.06,78.03,364.0,0,0,1,2
DNR-00373,1,16122.01,16122.01,584.0,0,0,0,1
DNR-00374,5,89083.66,17816.73,107.0,0,0,4,5
DNR-00375,5,453.03,90.61,183.0,0,0,2,5
DNR-00376,4,1477.73,369.43,50.0,0,3,4,4
DNR-00377,4,191.75,47.94,194.0,0,0,2,4
DNR-00378,6,988.65,164.78,435.0,0,0,0,6
DNR-00379,4,669.9,167.48,77.0,0,1,4,4
DNR-00380,12,5249.67,437.47,76.0,0,1,3,11
DNR-00381,5,321.97,64.39,200.0,0,0,2,5
DNR-00382,7,50277.09,7182.44,6.0,2,6,7,7
DNR-00383,4,1198.36,299.59,180.0,0,0,2,4
DNR-00384,5,340.66,68.13,208.0,0,0,1,5
DNR-00385,5,638.63,127.73,15.0,1,2,3,5
DNR-00386,1,42859.53,42859.53,659.0,0,0,0,1
DNR-00387,7,1296.92,185.27,89.0,0,2,3,7
DNR-00388,7,697.94,99.71,294.0,0,0,1,7
DNR-00389,3,79997.87,26665.96,914.0,0,0,0,3
DNR-00390,2,85.2,42.6,255.0,0,0,1,2
DNR-00391,4,387.42,96.85,48.0,0,1,3,4
DNR-00392,5,264.86,52.97,59.0,0,3,5,5
DNR-00393,7,1061.47,151.64,146.0,0,0,5,6
DNR-00394,6,159862.49,26643.75,228.0,0,0,1,6
DNR-00395,4,203.4,50.85,7.0,1,4,4,4
DNR-00396,2,734.78,367.39,354.0,0,0,1,2
DNR-00397,3,977.43,325.81,10.0,1,2,2,3
DNR-00398,6,313.3,52.22,31.0,0,4,6,6
DNR-00399,4,1384.6,346.15,25.0,1,1,3,4
DNR-00400,3,273.98,91.33,18.0,3,3,3,3
DNR-00401,4,15413.15,3853.29,305.0,0,0,1,4
DNR-00402,6,186690.83,31115.14,95.0,0,0,2,6
DNR-00403,7,36071.36,5153.05,227.0,0,0,3,7
DNR-00404,8,1289.66,161.21,23.0,1,2,8,8
DNR-00405,0,0.0,0.0,,0,0,0,0
DNR-00406,4,390.17,97.54,33.0,0,1,4,4
DNR-00407,5,1365.52,273.1,77.0,0,1,2,5
DNR-00408,6,330.24,55.04,65.0,0,2,3,6
DNR-00409,1,1491.03,1491.03,761.0,0,0,0,1
DNR-00410,3,273.83,91.28,654.0,0,0,0,3
DNR-00411,2,2337.81,1168.9,41.0,0,1,2,2
DNR-00412,3,527.26,175.75,184.0,0,0,1,3
DNR-00413,3,913.95,304.65,123.0,0,0,1,3
DNR-00414,4,2842.29,710.57,22.0,1,1,1,4
DNR-00415,5,2151.27,430.25,91.0,0,0,4,5
DNR-00416,3,150.7,50.23,305.0,0,0,1,3
DNR-00417,4,2190.43,547.61,202.0,0,0,1,4
DNR-00418,3,57635.34,19211.78,448.0,0,0,0,3
DNR-00419,3,100.16,33.39,270.0,0,0,1,3
DNR-00420,4,666.3,166.58,267.0,0,0,2,3
DNR-00421,6,1155.91,192.65,28.0,1,1,3,6
DNR-00422,5,772.52,154.5,137.0,0,0,1,5
DNR-00423,6,31233.8,5205.63,129.0,0,0,2,6
DNR-00424,8,348.98,43.62,11.0,1,5,8,7
DNR-00425,3,4190.07,1396.69,58.0,0,1,2,3
DNR-00426,5,28832.37,5766.47,265.0,0,0,1,5
DNR-00427,6,39216.89,6536.15,61.0,0,1,6,6
DNR-00428,7,1660.42,237.2,172.0,0,0,3,6
DNR-00429,8,4811.39,601.42,194.0,0,0,2,7
DNR-00430,8,1334.83,166.85,23.0,1,1,5,8
DNR-00431,6,415.06,69.18,14.0,1,2,3,6
DNR-00432,8,241623.15,30202.89,254.0,0,0,1,7
DNR-00433,5,723.15,144.63,130.0,0,0,3,5
DNR-00434,2,52400.1,26200.05,1061.0,0,0,0,2
DNR-00435,2,506.27,253.14,504.0,0,0,0,2
DNR-00436,7,448.87,64.12,29.0,1,1,7,7
DNR-00437,3,2059.27,686.42,764.0,0,0,0,3
DNR-00438,3,137.07,45.69,176.0,0,0,2,3
DNR-00439,5,494.65,98.93,55.0,0,1,5,5
DNR-00440,5,1239.36,247.87,101.0,0,0,3,5
DNR-00441,4,212.49,53.12,14.0,1,2,3,4
DNR-00442,1,61.99,61.99,301.0,0,0,1,1
DNR-00443,3,363.92,121.31,95.0,0,0,1,3
DNR-00444,7,1434.87,204.98,69.0,0,1,5,7
DNR-00445,6,40637.62,6772.94,1.0,2,6,6,5
DNR-00446,4,367.09,91.77,95.0,0,0,4,4
DNR-00447,1,303.39,303.39,352.0,0,0,1,1
DNR-00448,3,161.78,53.93,24.0,1,1,3,3
DNR-00449,4,288.63,72.16,121.0,0,0,2,4
DNR-00450,9,2780.28,308.92,87.0,0,1,3,9
DNR-00451,5,3213.29,642.66,146.0,0,0,2,4
DNR-00452,5,273.18,54.64,17.0,1,1,1,5
DNR-00453,5,742.05,148.41,21.0,2,5,5,5
DNR-00454,5,1947.34,389.47,76.0,0,1,4,5
DNR-00455,7,690.35,98.62,297.0,0,0,1,7
DNR-00456,7,510.87,72.98,513.0,0,0,0,7
DNR-00457,4,2117.02,529.26,14.0,1,1,2,4
DNR-00458,4,1792.93,448.23,24.0,2,4,4,4
DNR-00459,1,40.06,40.06,1220.0,0,0,0,1
DNR-00460,6,872.86,145.48,5.0,1,1,4,6
DNR-00461,5,75127.14,15025.43,175.0,0,0,1,5
DNR-00462,5,870.49,174.1,207.0,0,0,1,5
DNR-00463,7,2653.21,379.03,115.0,0,0,3,7
DNR-00464,6,4696.03,782.67,139.0,0,0,3,6
DNR-00465,4,252.63,63.16,177.0,0,0,3,4
DNR-00466,1,15.77,15.77,128.0,0,0,1,1
DNR-00467,9,1504.25,167.14,16.0,1,2,4,9
DNR-00468,4,160.35,40.09,131.0,0,0,2,4
DNR-00469,4,633.54,158.38,364.0,0,0,1,2
DNR-00470,3,338.12,112.71,55.0,0,1,2,3
DNR-00471,4,97472.13,24368.03,75.0,0,1,4,4
DNR-00472,3,231.01,77.0,4.0,1,1,3,3
DNR-00473,8,751.14,93.89,7.0,2,2,4,8
DNR-00474,7,2690.66,384.38,36.0,0,2,4,7
DNR-00475,7,46464.04,6637.72,57.0,0,2,5,6
DNR-00476,5,319.74,63.95,441.0,0,0,0,5
DNR-00477,7,1162.69,166.1,8.0,3,6,7,7
DNR-00478,1,67.95,67.95,369.0,0,0,0,1
DNR-00479,5,1977.2,395.44,34.0,0,5,5,5
DNR-00480,2,148.4,74.2,880.0,0,0,0,2
DNR-00481,7,4440.48,634.35,4.0,7,7,7,7
DNR-00482,4,56302.63,14075.66,305.0,0,0,1,4
DNR-00483,7,1192.56,170.37,0.0,1,2,4,7
DNR-00484,5,694.76,138.95,459.0,0,0,0,5
DNR-00485,3,161.65,53.88,274.0,0,0,1,3
DNR-00486,4,185.75,46.44,52.0,0,2,4,4
DNR-00487,6,343.17,57.2,23.0,1,1,3,6
DNR-00488,4,2908.77,727.19,258.0,0,0,1,4
DNR-00489,5,919.58,183.92,102.0,0,0,5,5
DNR-00490,7,1250.61,178.66,20.0,1,1,5,6
DNR-00491,4,260.17,65.04,322.0,0,0,1,4
DNR-00492,6,535.51,89.25,28.0,1,1,2,5
DNR-00493,6,580.46,96.74,64.0,0,1,5,6
DNR-00494,4,3766.36,941.59,156.0,0,0,3,4
DNR-00495,10,2834.66,283.47,7.0,1,1,4,9
DNR-00496,4,529.8,132.45,92.0,0,0,4,4
DNR-00497,4,516.84,129.21,323.0,0,0,1,4
DNR-00498,4,3575.38,893.84,358.0,0,0,1,4
DNR-00499,9,56733.51,6303.72,14.0,2,2,4,9
DNR-00500,2,2416.19,1208.1,162.0,0,0,2,2
DNR-00501,5,1368.84,273.77,27.0,1,1,5,5
DNR-00502,4,1678.22,419.56,402.0,0,0,0,4
DNR-00503,7,73419.34,10488.48,140.0,0,0,3,7
DNR-00504,2,58.91,29.46,912.0,0,0,0,2
DNR-00505,10,1111.8,111.18,63.0,0,1,2,10
DNR-00506,4,532.93,133.23,279.0,0,0,1,4
DNR-00507,5,277.3,55.46,0.0,1,1,2,5
DNR-00508,6,94687.68,15781.28,25.0,1,1,2,6
DNR-00509,7,1011.99,144.57,70.0,0,1,3,7
DNR-00510,5,636.4,127.28,406.0,0,0,0,4
DNR-00511,6,415.1,69.18,85.0,0,1,4,5
DNR-00512,5,85451.01,17090.2,21.0,2,5,5,5
DNR-00513,5,32251.02,6450.2,159.0,0,0,2,5
DNR-00514,2,152.62,76.31,6.0,1,2,2,2
DNR-00515,5,26763.86,5352.77,13.0,3,5,5,5
DNR-00516,2,116.84,58.42,637.0,0,0,0,2
DNR-00517,3,197.48,65.83,229.0,0,0,2,3
DNR-00518,10,66568.54,6656.85,209.0,0,0,3,10
DNR-00519,6,2637.52,439.59,199.0,0,0,2,6
DNR-00520,7,790.49,112.93,277.0,0,0,2,7
DNR-00521,2,99.65,49.82,712.0,0,0,0,2
DNR-00522,8,2525.63,315.7,106.0,0,0,5,8
DNR-00523,8,1954.8,244.35,17.0,1,8,8,8
DNR-00524,3,544.4,181.47,155.0,0,0,1,3
DNR-00525,8,191556.18,23944.52,125.0,0,0,1,7
DNR-00526,3,122.9,40.97,811.0,0,0,0,3
DNR-00527,5,676.55,135.31,39.0,0,1,2,5
DNR-00528,4,3446.26,861.56,9.0,1,2,2,4
DNR-00529,5,367.05,73.41,5.0,1,1,5,5
DNR-00530,5,1365.46,273.09,230.0,0,0,2,5
DNR-00531,6,2428.41,404.74,18.0,1,2,6,6
DNR-00532,4,2424.9,606.22,528.0,0,0,0,4
DNR-00533,9,3367.66,374.18,5.0,3,3,7,9
DNR-00534,3,261.27,87.09,340.0,0,0,1,3
DNR-00535,5,1908.68,381.74,68.0,0,1,5,5
DNR-00536,5,509.09,101.82,21.0,1,2,5,5
DNR-00537,4,909.98,227.5,33.0,0,1,1,4
DNR-00538,2,152.01,76.0,548.0,0,0,0,2
DNR-00539,5,560.88,112.18,212.0,0,0,2,5
DNR-00540,5,1160.49,232.1,6.0,3,5,5,5
DNR-00541,6,669.65,111.61,12.0,1,1,6,5
DNR-00542,4,1221.0,305.25,2.0,1,1,1,4
DNR-00543,5,3256.05,651.21,140.0,0,0,1,5
DNR-00544,2,584.54,292.27,177.0,0,0,2,2
DNR-00545,7,240.87,34.41,191.0,0,0,2,7
DNR-00546,7,1098.15,156.88,123.0,0,0,3,7
DNR-00547,4,96310.73,24077.68,98.0,0,0,4,4
DNR-00548,8,1041.17,130.15,109.0,0,0,3,8
DNR-00549,5,606.36,121.27,80.0,0,1,5,5
DNR-00550,2,46328.53,23164.26,662.0,0,0,0,2
DNR-00551,7,858.43,122.63,112.0,0,0,5,6
DNR-00552,6,1987.28,331.21,256.0,0,0,1,6
DNR-00553,5,192.06,38.41,349.0,0,0,1,5
DNR-00554,1,261.2,261.2,79.0,0,1,1,1
DNR-00555,4,3660.01,915.0,173.0,0,0,1,4
DNR-00556,9,915.74,101.75,203.0,0,0,1,9
DNR-00557,5,883.68,176.74,61.0,0,1,1,4
DNR-00558,5,1055.38,211.08,9.0,1,3,5,5
DNR-00559,3,185.72,61.91,68.0,0,1,2,3
DNR-00560,5,525.87,105.17,633.0,0,0,0,5
DNR-00561,6,318.09,53.01,84.0,0,1,3,6
DNR-00562,6,332.72,55.45,128.0,0,0,1,6
DNR-00563,8,525.46,65.68,61.0,0,1,1,7
DNR-00564,1,52.38,52.38,314.0,0,0,1,1
DNR-00565,3,430.5,143.5,23.0,2,2,2,3
DNR-00566,4,658.03,164.51,16.0,1,2,4,4
DNR-00567,3,859.88,286.63,145.0,0,0,3,3
DNR-00568,4,236.88,59.22,35.0,0,1,2,4
DNR-00569,3,246.25,82.08,465.0,0,0,0,3
DNR-00570,8,215139.36,26892.42,119.0,0,0,2,8
DNR-00571,4,458.05,114.51,167.0,0,0,2,4
DNR-00572,6,1092.39,182.07,146.0,0,0,2,6
DNR-00573,5,600.7,120.14,107.0,0,0,4,5
DNR-00574,3,552.5,184.17,231.0,0,0,1,3
DNR-00575,7,106847.85,15263.98,240.0,0,0,2,7
DNR-00576,2,2415.92,1207.96,323.0,0,0,1,2
DNR-00577,7,30920.41,4417.2,106.0,0,0,1,6
DNR-00578,3,207.87,69.29,106.0,0,0,2,3
DNR-00579,4,317.15,79.29,394.0,0,0,0,4
DNR-00580,11,3152.99,286.64,57.0,0,1,4,11
DNR-00581,6,423.79,70.63,194.0,0,0,2,6
DNR-00582,5,81383.32,16276.66,80.0,0,1,1,5
DNR-00583,6,672.72,112.12,7.0,1,3,6,6
DNR-00584,3,1555.25,518.42,472.0,0,0,0,3
DNR-00585,10,6990.44,699.04,49.0,0,1,2,9
DNR-00586,7,3055.02,436.43,46.0,0,1,3,6
DNR-00587,6,2135.72,355.95,539.0,0,0,0,6
DNR-00588,4,40735.3,10183.83,6.0,2,3,4,4
DNR-00589,7,1713.26,244.75,422.0,0,0,0,7
DNR-00590,4,280.31,70.08,8.0,4,4,4,4
DNR-00591,1,5801.64,5801.64,185.0,0,0,1,1
DNR-00592,5,355.16,71.03,210.0,0,0,2,5
DNR-00593,2,66.81,33.4,289.0,0,0,1,2
DNR-00594,4,345.54,86.38,151.0,0,0,3,4
DNR-00595,7,1290.4,184.34,45.0,0,2,7,7
DNR-00596,3,352.46,117.49,27.0,1,2,3,3
DNR-00597,6,2548.19,424.7,18.0,1,1,3,5
DNR-00598,6,71961.99,11993.66,110.0,0,0,2,6
DNR-00599,2,340.53,170.26,12.0,1,1,2,2
DNR-00600,1,19.8,19.8,180.0,0,0,1,1
DNR-00601,3,555.75,185.25,494.0,0,0,0,3
DNR-00602,5,1565.04,313.01,92.0,0,0,1,5
DNR-00603,2,162.78,81.39,564.0,0,0,0,2
DNR-00604,4,478.82,119.7,109.0,0,0,2,4
DNR-00605,6,905.47,150.91,36.0,0,1,3,5
DNR-00606,9,1981.92,220.21,40.0,0,6,9,9
DNR-00607,3,19940.01,6646.67,54.0,0,1,2,3
DNR-00608,1,55.97,55.97,32.0,0,1,1,1
DNR-00609,8,3609.94,451.24,124.0,0,0,2,8
DNR-00610,4,571.1,142.78,173.0,0,0,1,4
DNR-00611,5,358.17,71.63,34.0,0,1,1,5
DNR-00612,6,512.35,85.39,7.0,3,6,6,6
DNR-00613,4,3984.57,996.14,377.0,0,0,0,3
DNR-00614,5,3456.65,691.33,47.0,0,1,1,5
DNR-00615,10,1072.58,107.26,133.0,0,0,5,10
DNR-00616,9,52442.73,5826.97,52.0,0,1,6,9
DNR-00617,3,222.26,74.09,238.0,0,0,1,3
DNR-00618,3,16120.67,5373.56,80.0,0,1,2,3
DNR-00619,6,1213.12,202.19,95.0,0,0,4,4
DNR-00620,1,7265.77,7265.77,345.0,0,0,1,1
DNR-00621,2,128.96,64.48,116.0,0,0,2,2
DNR-00622,3,998.06,332.69,288.0,0,0,1,3
DNR-00623,4,11447.06,2861.76,62.0,0,1,3,4
DNR-00624,9,2151.53,239.06,91.0,0,0,3,8
DNR-00625,4,1392.24,348.06,101.0,0,0,3,4
DNR-00626,3,129.05,43.02,117.0,0,0,2,3
DNR-00627,3,192.06,64.02,103.0,0,0,3,3
DNR-00628,4,390.23,97.56,213.0,0,0,1,4
DNR-00629,1,165.41,165.41,33.0,0,1,1,1
DNR-00630,6,697.99,116.33,46.0,0,1,1,6
DNR-00631,7,3239.1,462.73,29.0,1,1,3,7
DNR-00632,5,322.9,64.58,66.0,0,1,5,5
DNR-00633,7,1115.43,159.35,148.0,0,0,6,7
DNR-00634,4,378.96,94.74,117.0,0,0,2,4
DNR-00635,8,2216.19,277.02,2.0,1,1,1,8
DNR-00636,4,954.61,238.65,301.0,0,0,1,3
DNR-00637,5,396.2,79.24,155.0,0,0,2,5
DNR-00638,5,2495.05,499.01,30.0,1,1,4,5
DNR-00639,8,1276.69,159.59,18.0,3,8,8,8
DNR-00640,3,735.96,245.32,70.0,0,1,3,3
DNR-00641,6,2265.06,377.51,119.0,0,0,3,6
DNR-00642,3,3286.54,1095.51,609.0,0,0,0,2
DNR-00643,3,193.14,64.38,448.0,0,0,0,3
DNR-00644,1,68.83,68.83,509.0,0,0,0,1
DNR-00645,4,1397.66,349.42,124.0,0,0,4,4
DNR-00646,4,2333.72,583.43,124.0,0,0,2,4
DNR-00647,8,1597.75,199.72,64.0,0,1,3,8
DNR-00648,7,1776.71,253.82,52.0,0,1,1,7
DNR-00649,6,1411.46,235.24,66.0,0,2,5,6
DNR-00650,3,295.84,98.61,564.0,0,0,0,3
DNR-00651,5,591.7,118.34,36.0,0,1,2,5
DNR-00652,5,733.02,146.6,31.0,0,2,4,5
DNR-00653,3,1459.02,486.34,7.0,1,2,3,3
DNR-00654,6,1799.23,299.87,3.0,1,1,2,6
DNR-00655,3,1345.17,448.39,33.0,0,1,3,3
DNR-00656,3,2137.36,712.45,136.0,0,0,3,3
DNR-00657,3,296.79,98.93,258.0,0,0,1,3
DNR-00658,6,2642.72,440.45,33.0,0,3,5,5
DNR-00659,3,213.39,71.13,107.0,0,0,2,3
DNR-00660,4,641.85,160.46,370.0,0,0,0,3
DNR-00661,7,947.09,135.3,18.0,1,1,4,7
DNR-00662,1,15.13,15.13,754.0,0,0,0,1
DNR-00663,1,8422.11,8422.11,163.0,0,0,1,1
DNR-00664,3,154.27,51.42,265.0,0,0,1,3
DNR-00665,5,1242.67,248.53,123.0,0,0,1,5
DNR-00666,7,867.09,123.87,52.0,0,1,6,7
DNR-00667,2,152.46,76.23,64.0,0,2,2,2
DNR-00668,3,376.24,125.41,769.0,0,0,0,3
DNR-00669,4,526.38,131.6,27.0,1,2,3,4
DNR-00670,7,793.03,113.29,4.0,1,1,4,6
DNR-00671,3,298.7,99.57,259.0,0,0,1,3
DNR-00672,7,1273.12,181.87,151.0,0,0,1,7
DNR-00673,6,88863.97,14810.66,75.0,0,2,6,6
DNR-00674,4,546.78,136.7,33.0,0,1,1,4
DNR-00675,4,207.85,51.96,279.0,0,0,1,4
DNR-00676,7,816.79,116.68,53.0,0,1,2,7
DNR-00677,8,827.51,103.44,364.0,0,0,1,8
DNR-00678,5,773.63,154.73,0.0,1,1,5,5
DNR-00679,6,2620.73,436.79,344.0,0,0,1,6
DNR-00680,7,1669.26,238.47,20.0,1,2,4,7
DNR-00681,6,452.41,75.4,12.0,1,1,4,6
DNR-00682,4,309.9,77.47,347.0,0,0,1,4
DNR-00683,5,1112.36,222.47,16.0,1,3,5,5
DNR-00684,4,202.39,50.6,176.0,0,0,3,4
DNR-00685,3,454.07,151.36,110.0,0,0,1,3
DNR-00686,6,742.61,123.77,419.0,0,0,0,5
DNR-00687,6,23246.82,3874.47,46.0,0,2,6,6
DNR-00688,10,2207.0,220.7,44.0,0,1,3,9
DNR-00689,7,354.79,50.68,146.0,0,0,2,6
DNR-00690,5,2127.68,425.54,180.0,0,0,2,5
DNR-00691,3,224.84,74.95,99.0,0,0,1,3
DNR-00692,1,63.19,63.19,819.0,0,0,0,1
DNR-00693,5,691.84,138.37,121.0,0,0,5,5
DNR-00694,5,974.93,194.99,314.0,0,0,1,5
DNR-00695,5,726.65,145.33,5.0,1,2,4,4
DNR-00696,7,1496.23,213.75,126.0,0,0,4,7
DNR-00697,2,135.3,67.65,841.0,0,0,0,2
DNR-00698,3,493.58,164.53,96.0,0,0,2,3
DNR-00699,4,401.27,100.32,20.0,1,1,1,4
DNR-00700,7,3317.8,473.97,163.0,0,0,1,7
DNR-00701,3,147.12,49.04,77.0,0,1,2,3
DNR-00702,6,710.32,118.39,139.0,0,0,1,6
DNR-00703,10,3291.26,329.13,113.0,0,0,2,10
DNR-00704,4,2320.94,580.24,130.0,0,0,1,4
DNR-00705,4,919.22,229.8,116.0,0,0,4,4
DNR-00706,6,460.52,76.75,6.0,3,5,6,6
DNR-00707,7,487.91,69.7,129.0,0,0,2,7
DNR-00708,3,149.16,49.72,48.0,0,3,3,3
DNR-00709,4,278.55,69.64,248.0,0,0,1,4
DNR-00710,4,20553.03,5138.26,269.0,0,0,1,4
DNR-00711,11,1082.03,98.37,39.0,0,1,2,10
DNR-00712,2,49.43,24.72,4.0,1,2,2,2
DNR-00713,3,102.85,34.28,32.0,0,1,2,3
DNR-00714,5,667.65,133.53,46.0,0,1,5,5
DNR-00715,7,449.04,64.15,50.0,0,2,5,7
DNR-00716,3,458.79,152.93,684.0,0,0,0,3
DNR-00717,7,1352.12,193.16,16.0,1,4,7,7
DNR-00718,7,147072.15,21010.31,384.0,0,0,0,7
DNR-00719,3,21023.85,7007.95,13.0,1,1,3,3
DNR-00720,3,144.9,48.3,370.0,0,0,0,3
DNR-00721,6,602.16,100.36,257.0,0,0,2,5
DNR-00722,4,708.7,177.18,137.0,0,0,3,4
DNR-00723,2,11609.92,5804.96,133.0,0,0,2,2
DNR-00724,2,133.45,66.72,186.0,0,0,2,2
DNR-00725,5,64606.53,12921.31,108.0,0,0,4,5
DNR-00726,5,426.8,85.36,5.0,3,5,5,5
DNR-00727,7,611.17,87.31,23.0,1,3,4,7
DNR-00728,4,141.65,35.41,38.0,0,2,4,4
DNR-00729,6,638.48,106.41,20.0,1,3,6,6
DNR-00730,7,2589.87,369.98,124.0,0,0,1,6
DNR-00731,3,422.87,140.96,3.0,1,1,3,3
DNR-00732,1,19.62,19.62,364.0,0,0,1,1
DNR-00733,1,90.82,90.82,1031.0,0,0,0,1
DNR-00734,4,2233.08,558.27,129.0,0,0,2,4
DNR-00735,6,32181.06,5363.51,47.0,0,2,6,6
DNR-00736,4,19174.98,4793.74,435.0,0,0,0,4
DNR-00737,2,123.67,61.84,310.0,0,0,1,2
DNR-00738,1,14.79,14.79,79.0,0,1,1,1
DNR-00739,1,18.69,18.69,96.0,0,0,1,1
DNR-00740,8,1125.08,140.64,34.0,0,2,3,7
DNR-00741,2,172.84,86.42,1248.0,0,0,0,2
DNR-00742,6,1081.63,180.27,225.0,0,0,1,5
DNR-00743,2,1708.7,854.35,56.0,0,2,2,2
DNR-00744,5,387.51,77.5,315.0,0,0,1,5
DNR-00745,2,297.39,148.7,247.0,0,0,1,2
DNR-00746,3,941.65,313.88,473.0,0,0,0,3
DNR-00747,2,42317.49,21158.74,71.0,0,1,1,2
DNR-00748,4,735.86,183.96,45.0,0,3,4,4
DNR-00749,3,653.28,217.76,395.0,0,0,0,3
DNR-00750,7,2724.11,389.16,56.0,0,1,1,7
DNR-00751,3,19330.55,6443.52,658.0,0,0,0,3
DNR-00752,3,230.42,76.81,11.0,1,1,2,3
DNR-00753,5,614.83,122.97,653.0,0,0,0,5
DNR-00754,3,1905.2,635.07,419.0,0,0,0,3
DNR-00755,2,354.64,177.32,186.0,0,0,1,2
DNR-00756,4,205.99,51.5,4.0,2,4,4,4
DNR-00757,4,480.1,120.02,276.0,0,0,1,4
DNR-00758,7,490.23,70.03,34.0,0,2,5,7
DNR-00759,4,1484.17,371.04,257.0,0,0,2,4
DNR-00760,5,520.27,104.05,156.0,0,0,2,5
DNR-00761,5,86675.9,17335.18,283.0,0,0,1,5
DNR-00762,3,345.98,115.33,19.0,1,1,1,3
DNR-00763,3,198.83,66.28,33.0,0,1,3,3
DNR-00764,4,874.25,218.56,14.0,1,1,3,4
DNR-00765,4,2607.87,651.97,24.0,1,1,1,4
DNR-00766,5,203.64,40.73,135.0,0,0,3,5
DNR-00767,4,2335.14,583.78,34.0,0,1,4,4
DNR-00768,3,1476.84,492.28,121.0,0,0,2,3
DNR-00769,6,1348.53,224.76,151.0,0,0,3,6
DNR-00770,6,1393.45,232.24,52.0,0,1,6,5
DNR-00771,11,129825.11,11802.28,16.0,3,3,11,11
DNR-00772,6,16872.2,2812.03,66.0,0,1,3,4
DNR-00773,8,1886.29,235.79,5.0,1,2,3,7
DNR-00774,6,2194.41,365.73,2.0,2,2,6,6
DNR-00775,8,777.69,97.21,3.0,1,2,7,8
DNR-00776,4,646.91,161.73,273.0,0,0,2,4
DNR-00777,4,1112.76,278.19,37.0,0,2,2,4
DNR-00778,9,46220.42,5135.6,1.0,1,4,9,9
DNR-00779,5,693.45,138.69,37.0,0,2,2,5
DNR-00780,6,907.29,151.22,69.0,0,1,3,6
DNR-00781,4,1211.02,302.76,11.0,1,2,2,4
DNR-00782,4,542.15,135.54,3.0,1,4,4,4
DNR-00783,5,290.7,58.14,46.0,0,1,5,5
DNR-00784,1,96.5,96.5,282.0,0,0,1,1
DNR-00785,7,27175.81,3882.26,2.0,1,7,7,6
DNR-00786,5,297.72,59.54,149.0,0,0,2,5
DNR-00787,1,494.29,494.29,627.0,0,0,0,1
DNR-00788,6,649.54,108.26,73.0,0,1,3,6
DNR-00789,7,548.07,78.3,19.0,1,2,5,7
DNR-00790,2,50.81,25.4,262.0,0,0,1,2
DNR-00791,7,527.11,75.3,7.0,1,1,1,6
DNR-00792,0,0.0,0.0,,0,0,0,0
DNR-00793,4,1412.28,353.07,49.0,0,1,2,4
DNR-00794,3,2216.19,738.73,7.0,1,1,1,3
DNR-00795,8,482.93,60.37,38.0,0,2,6,8
DNR-00796,8,2234.43,279.3,23.0,1,4,8,8
DNR-00797,4,2030.92,507.73,61.0,0,3,4,4
DNR-00798,2,655.77,327.88,645.0,0,0,0,2
DNR-00799,8,3051.16,381.4,10.0,8,8,8,7
DNR-00800,3,161.99,54.0,147.0,0,0,2,3
DNR-00801,4,206.11,51.53,364.0,0,0,1,4
DNR-00802,4,73999.01,18499.75,333.0,0,0,1,4
DNR-00803,3,302.26,100.75,103.0,0,0,1,3
DNR-00804,2,470.13,235.06,692.0,0,0,0,2
DNR-00805,8,741.06,92.63,174.0,0,0,1,7
DNR-00806,4,573.85,143.46,15.0,2,4,4,4
DNR-00807,3,135.79,45.26,146.0,0,0,2,3
DNR-00808,5,25520.33,5104.07,209.0,0,0,1,5
DNR-00809,2,83.35,41.68,13.0,1,1,2,2
DNR-00810,4,486.7,121.68,47.0,0,1,2,4
DNR-00811,10,4270.93,427.09,21.0,1,4,10,9
DNR-00812,6,669.91,111.65,158.0,0,0,1,6
DNR-00813,5,1093.58,218.72,10.0,1,2,4,5
DNR-00814,3,350.72,116.91,138.0,0,0,1,3
DNR-00815,5,371.69,74.34,834.0,0,0,0,5
DNR-00816,3,210.75,70.25,17.0,1,1,3,3
DNR-00817,6,442.3,73.72,361.0,0,0,1,6
DNR-00818,6,294.7,49.12,109.0,0,0,1,6
DNR-00819,9,267356.61,29706.29,9.0,2,6,9,8
DNR-00820,7,1787.8,255.4,3.0,4,7,7,7
DNR-00821,5,537.74,107.55,87.0,0,1,2,4
DNR-00822,6,422.36,70.39,139.0,0,0,1,6
DNR-00823,13,3702.59,284.81,27.0,1,2,3,13
DNR-00824,4,72407.96,18101.99,196.0,0,0,4,4
DNR-00825,3,16296.84,5432.28,156.0,0,0,1,3
DNR-00826,3,12733.74,4244.58,169.0,0,0,2,3
DNR-00827,11,55677.6,5061.6,405.0,0,0,0,10
DNR-00828,8,3016.5,377.06,73.0,0,1,3,8
DNR-00829,4,392.23,98.06,171.0,0,0,2,4
DNR-00830,7,2912.74,416.11,90.0,0,1,1,7
DNR-00831,4,17385.97,4346.49,31.0,0,2,2,4
DNR-00832,3,277.41,92.47,322.0,0,0,1,3
DNR-00833,9,3400.93,377.88,138.0,0,0,7,9
DNR-00834,8,462.09,57.76,36.0,0,2,2,8
DNR-00835,6,1597.03,266.17,46.0,0,2,3,6
DNR-00836,3,787.91,262.64,131.0,0,0,2,3
DNR-00837,6,1589.68,264.95,3.0,1,2,2,6
DNR-00838,4,2779.92,694.98,66.0,0,1,4,4
DNR-00839,3,349.76,116.59,132.0,0,0,1,3
DNR-00840,4,2012.17,503.04,223.0,0,0,3,4
DNR-00841,6,425.67,70.95,410.0,0,0,0,6
DNR-00842,8,2385.13,298.14,76.0,0,2,8,8
DNR-00843,6,2986.87,497.81,21.0,1,1,3,6
DNR-00844,4,588.3,147.07,22.0,1,2,4,4
DNR-00845,1,957.81,957.81,562.0,0,0,0,1
DNR-00846,9,271219.39,30135.49,20.0,1,5,9,8
DNR-00847,7,333.41,47.63,99.0,0,0,3,7
DNR-00848,8,3804.71,475.59,72.0,0,1,5,7
DNR-00849,10,3569.44,356.94,2.0,2,4,8,10
DNR-00850,8,1062.47,132.81,9.0,1,4,6,8
DNR-00851,5,2616.72,523.34,170.0,0,0,1,5
DNR-00852,5,925.41,185.08,55.0,0,1,3,5
DNR-00853,7,1575.14,225.02,8.0,2,4,7,7
DNR-00854,8,2090.5,261.31,37.0,0,1,1,7
DNR-00855,8,1145.39,143.17,9.0,2,3,8,7
DNR-00856,8,3169.33,396.17,340.0,0,0,1,7
DNR-00857,3,974.1,324.7,31.0,0,1,1,3
DNR-00858,4,253.14,63.28,627.0,0,0,0,4
DNR-00859,5,1443.73,288.75,48.0,0,1,1,5
DNR-00860,5,21458.7,4291.74,81.0,0,1,4,5
DNR-00861,3,210.83,70.28,713.0,0,0,0,3
DNR-00862,2,365.28,182.64,150.0,0,0,1,2
DNR-00863,2,1852.3,926.15,109.0,0,0,2,2
DNR-00864,8,37358.31,4669.79,89.0,0,1,4,8
DNR-00865,5,278.02,55.6,856.0,0,0,0,5
DNR-00866,6,1666.12,277.69,381.0,0,0,0,6
DNR-00867,2,187.13,93.56,1284.0,0,0,0,2
DNR-00868,6,378.25,63.04,55.0,0,1,1,6
DNR-00869,4,1387.39,346.85,46.0,0,2,4,4
DNR-00870,8,2306.02,288.25,191.0,0,0,3,8
DNR-00871,1,61.72,61.72,1334.0,0,0,0,1
DNR-00872,7,442.37,63.2,22.0,1,1,1,7
DNR-00873,1,6379.51,6379.51,752.0,0,0,0,1
DNR-00874,5,329.38,65.88,322.0,0,0,1,5
DNR-00875,5,22313.77,4462.75,2.0,1,1,5,5
DNR-00876,10,1140.49,114.05,5.0,1,3,6,10
DNR-00877,10,724.51,72.45,112.0,0,0,3,9
DNR-00878,3,135.1,45.03,295.0,0,0,1,3
DNR-00879,4,579.42,144.85,26.0,1,1,4,4
DNR-00880,6,754.68,125.78,73.0,0,1,1,6
DNR-00881,3,1849.76,616.59,92.0,0,0,3,3
DNR-00882,6,34987.8,5831.3,216.0,0,0,2,6
DNR-00883,7,439.65,62.81,164.0,0,0,3,7
DNR-00884,6,894.14,149.02,221.0,0,0,4,6
DNR-00885,5,5095.33,1019.07,21.0,2,2,3,5
DNR-00886,5,4111.3,822.26,72.0,0,1,2,5
DNR-00887,4,471.43,117.86,58.0,0,1,2,4
DNR-00888,5,2245.7,449.14,43.0,0,3,5,5
DNR-00889,3,428.06,142.69,76.0,0,1,1,3
DNR-00890,5,232.6,46.52,359.0,0,0,1,5
DNR-00891,5,720.71,144.14,54.0,0,1,2,5
DNR-00892,7,2428.37,346.91,101.0,0,0,4,7
DNR-00893,2,97.08,48.54,1058.0,0,0,0,2
DNR-00894,3,634.42,211.47,35.0,0,2,3,3
DNR-00895,7,3758.62,536.95,70.0,0,1,1,7
DNR-00896,5,2081.44,416.29,835.0,0,0,0,5
DNR-00897,7,789.86,112.84,21.0,2,2,7,6
DNR-00898,8,2779.95,347.49,31.0,0,4,8,7
DNR-00899,9,83679.58,9297.73,17.0,4,9,9,9
DNR-00900,1,71.46,71.46,84.0,0,1,1,1
DNR-00901,8,843.88,105.48,223.0,0,0,1,8
DNR-00902,3,33524.68,11174.89,7.0,1,2,3,3
DNR-00903,6,57709.44,9618.24,766.0,0,0,0,6
DNR-00904,5,250.59,50.12,7.0,1,3,5,5
DNR-00905,2,80.84,40.42,14.0,1,1,1,2
DNR-00906,3,153.35,51.12,119.0,0,0,1,3
DNR-00907,3,1745.98,581.99,17.0,1,2,3,3
DNR-00908,7,3174.58,453.51,54.0,0,1,4,5
DNR-00909,8,1939.33,242.42,1.0,7,8,8,8
DNR-00910,3,663.97,221.32,133.0,0,0,2,3
DNR-00911,5,659.3,131.86,695.0,0,0,0,5
DNR-00912,4,630.38,157.6,53.0,0,1,1,3
DNR-00913,4,224.16,56.04,4.0,2,4,4,3
DNR-00914,8,1178.76,147.34,181.0,0,0,3,8
DNR-00915,4,2314.78,578.7,105.0,0,0,2,4
DNR-00916,6,609.28,101.55,82.0,0,1,2,6
DNR-00917,4,8239.21,2059.8,327.0,0,0,1,4
DNR-00918,4,395.46,98.86,448.0,0,0,0,4
DNR-00919,6,573.82,95.64,353.0,0,0,1,6
DNR-00920,7,2718.52,388.36,142.0,0,0,2,6
DNR-00921,4,61126.39,15281.6,150.0,0,0,1,4
DNR-00922,3,645.62,215.21,35.0,0,1,3,3
DNR-00923,3,571.75,190.58,93.0,0,0,3,3
DNR-00924,5,336.55,67.31,159.0,0,0,1,5
DNR-00925,3,240.47,80.16,4.0,1,1,1,3
DNR-00926,3,509.28,169.76,78.0,0,1,1,3
DNR-00927,7,861.9,123.13,109.0,0,0,2,7
DNR-00928,6,1584.76,264.13,110.0,0,0,3,6
DNR-00929,4,2053.59,513.4,17.0,2,4,4,4
DNR-00930,5,1390.96,278.19,100.0,0,0,2,4
DNR-00931,6,558.86,93.14,169.0,0,0,2,5
DNR-00932,5,319.17,63.83,87.0,0,1,1,5
DNR-00933,6,103141.83,17190.3,479.0,0,0,0,6
DNR-00934,2,368.23,184.12,211.0,0,0,1,2
DNR-00935,4,840.93,210.23,122.0,0,0,4,4
DNR-00936,3,190.2,63.4,48.0,0,1,2,3
DNR-00937,2,486.59,243.3,6.0,2,2,2,2
DNR-00938,7,2661.63,380.23,379.0,0,0,0,7
DNR-00939,3,406.5,135.5,262.0,0,0,1,3
DNR-00940,3,306.49,102.16,1.0,1,1,1,3
DNR-00941,4,33683.48,8420.87,30.0,1,1,4,4
DNR-00942,7,1406.88,200.98,7.0,1,1,3,7
DNR-00943,2,104.91,52.46,157.0,0,0,1,2
DNR-00944,3,557.18,185.73,102.0,0,0,2,3
DNR-00945,5,250.42,50.08,250.0,0,0,1,5
DNR-00946,4,191.6,47.9,80.0,0,1,2,4
DNR-00947,5,535.94,107.19,12.0,1,1,4,5
DNR-00948,6,263.92,43.99,176.0,0,0,3,6
DNR-00949,1,22426.25,22426.25,86.0,0,1,1,1
DNR-00950,5,350.34,70.07,126.0,0,0,1,5
DNR-00951,3,11170.17,3723.39,37.0,0,2,3,3
DNR-00952,4,3232.34,808.08,7.0,1,1,3,4
DNR-00953,6,2440.78,406.8,92.0,0,0,5,6
DNR-00954,3,147.14,49.05,20.0,2,2,2,3
DNR-00955,7,1831.56,261.65,1.0,1,1,1,7
DNR-00956,7,1222.81,174.69,3.0,1,1,2,7
DNR-00957,8,2280.52,285.06,79.0,0,1,8,8
DNR-00958,2,363.85,181.92,14.0,1,1,2,2
DNR-00959,4,685.2,171.3,335.0,0,0,1,4
DNR-00960,2,44.58,22.29,30.0,1,1,2,2
DNR-00961,8,2670.54,333.82,204.0,0,0,2,7
DNR-00962,4,23328.65,5832.16,24.0,1,1,4,4
DNR-00963,3,694.85,231.62,318.0,0,0,1,3
DNR-00964,3,433.32,144.44,258.0,0,0,1,3
DNR-00965,6,2344.82,390.8,47.0,0,1,4,6
DNR-00966,1,4670.76,4670.76,1437.0,0,0,0,1
DNR-00967,6,760.52,126.75,14.0,1,2,3,6
DNR-00968,4,340.11,85.03,402.0,0,0,0,4
DNR-00969,6,820.39,136.73,101.0,0,0,3,6
DNR-00970,5,1152.24,230.45,576.0,0,0,0,5
DNR-00971,5,457.14,91.43,112.0,0,0,5,5
DNR-00972,5,401.4,80.28,88.0,0,1,5,5
DNR-00973,6,551.96,91.99,59.0,0,1,4,6
DNR-00974,4,1796.91,449.23,223.0,0,0,2,4
DNR-00975,6,305.98,51.0,11.0,1,1,2,6
DNR-00976,4,1418.59,354.65,61.0,0,1,4,4
DNR-00977,4,728.86,182.22,68.0,0,2,4,4
DNR-00978,7,943.83,134.83,371.0,0,0,0,7
DNR-00979,0,0.0,0.0,,0,0,0,0
DNR-00980,4,1045.67,261.42,121.0,0,0,1,4
DNR-00981,9,110216.95,12246.33,18.0,1,2,5,9
DNR-00982,11,3288.18,298.93,28.0,1,1,7,10
DNR-00983,8,1180.68,147.58,485.0,0,0,0,8
DNR-00984,1,1502.66,1502.66,47.0,0,1,1,1
DNR-00985,4,461.27,115.32,175.0,0,0,1,4
DNR-00986,6,691.14,115.19,207.0,0,0,1,6
DNR-00987,6,1259.66,209.94,105.0,0,0,3,6
DNR-00988,7,30475.63,4353.66,21.0,1,1,3,7
DNR-00989,6,172.8,28.8,117.0,0,0,3,5
DNR-00990,4,867.36,216.84,703.0,0,0,0,3
DNR-00991,6,926.48,154.41,135.0,0,0,2,5
DNR-00992,0,0.0,0.0,,0,0,0,0
DNR-00993,6,767.83,127.97,62.0,0,1,6,4
DNR-00994,4,922.57,230.64,1325.0,0,0,0,4
DNR-00995,5,360.8,72.16,72.0,0,1,4,5
DNR-00996,7,3687.21,526.74,130.0,0,0,4,7
DNR-00997,3,190.36,63.45,121.0,0,0,3,3
DNR-00998,10,1566.14,156.61,1.0,2,5,10,9
DNR-00999,8,3430.37,428.8,22.0,1,1,2,8
DNR-01000,5,671.02,134.2,280.0,0,0,1,5
DNR-01001,5,926.0,185.2,4.0,1,1,1,5
DNR-01002,6,786.82,131.14,353.0,0,0,1,6
DNR-01003,6,2743.91,457.32,446.0,0,0,0,6
DNR-01004,3,15730.06,5243.35,132.0,0,0,1,3
DNR-01005,2,681.48,340.74,709.0,0,0,0,2
DNR-01006,5,1332.2,266.44,10.0,4,5,5,5
DNR-01007,3,594.81,198.27,396.0,0,0,0,3
DNR-01008,3,10883.29,3627.76,543.0,0,0,0,3
DNR-01009,4,761.54,190.38,219.0,0,0,1,4
DNR-01010,6,31203.04,5200.51,343.0,0,0,1,5
DNR-01011,5,362.36,72.47,159.0,0,0,2,5
DNR-01012,7,1544.55,220.65,74.0,0,1,2,6
DNR-01013,4,692.72,173.18,10.0,1,3,4,4
DNR-01014,4,412.91,103.23,26.0,1,1,1,4
DNR-01015,6,768.59,128.1,49.0,0,1,1,5
DNR-01016,4,501.44,125.36,13.0,1,2,4,4
DNR-01017,3,90.69,30.23,272.0,0,0,1,3
DNR-01018,9,1247.77,138.64,95.0,0,0,4,8
DNR-01019,6,1199.7,199.95,299.0,0,0,1,6
DNR-01020,6,309.09,51.51,852.0,0,0,0,6
DNR-01021,3,2344.16,781.39,103.0,0,0,2,3
DNR-01022,3,1101.38,367.13,15.0,2,3,3,3
DNR-01023,3,429.93,143.31,1.0,1,1,3,3
DNR-01024,3,154.99,51.66,182.0,0,0,2,3
DNR-01025,4,1977.19,494.3,611.0,0,0,0,4
DNR-01026,10,1170.07,117.01,87.0,0,1,1,10
DNR-01027,4,273.31,68.33,30.0,1,4,4,4
DNR-01028,3,548.78,182.93,70.0,0,1,1,3
DNR-01029,4,638.93,159.73,582.0,0,0,0,4
DNR-01030,3,1437.7,479.23,402.0,0,0,0,3
DNR-01031,3,229.23,76.41,325.0,0,0,1,3
DNR-01032,4,529.89,132.47,70.0,0,1,2,4
DNR-01033,8,674.25,84.28,20.0,2,2,6,7
DNR-01034,5,349.1,69.82,25.0,1,1,2,5
DNR-01035,5,746.87,149.37,112.0,0,0,4,5
DNR-01036,7,4853.71,693.39,267.0,0,0,1,7
DNR-01037,3,2562.63,854.21,496.0,0,0,0,3
DNR-01038,6,609.88,101.65,7.0,1,2,2,6
DNR-01039,4,1374.63,343.66,87.0,0,2,4,4
DNR-01040,4,269.23,67.31,727.0,0,0,0,4
DNR-01041,7,940.96,134.42,18.0,1,1,2,7
DNR-01042,6,713.44,118.91,50.0,0,2,3,6
DNR-01043,6,2703.24,450.54,3.0,1,1,3,6
DNR-01044,2,460.96,230.48,199.0,0,0,2,2
DNR-01045,4,604.8,151.2,64.0,0,1,1,4
DNR-01046,3,130.16,43.39,268.0,0,0,1,3
DNR-01047,3,214.39,71.46,1036.0,0,0,0,3
DNR-01048,5,762.2,152.44,22.0,1,3,5,5
DNR-01049,4,268.74,67.18,35.0,0,1,1,4
DNR-01050,8,556.52,69.56,73.0,0,2,3,8
DNR-01051,0,0.0,0.0,,0,0,0,0
DNR-01052,3,11692.47,3897.49,22.0,1,1,3,3
DNR-01053,5,575.77,115.15,622.0,0,0,0,5
DNR-01054,8,892.56,111.57,62.0,0,2,5,6
DNR-01055,1,2382.87,2382.87,631.0,0,0,0,1
DNR-01056,3,389.16,129.72,72.0,0,1,3,3
DNR-01057,7,1245.34,177.91,131.0,0,0,3,7
DNR-01058,2,137.67,68.84,159.0,0,0,1,1
DNR-01059,2,121.53,60.76,10.0,2,2,2,2
DNR-01060,6,81143.73,13523.96,10.0,1,1,6,6
DNR-01061,4,702.6,175.65,85.0,0,1,1,4
DNR-01062,3,280.4,93.47,181.0,0,0,2,3
DNR-01063,7,1013.93,144.85,17.0,1,1,4,7
DNR-01064,6,2196.16,366.03,209.0,0,0,1,6
DNR-01065,3,20651.72,6883.91,243.0,0,0,1,3
DNR-01066,5,26917.93,5383.59,24.0,1,3,5,5
DNR-01067,3,343.39,114.46,25.0,1,2,3,3
DNR-01068,8,1096.78,137.1,149.0,0,0,5,7
DNR-01069,5,193.23,38.65,8.0,1,2,5,5
DNR-01070,3,1549.93,516.64,210.0,0,0,1,3
DNR-01071,4,319.55,79.89,960.0,0,0,0,4
DNR-01072,4,839.92,209.98,244.0,0,0,1,4
DNR-01073,2,527.03,263.52,33.0,0,2,2,2
DNR-01074,5,458.71,91.74,202.0,0,0,2,4
DNR-01075,5,616.59,123.32,205.0,0,0,5,5
DNR-01076,8,1122.43,140.3,100.0,0,0,3,7
DNR-01077,5,104226.86,20845.37,110.0,0,0,1,5
DNR-01078,5,2778.92,555.78,309.0,0,0,1,5
DNR-01079,9,1914.99,212.78,11.0,3,4,9,8
DNR-01080,6,978.26,163.04,82.0,0,1,5,6
DNR-01081,10,3503.99,350.4,12.0,1,2,5,8
DNR-01082,4,1493.1,373.28,288.0,0,0,1,4
DNR-01083,0,0.0,0.0,,0,0,0,0
DNR-01084,4,294.27,73.57,381.0,0,0,0,4
DNR-01085,7,788.65,112.66,132.0,0,0,3,7
DNR-01086,6,198.87,33.15,141.0,0,0,3,6
DNR-01087,4,21808.01,5452.0,107.0,0,0,1,4
DNR-01088,6,3972.52,662.09,25.0,1,1,3,6
DNR-01089,4,3269.66,817.42,362.0,0,0,1,4
DNR-01090,5,344.51,68.9,281.0,0,0,2,5
DNR-01091,1,81.48,81.48,3.0,1,1,1,1
DNR-01092,3,178.29,59.43,713.0,0,0,0,3
DNR-01093,5,2367.87,473.57,37.0,0,1,5,5
DNR-01094,6,1324.95,220.82,1.0,4,4,6,6
DNR-01095,9,2740.16,304.46,34.0,0,4,9,9
DNR-01096,4,175.71,43.93,90.0,0,1,3,4
DNR-01097,5,37656.17,7531.23,202.0,0,0,3,5
DNR-01098,7,35778.1,5111.16,86.0,0,1,6,7
DNR-01099,9,595.46,66.16,54.0,0,1,5,8
DNR-01100,7,838.39,119.77,188.0,0,0,4,7
DNR-01101,3,196.79,65.6,441.0,0,0,0,3
DNR-01102,9,1281.96,142.44,51.0,0,2,4,9
DNR-01103,8,159843.8,19980.47,90.0,0,1,2,8
DNR-01104,5,349.7,69.94,96.0,0,0,2,5
DNR-01105,2,735.23,367.62,43.0,0,1,2,2
DNR-01106,4,580.86,145.22,386.0,0,0,0,4
DNR-01107,2,2124.02,1062.01,163.0,0,0,2,2
DNR-01108,9,1095.17,121.69,49.0,0,3,9,8
DNR-01109,6,1011.94,168.66,288.0,0,0,1,5
DNR-01110,3,1815.46,605.15,17.0,1,2,3,3
DNR-01111,4,816.36,204.09,113.0,0,0,2,4
DNR-01112,4,1593.51,398.38,116.0,0,0,2,4
DNR-01113,7,689.13,98.45,188.0,0,0,3,7
DNR-01114,3,567.51,189.17,11.0,2,2,3,3
DNR-01115,2,11652.93,5826.46,265.0,0,0,1,2
DNR-01116,4,823.84,205.96,432.0,0,0,0,4
DNR-01117,6,2831.43,471.9,23.0,1,1,3,6
DNR-01118,9,1778.51,197.61,381.0,0,0,0,9
DNR-01119,4,820.98,205.24,36.0,0,2,4,4
DNR-01120,4,770.22,192.56,144.0,0,0,2,4
DNR-01121,6,697.56,116.26,19.0,2,2,5,6
DNR-01122,6,2029.56,338.26,0.0,6,6,6,5
DNR-01123,6,730.78,121.8,14.0,1,1,5,6
DNR-01124,5,2046.85,409.37,139.0,0,0,1,5
DNR-01125,4,635.89,158.97,86.0,0,1,2,4
DNR-01126,6,2385.41,397.57,38.0,0,1,1,6
DNR-01127,7,814.95,116.42,64.0,0,1,3,7
DNR-01128,7,921.12,131.59,2.0,4,7,7,7
DNR-01129,2,1921.69,960.84,381.0,0,0,0,2
DNR-01130,2,239.7,119.85,689.0,0,0,0,2
DNR-01131,2,21637.72,10818.86,475.0,0,0,0,2
DNR-01132,1,2027.93,2027.93,33.0,0,1,1,1
DNR-01133,3,146.57,48.86,109.0,0,0,1,3
DNR-01134,5,1596.74,319.35,152.0,0,0,4,5
DNR-01135,3,2249.58,749.86,2.0,1,1,2,3
DNR-01136,6,2961.05,493.51,117.0,0,0,2,6
DNR-01137,3,183.06,61.02,125.0,0,0,3,3
DNR-01138,4,203.06,50.76,69.0,0,1,1,4
DNR-01139,3,223.65,74.55,259.0,0,0,2,3
DNR-01140,5,1717.99,343.6,27.0,1,1,5,5
DNR-01141,2,135.29,67.65,10.0,2,2,2,2
DNR-01142,7,3763.78,537.68,132.0,0,0,2,7
DNR-01143,7,847.68,121.1,16.0,2,4,7,7
DNR-01144,9,1270.62,141.18,161.0,0,0,4,8
DNR-01145,4,506.97,126.74,3.0,1,2,4,4
DNR-01146,1,40.77,40.77,553.0,0,0,0,1
DNR-01147,3,2421.75,807.25,41.0,0,1,3,3
DNR-01148,6,3472.2,578.7,21.0,2,3,6,6
DNR-01149,4,1398.22,349.56,346.0,0,0,1,4
DNR-01150,4,2453.88,613.47,53.0,0,1,2,4
DNR-01151,6,3260.64,543.44,10.0,1,2,5,6
DNR-01152,6,838.11,139.68,266.0,0,0,1,6
DNR-01153,2,26740.12,13370.06,1.0,2,2,2,2
DNR-01154,7,762.31,108.9,4.0,1,2,3,6
DNR-01155,8,693.83,86.73,397.0,0,0,0,8
DNR-01156,3,283.78,94.59,347.0,0,0,1,3
DNR-01157,6,36728.75,6121.46,73.0,0,1,2,6
DNR-01158,5,2289.41,457.88,252.0,0,0,5,4
DNR-01159,5,1215.0,243.0,33.0,0,1,1,5
DNR-01160,6,709.37,118.23,22.0,1,2,4,6
DNR-01161,8,3028.27,378.53,179.0,0,0,2,8
DNR-01162,4,307.6,76.9,148.0,0,0,2,4
DNR-01163,4,236.97,59.24,149.0,0,0,4,4
DNR-01164,5,2952.85,590.57,147.0,0,0,1,5
DNR-01165,4,18568.61,4642.15,189.0,0,0,2,4
DNR-01166,6,428.08,71.35,8.0,1,1,3,6
DNR-01167,8,774.15,96.77,296.0,0,0,2,8
DNR-01168,5,1796.85,359.37,46.0,0,1,5,5
DNR-01169,5,3004.99,601.0,221.0,0,0,1,5
DNR-01170,5,555.93,111.19,47.0,0,1,4,5
DNR-01171,8,3274.75,409.34,13.0,1,2,2,8
DNR-01172,8,1002.16,125.27,247.0,0,0,2,8
DNR-01173,3,271.03,90.34,413.0,0,0,0,3
DNR-01174,2,37682.92,18841.46,361.0,0,0,1,2
DNR-01175,6,1209.65,201.61,179.0,0,0,4,6
DNR-01176,13,1374.86,105.76,2.0,6,9,13,13
DNR-01177,5,118478.77,23695.75,50.0,0,1,3,5
DNR-01178,6,517.36,86.23,252.0,0,0,2,6
DNR-01179,1,1245.15,1245.15,117.0,0,0,1,1
DNR-01180,6,594.07,99.01,27.0,1,1,1,6
DNR-01181,4,1562.9,390.72,190.0,0,0,2,4
DNR-01182,4,566.86,141.72,634.0,0,0,0,4
DNR-01183,7,3303.28,471.9,36.0,0,1,5,6
DNR-01184,5,699.22,139.84,62.0,0,1,3,5
DNR-01185,2,124.06,62.03,6.0,1,1,2,2
DNR-01186,4,559.98,140.0,1.0,2,2,3,4
DNR-01187,1,75.33,75.33,29.0,1,1,1,1
DNR-01188,2,273.55,136.78,101.0,0,0,2,2
DNR-01189,3,240.24,80.08,103.0,0,0,3,3
DNR-01190,6,2726.2,454.37,19.0,2,3,6,6
DNR-01191,6,2853.78,475.63,16.0,1,3,6,6
DNR-01192,7,2804.04,400.58,113.0,0,0,2,7
DNR-01193,6,484.3,80.72,79.0,0,1,3,5
DNR-01194,3,230.72,76.91,525.0,0,0,0,3
DNR-01195,4,752.9,188.22,77.0,0,1,2,4
DNR-01196,3,342.45,114.15,38.0,0,1,2,3
DNR-01197,7,507.97,72.57,7.0,1,1,4,7
DNR-01198,6,1097.99,183.0,2.0,1,1,1,6
DNR-01199,1,37.51,37.51,489.0,0,0,0,1
DNR-01200,5,730.36,146.07,58.0,0,1,5,5
DNR-01201,3,1855.93,618.64,35.0,0,1,2,3
DNR-01202,4,102855.0,25713.75,287.0,0,0,2,4
DNR-01203,8,994.47,124.31,51.0,0,3,3,8
DNR-01204,7,745.5,106.5,61.0,0,1,2,7
DNR-01205,7,878.98,125.57,247.0,0,0,1,7
DNR-01206,10,1472.15,147.21,7.0,3,8,10,9
DNR-01207,5,590.64,118.13,24.0,1,2,2,5
DNR-01208,7,878.32,125.47,61.0,0,2,7,7
DNR-01209,3,596.38,198.79,60.0,0,1,1,3
DNR-01210,8,1551.84,193.98,209.0,0,0,2,6
DNR-01211,4,644.1,161.02,65.0,0,1,3,4
DNR-01212,7,94490.37,13498.62,80.0,0,1,3,7
DNR-01213,3,720.81,240.27,30.0,1,1,3,3
DNR-01214,7,4320.22,617.17,1.0,1,5,7,7
DNR-01215,5,797.6,159.52,48.0,0,1,3,5
DNR-01216,0,0.0,0.0,,0,0,0,0
DNR-01217,5,2692.04,538.41,38.0,0,1,2,4
DNR-01218,6,343.12,57.19,135.0,0,0,1,6
DNR-01219,11,2634.66,239.51,8.0,2,2,5,10
DNR-01220,5,938.88,187.78,77.0,0,1,3,5
DNR-01221,6,746.13,124.36,231.0,0,0,2,6
DNR-01222,9,110152.75,12239.19,70.0,0,1,3,8
DNR-01223,5,1890.78,378.16,6.0,1,2,3,4
DNR-01224,5,1666.52,333.3,678.0,0,0,0,5
DNR-01225,8,4254.68,531.84,200.0,0,0,1,8
DNR-01226,4,2465.78,616.44,30.0,1,2,4,4
DNR-01227,6,608.21,101.37,52.0,0,1,1,6
DNR-01228,3,171.69,57.23,21.0,1,1,3,3
DNR-01229,8,917.16,114.64,4.0,2,8,8,8
DNR-01230,5,233.77,46.75,409.0,0,0,0,3
DNR-01231,6,653.28,108.88,6.0,1,2,6,6
DNR-01232,5,538.76,107.75,420.0,0,0,0,5
DNR-01233,8,3008.8,376.1,97.0,0,0,3,8
DNR-01234,7,1629.68,232.81,17.0,2,4,7,7
DNR-01235,9,476.98,53.0,32.0,0,3,6,9
DNR-01236,4,598.32,149.58,337.0,0,0,1,4
DNR-01237,6,3935.39,655.9,88.0,0,1,3,6
DNR-01238,1,26.47,26.47,2.0,1,1,1,1
DNR-01239,3,315.23,105.08,63.0,0,2,3,3
DNR-01240,2,12885.91,6442.96,809.0,0,0,0,2
DNR-01241,3,97.77,32.59,86.0,0,1,1,3
DNR-01242,4,2472.76,618.19,143.0,0,0,3,4
DNR-01243,2,8576.43,4288.22,140.0,0,0,1,2
DNR-01244,5,898.22,179.64,4.0,5,5,5,5
DNR-01245,2,151.17,75.59,332.0,0,0,1,2
DNR-01246,4,214.98,53.74,147.0,0,0,1,4
DNR-01247,1,63.3,63.3,818.0,0,0,0,1
DNR-01248,6,3415.5,569.25,79.0,0,1,6,6
DNR-01249,6,297.32,49.55,82.0,0,1,2,6
DNR-01250,6,1119.81,186.64,27.0,1,3,6,6
DNR-01251,6,1612.85,268.81,294.0,0,0,2,6
DNR-01252,8,854.73,106.84,75.0,0,1,1,8
DNR-01253,4,1691.35,422.84,165.0,0,0,1,4
DNR-01254,7,913.83,130.55,56.0,0,1,3,7
DNR-01255,4,964.89,241.22,312.0,0,0,1,4
DNR-01256,8,4752.96,594.12,33.0,0,1,6,8
DNR-01257,10,1058.69,105.87,1.0,2,5,10,10
DNR-01258,7,1196.18,170.88,75.0,0,1,2,7
DNR-01259,3,513.56,171.19,233.0,0,0,1,3
DNR-01260,6,173614.97,28935.83,184.0,0,0,1,6
DNR-01261,3,716.8,238.93,50.0,0,1,1,3
DNR-01262,9,836.69,92.97,130.0,0,0,5,9
DNR-01263,5,2745.3,549.06,382.0,0,0,0,5
DNR-01264,6,2002.95,333.82,120.0,0,0,1,6
DNR-01265,3,176.83,58.94,70.0,0,1,2,3
DNR-01266,2,120.22,60.11,26.0,1,1,2,2
DNR-01267,4,22323.14,5580.78,255.0,0,0,1,4
DNR-01268,4,784.26,196.06,40.0,0,1,2,4
DNR-01269,4,614.71,153.68,121.0,0,0,4,3
DNR-01270,5,550.04,110.01,250.0,0,0,1,5
DNR-01271,4,997.71,249.43,319.0,0,0,1,4
DNR-01272,4,2384.09,596.02,8.0,2,4,4,3
DNR-01273,5,958.14,191.63,31.0,0,1,3,5
DNR-01274,3,155.7,51.9,18.0,1,1,3,3
DNR-01275,5,665.56,133.11,83.0,0,1,4,5
DNR-01276,7,2360.12,337.16,21.0,1,1,1,6
DNR-01277,4,412.48,103.12,31.0,0,3,4,4
DNR-01278,9,1873.63,208.18,343.0,0,0,1,9
DNR-01279,5,296.9,59.38,158.0,0,0,2,5
DNR-01280,7,996.46,142.35,9.0,1,2,7,7
DNR-01281,8,3595.77,449.47,13.0,1,2,4,8
DNR-01282,7,3468.65,495.52,61.0,0,1,2,7
DNR-01283,6,697.96,116.33,29.0,1,1,2,6
DNR-01284,6,806.26,134.38,165.0,0,0,2,5
DNR-01285,5,657.65,131.53,25.0,1,1,2,5
DNR-01286,5,3007.23,601.45,869.0,0,0,0,5
DNR-01287,6,574.09,95.68,41.0,0,6,6,6
DNR-01288,3,2121.27,707.09,66.0,0,1,2,3
DNR-01289,4,481.02,120.26,277.0,0,0,3,4
DNR-01290,2,495.06,247.53,18.0,1,2,2,2
DNR-01291,8,4783.65,597.96,22.0,1,1,6,8
DNR-01292,3,98.94,32.98,137.0,0,0,2,3
DNR-01293,4,169.92,42.48,401.0,0,0,0,4
DNR-01294,6,1186.93,197.82,65.0,0,1,2,6
DNR-01295,4,407.54,101.88,196.0,0,0,1,4
DNR-01296,3,35793.99,11931.33,373.0,0,0,0,2
DNR-01297,9,4470.29,496.7,6.0,2,5,9,9
DNR-01298,2,131.77,65.89,15.0,1,2,2,2
DNR-01299,5,667.48,133.5,372.0,0,0,0,5
DNR-01300,7,758.72,108.39,3.0,1,1,7,6
DNR-01301,8,1723.22,215.4,24.0,1,1,3,8
DNR-01302,6,1877.91,312.98,6.0,1,2,6,6
DNR-01303,2,223.26,111.63,171.0,0,0,2,2
DNR-01304,7,881.51,125.93,20.0,1,2,7,7
DNR-01305,1,16.93,16.93,633.0,0,0,0,1
DNR-01306,2,119.33,59.66,229.0,0,0,1,2
DNR-01307,2,121.49,60.74,138.0,0,0,1,2
DNR-01308,3,319.15,106.38,366.0,0,0,0,3
DNR-01309,3,1521.91,507.3,167.0,0,0,1,3
DNR-01310,2,2000.73,1000.36,307.0,0,0,1,2
DNR-01311,5,562.56,112.51,337.0,0,0,1,5
DNR-01312,6,2351.74,391.96,181.0,0,0,2,6
DNR-01313,5,237.35,47.47,3.0,1,3,5,5
DNR-01314,4,1747.33,436.83,92.0,0,0,4,4
DNR-01315,5,26712.97,5342.59,198.0,0,0,1,5
DNR-01316,4,476.69,119.17,4.0,2,4,4,4
DNR-01317,4,2589.13,647.28,286.0,0,0,1,4
DNR-01318,6,185140.48,30856.75,49.0,0,3,6,6
DNR-01319,7,278.48,39.78,5.0,1,1,7,7
DNR-01320,7,369.78,52.83,70.0,0,1,4,7
DNR-01321,7,810.69,115.81,234.0,0,0,1,7
DNR-01322,2,1054.55,527.28,657.0,0,0,0,2
DNR-01323,6,2565.21,427.54,510.0,0,0,0,6
DNR-01324,4,128760.96,32190.24,370.0,0,0,0,4
DNR-01325,5,712.24,142.45,16.0,1,1,2,5
DNR-01326,6,345.3,57.55,413.0,0,0,0,6
DNR-01327,3,444.28,148.09,329.0,0,0,2,3
DNR-01328,4,627.34,156.83,131.0,0,0,1,4
DNR-01329,10,1005.63,100.56,63.0,0,2,5,10
DNR-01330,5,2496.0,499.2,67.0,0,1,2,5
DNR-01331,4,296.84,74.21,302.0,0,0,1,4
DNR-01332,4,153358.97,38339.74,500.0,0,0,0,3
DNR-01333,1,9322.05,9322.05,97.0,0,0,1,1
DNR-01334,6,1851.53,308.59,39.0,0,2,6,6
DNR-01335,2,263.95,131.98,304.0,0,0,1,2
DNR-01336,8,1628.5,203.56,34.0,0,3,5,8
DNR-01337,2,264.29,132.15,452.0,0,0,0,2
DNR-01338,4,140.01,35.0,5.0,4,4,4,4
DNR-01339,7,934.48,133.5,664.0,0,0,0,6
DNR-01340,3,277.18,92.39,3.0,2,3,3,3
DNR-01341,4,457.35,114.34,67.0,0,1,4,4
DNR-01342,2,66.08,33.04,89.0,0,1,1,2
DNR-01343,4,228.7,57.18,628.0,0,0,0,4
DNR-01344,8,1681.71,210.21,4.0,1,4,8,8
DNR-01345,3,144.32,48.11,145.0,0,0,3,3
DNR-01346,5,1527.28,305.46,159.0,0,0,1,5
DNR-01347,4,766.7,191.68,166.0,0,0,4,4
DNR-01348,3,18221.54,6073.85,1018.0,0,0,0,3
DNR-01349,4,2476.36,619.09,872.0,0,0,0,4
DNR-01350,4,819.99,205.0,128.0,0,0,3,4
DNR-01351,7,1212.16,173.17,72.0,0,2,2,6
DNR-01352,5,557.72,111.54,325.0,0,0,1,5
DNR-01353,5,29174.76,5834.95,145.0,0,0,2,5
DNR-01354,4,282.6,70.65,28.0,1,3,4,4
DNR-01355,9,2151.14,239.02,265.0,0,0,2,6
DNR-01356,5,654.78,130.96,32.0,0,4,5,5
DNR-01357,5,353.89,70.78,39.0,0,1,2,5
DNR-01358,5,763.82,152.76,17.0,1,2,3,5
DNR-01359,4,961.94,240.48,23.0,1,1,2,4
DNR-01360,7,4817.16,688.17,249.0,0,0,2,7
DNR-01361,6,778.64,129.77,19.0,1,1,3,6
DNR-01362,4,301.17,75.29,12.0,1,2,3,4
DNR-01363,7,35177.54,5025.36,105.0,0,0,3,6
DNR-01364,2,482.02,241.01,396.0,0,0,0,2
DNR-01365,5,184675.64,36935.13,7.0,1,1,3,4
DNR-01366,8,3962.02,495.25,199.0,0,0,2,8
DNR-01367,6,628.98,104.83,300.0,0,0,2,6
DNR-01368,6,2091.25,348.54,259.0,0,0,2,6
DNR-01369,4,1489.94,372.48,170.0,0,0,1,4
DNR-01370,4,42656.11,10664.03,182.0,0,0,1,4
DNR-01371,5,1097.52,219.5,735.0,0,0,0,5
DNR-01372,6,762.68,127.11,297.0,0,0,1,6
DNR-01373,7,1821.48,260.21,180.0,0,0,1,7
DNR-01374,3,404.88,134.96,244.0,0,0,1,3
DNR-01375,5,145.93,29.19,40.0,0,1,3,5
DNR-01376,4,120.51,30.13,208.0,0,0,2,4
DNR-01377,8,907.69,113.46,29.0,1,1,3,7
DNR-01378,5,934.62,186.92,61.0,0,1,1,5
DNR-01379,3,591.97,197.32,792.0,0,0,0,3
DNR-01380,3,132.77,44.26,49.0,0,1,3,3
DNR-01381,10,47465.51,4746.55,7.0,1,6,10,9
DNR-01382,6,3286.34,547.72,9.0,1,1,4,6
DNR-01383,7,2737.43,391.06,324.0,0,0,2,7
DNR-01384,5,24870.81,4974.16,141.0,0,0,1,5
DNR-01385,2,54.2,27.1,14.0,1,2,2,2
DNR-01386,6,4362.93,727.16,255.0,0,0,1,5
DNR-01387,4,2573.43,643.36,322.0,0,0,1,4
DNR-01388,2,211.85,105.93,195.0,0,0,1,2
DNR-01389,6,1333.69,222.28,392.0,0,0,0,6
DNR-01390,5,550.81,110.16,48.0,0,3,5,4
DNR-01391,4,651.8,162.95,21.0,1,1,1,3
DNR-01392,8,649.73,81.22,0.0,1,2,5,8
DNR-01393,5,2539.76,507.95,27.0,1,1,3,5
DNR-01394,3,287.25,95.75,104.0,0,0,1,3
DNR-01395,5,787.14,157.43,101.0,0,0,5,5
DNR-01396,2,119.83,59.92,294.0,0,0,1,2
DNR-01397,8,3201.8,400.22,158.0,0,0,3,8
DNR-01398,4,216.37,54.09,128.0,0,0,2,4
DNR-01399,2,52.85,26.42,91.0,0,0,1,2
DNR-01400,6,2634.5,439.08,215.0,0,0,1,6
DNR-01401,4,117633.51,29408.38,62.0,0,1,1,4
DNR-01402,3,233.2,77.73,9.0,1,1,3,3
DNR-01403,3,581.71,193.9,344.0,0,0,1,3
DNR-01404,9,1224.2,136.02,2.0,4,9,9,9
DNR-01405,2,17644.02,8822.01,142.0,0,0,1,2
DNR-01406,6,1300.32,216.72,1139.0,0,0,0,6
DNR-01407,6,1788.27,298.04,143.0,0,0,3,6
DNR-01408,3,172.22,57.41,1.0,1,1,2,3
DNR-01409,1,12.31,12.31,94.0,0,0,1,1
DNR-01410,4,606.45,151.61,72.0,0,2,3,3
DNR-01411,4,1129.0,282.25,39.0,0,1,4,4
DNR-01412,5,231.78,46.36,84.0,0,1,2,5
DNR-01413,6,2054.65,342.44,107.0,0,0,1,6
DNR-01414,5,554.14,110.83,225.0,0,0,2,5
DNR-01415,6,14335.15,2389.19,38.0,0,1,1,6
DNR-01416,10,947.95,94.8,27.0,1,2,4,9
DNR-01417,9,46248.97,5138.77,105.0,0,0,2,8
DNR-01418,2,109.83,54.92,124.0,0,0,2,2
DNR-01419,7,36767.01,5252.43,64.0,0,2,3,7
DNR-01420,7,658.69,94.1,73.0,0,1,3,7
DNR-01421,4,409.4,102.35,432.0,0,0,0,4
DNR-01422,12,1247.26,103.94,5.0,2,5,7,11
DNR-01423,5,1487.32,297.46,119.0,0,0,2,5
DNR-01424,3,92235.74,30745.25,24.0,1,2,3,3
DNR-01425,5,2914.57,582.91,419.0,0,0,0,5
DNR-01426,2,2444.17,1222.08,1062.0,0,0,0,2
DNR-01427,12,58382.72,4865.23,52.0,0,2,8,12
DNR-01428,5,296.62,59.32,597.0,0,0,0,5
DNR-01429,4,2026.74,506.68,274.0,0,0,3,4
DNR-01430,6,4120.21,686.7,109.0,0,0,4,6
DNR-01431,4,1445.58,361.4,38.0,0,4,4,4
DNR-01432,3,1606.62,535.54,428.0,0,0,0,3
DNR-01433,5,62027.67,12405.53,199.0,0,0,4,5
DNR-01434,3,401.38,133.79,818.0,0,0,0,3
DNR-01435,7,477.65,68.24,151.0,0,0,1,7
DNR-01436,5,2748.73,549.75,114.0,0,0,1,5
DNR-01437,5,2272.12,454.42,204.0,0,0,1,5
DNR-01438,7,3554.02,507.72,55.0,0,1,7,7
DNR-01439,8,4755.62,594.45,55.0,0,1,4,8
DNR-01440,12,1528.79,127.4,50.0,0,2,8,11
DNR-01441,3,58.86,19.62,186.0,0,0,2,3
DNR-01442,2,110.96,55.48,501.0,0,0,0,2
DNR-01443,4,597.57,149.39,72.0,0,4,4,4
DNR-01444,5,40511.75,8102.35,97.0,0,0,2,5
DNR-01445,6,925.81,154.3,692.0,0,0,0,6
DNR-01446,2,34695.57,17347.78,268.0,0,0,1,2
DNR-01447,5,1042.04,208.41,60.0,0,1,1,5
DNR-01448,3,162.32,54.11,3.0,3,3,3,3
DNR-01449,5,248.81,49.76,147.0,0,0,1,5
DNR-01450,4,1501.48,375.37,37.0,0,2,4,4
DNR-01451,8,84432.07,10554.01,23.0,1,3,4,8
DNR-01452,1,81.5,81.5,582.0,0,0,0,1
DNR-01453,7,497.28,71.04,101.0,0,0,3,7
DNR-01454,3,165.58,55.19,292.0,0,0,2,3
DNR-01455,6,615.8,102.63,16.0,1,1,1,5
DNR-01456,6,2357.51,392.92,102.0,0,0,2,5
DNR-01457,1,346.01,346.01,150.0,0,0,1,1
DNR-01458,5,439.63,87.93,349.0,0,0,1,5
DNR-01459,7,1137.36,162.48,99.0,0,0,1,7
DNR-01460,4,569.37,142.34,47.0,0,1,4,4
DNR-01461,6,1155.2,192.53,48.0,0,1,6,5
DNR-01462,5,1047.44,209.49,30.0,1,1,4,5
DNR-01463,7,32624.75,4660.68,48.0,0,2,2,7
DNR-01464,7,2098.0,299.71,2.0,1,2,7,7
DNR-01465,6,777.8,129.63,86.0,0,1,6,6
DNR-01466,7,888.26,126.89,22.0,1,1,4,7
DNR-01467,2,49.29,24.65,992.0,0,0,0,2
DNR-01468,5,1212.76,242.55,30.0,1,1,1,5
DNR-01469,9,1865.36,207.26,196.0,0,0,2,9
DNR-01470,4,26772.29,6693.07,64.0,0,1,2,4
DNR-01471,8,6869.27,858.66,227.0,0,0,2,8
DNR-01472,5,946.1,189.22,50.0,0,1,2,5
DNR-01473,6,768.73,128.12,157.0,0,0,1,6
DNR-01474,3,340.12,113.37,5.0,1,1,2,3
DNR-01475,2,8737.35,4368.68,446.0,0,0,0,2
DNR-01476,5,871.39,174.28,57.0,0,1,5,5
DNR-01477,11,1414.38,128.58,125.0,0,0,6,10
DNR-01478,6,821.55,136.92,509.0,0,0,0,6
DNR-01479,4,331.69,82.92,879.0,0,0,0,4
DNR-01480,7,1231.09,175.87,35.0,0,1,4,7
DNR-01481,5,563.35,112.67,34.0,0,3,5,5
DNR-01482,8,2013.49,251.69,11.0,2,3,4,8
DNR-01483,6,436.32,72.72,3.0,1,2,6,6
DNR-01484,3,2061.28,687.09,276.0,0,0,1,3
DNR-01485,3,1899.23,633.08,161.0,0,0,3,3
DNR-01486,7,2252.48,321.78,53.0,0,4,7,7
DNR-01487,5,616.07,123.21,10.0,1,3,5,5
DNR-01488,5,665.85,133.17,110.0,0,0,1,5
DNR-01489,6,681.75,113.62,3.0,3,6,6,4
DNR-01490,5,1027.51,205.5,154.0,0,0,1,5
DNR-01491,2,83.24,41.62,626.0,0,0,0,2
DNR-01492,3,399.05,133.02,420.0,0,0,0,3
DNR-01493,5,292.99,58.6,364.0,0,0,1,5
DNR-01494,10,3801.76,380.18,62.0,0,2,5,10
DNR-01495,4,380.83,95.21,209.0,0,0,2,4
DNR-01496,9,2437.48,270.83,4.0,1,2,7,8
DNR-01497,10,1952.39,195.24,86.0,0,1,1,9
DNR-01498,3,132.37,44.12,16.0,1,1,2,3
DNR-01499,6,632.81,105.47,76.0,0,1,6,6
DNR-01500,4,1053.81,263.45,9.0,1,1,3,4
DNR-01501,4,1311.77,327.94,113.0,0,0,1,4
DNR-01502,2,122.26,61.13,189.0,0,0,2,2
DNR-01503,4,776.4,194.1,190.0,0,0,4,4
DNR-01504,3,1535.88,511.96,236.0,0,0,2,2
DNR-01505,4,439.67,109.92,344.0,0,0,1,4
DNR-01506,2,1558.87,779.44,308.0,0,0,1,2
DNR-01507,2,106.51,53.26,118.0,0,0,1,2
DNR-01508,4,2465.95,616.49,3.0,4,4,4,4
DNR-01509,4,575.34,143.84,12.0,1,1,4,3
DNR-01510,4,1657.3,414.32,214.0,0,0,4,4
DNR-01511,1,36.16,36.16,738.0,0,0,0,1
DNR-01512,3,23407.92,7802.64,217.0,0,0,1,3
DNR-01513,1,37988.26,37988.26,22.0,1,1,1,1
DNR-01514,3,214.06,71.35,22.0,1,1,1,3
DNR-01515,5,1086.36,217.27,22.0,1,5,5,5
DNR-01516,2,49.37,24.68,331.0,0,0,1,2
DNR-01517,7,652.73,93.25,0.0,7,7,7,7
DNR-01518,4,109.64,27.41,222.0,0,0,2,4
DNR-01519,5,290.88,58.18,21.0,1,2,5,5
DNR-01520,5,406.99,81.4,241.0,0,0,2,5
DNR-01521,5,541.52,108.3,33.0,0,1,3,4
DNR-01522,4,692.19,173.05,1.0,4,4,4,4
DNR-01523,3,16420.51,5473.5,56.0,0,2,3,3
DNR-01524,3,62703.29,20901.1,265.0,0,0,1,3
DNR-01525,3,196.24,65.41,257.0,0,0,1,3
DNR-01526,7,2843.64,406.23,149.0,0,0,1,6
DNR-01527,4,394.9,98.72,12.0,3,4,4,4
DNR-01528,5,477.62,95.52,924.0,0,0,0,5
DNR-01529,8,2703.37,337.92,2.0,1,2,3,7
DNR-01530,5,2452.29,490.46,65.0,0,2,3,5
DNR-01531,9,904.1,100.46,7.0,1,1,3,8
DNR-01532,5,904.42,180.88,556.0,0,0,0,5
DNR-01533,7,1513.0,216.14,67.0,0,2,3,7
DNR-01534,7,767.7,109.67,22.0,1,2,3,7
DNR-01535,5,2736.54,547.31,31.0,0,2,5,5
DNR-01536,4,1903.5,475.88,168.0,0,0,2,4
DNR-01537,3,578.73,192.91,255.0,0,0,1,3
DNR-01538,7,642.97,91.85,37.0,0,1,3,7
DNR-01539,2,42.3,21.15,118.0,0,0,2,2
DNR-01540,6,929.38,154.9,20.0,1,1,5,6
DNR-01541,2,96.38,48.19,160.0,0,0,1,2
DNR-01542,3,267.96,89.32,13.0,1,2,3,3
DNR-01543,4,1003.87,250.97,30.0,1,1,2,4
DNR-01544,2,395.58,197.79,196.0,0,0,1,2
DNR-01545,3,567.43,189.14,109.0,0,0,3,3
DNR-01546,4,26275.9,6568.98,433.0,0,0,0,3
DNR-01547,5,2902.81,580.56,367.0,0,0,0,4
DNR-01548,6,43495.64,7249.27,15.0,2,4,6,6
DNR-01549,3,246.81,82.27,7.0,1,1,1,3
DNR-01550,4,623.9,155.98,422.0,0,0,0,4
DNR-01551,8,2556.84,319.6,173.0,0,0,5,8
DNR-01552,3,115.36,38.45,20.0,1,1,3,3
DNR-01553,3,179.81,59.94,72.0,0,1,1,3
DNR-01554,2,156.22,78.11,145.0,0,0,1,2
DNR-01555,4,325.66,81.41,198.0,0,0,2,4
DNR-01556,4,522.23,130.56,505.0,0,0,0,4
DNR-01557,3,75850.36,25283.45,81.0,0,1,3,3
DNR-01558,5,767.57,153.51,52.0,0,1,4,5
DNR-01559,6,344.23,57.37,198.0,0,0,1,5
DNR-01560,8,937.75,117.22,112.0,0,0,2,8
DNR-01561,5,476.09,95.22,443.0,0,0,0,5
DNR-01562,5,256.9,51.38,79.0,0,1,1,5
DNR-01563,3,393.92,131.31,83.0,0,1,3,3
DNR-01564,7,1803.78,257.68,6.0,1,3,5,6
DNR-01565,5,34727.54,6945.51,20.0,2,2,4,5
DNR-01566,2,228.85,114.42,59.0,0,1,2,2
DNR-01567,7,1676.83,239.55,345.0,0,0,1,7
DNR-01568,5,415.93,83.19,52.0,0,1,2,5
DNR-01569,1,7420.67,7420.67,122.0,0,0,1,1
DNR-01570,6,190906.62,31817.77,57.0,0,1,6,5
DNR-01571,9,402.5,44.72,109.0,0,0,6,9
DNR-01572,5,557.41,111.48,8.0,1,5,5,5
DNR-01573,4,59598.55,14899.64,71.0,0,1,1,4
DNR-01574,7,228760.48,32680.07,25.0,2,5,7,7
DNR-01575,2,468.47,234.24,4.0,2,2,2,2
DNR-01576,5,835.3,167.06,229.0,0,0,3,5
DNR-01577,6,2004.23,334.04,222.0,0,0,2,6
DNR-01578,2,441.27,220.64,241.0,0,0,1,2
DNR-01579,6,506.35,84.39,7.0,4,6,6,6
DNR-01580,4,476.01,119.0,278.0,0,0,1,4
DNR-01581,6,477.07,79.51,49.0,0,1,2,6
DNR-01582,9,1291.18,143.46,164.0,0,0,3,8
DNR-01583,10,1302.32,130.23,15.0,3,10,10,9
DNR-01584,3,270.28,90.09,51.0,0,1,3,3
DNR-01585,3,182.55,60.85,327.0,0,0,2,3
DNR-01586,1,35.34,35.34,560.0,0,0,0,1
DNR-01587,6,1439.01,239.84,1.0,3,6,6,6
DNR-01588,3,21223.51,7074.5,87.0,0,1,2,3
DNR-01589,4,291.46,72.87,590.0,0,0,0,4
DNR-01590,8,1455.4,181.92,1.0,1,3,5,8
DNR-01591,4,175.7,43.92,78.0,0,1,4,4
DNR-01592,6,2213.83,368.97,5.0,1,1,2,6
DNR-01593,0,0.0,0.0,,0,0,0,0
DNR-01594,4,256.67,64.17,2.0,2,2,4,4
DNR-01595,4,2635.06,658.76,663.0,0,0,0,4
DNR-01596,4,163.75,40.94,55.0,0,1,4,4
DNR-01597,0,0.0,0.0,,0,0,0,0
DNR-01598,3,427.61,142.54,394.0,0,0,0,3
DNR-01599,5,656.46,131.29,20.0,1,2,5,5
DNR-01600,6,914.91,152.48,540.0,0,0,0,6
DNR-01601,8,1197.93,149.74,6.0,1,1,3,8
DNR-01602,2,113.28,56.64,304.0,0,0,1,2
DNR-01603,6,1100.86,183.48,82.0,0,1,4,6
DNR-01604,3,105.07,35.02,479.0,0,0,0,3
DNR-01605,3,381.27,127.09,705.0,0,0,0,3
DNR-01606,3,354.81,118.27,55.0,0,1,3,3
DNR-01607,3,2358.8,786.27,338.0,0,0,1,3
DNR-01608,9,1316.85,146.32,1.0,2,8,9,9
DNR-01609,8,3176.95,397.12,306.0,0,0,4,8
DNR-01610,6,160403.09,26733.85,58.0,0,1,6,6
DNR-01611,5,1361.38,272.28,114.0,0,0,3,5
DNR-01612,5,933.89,186.78,244.0,0,0,1,5
DNR-01613,7,915.34,130.76,86.0,0,1,3,7
DNR-01614,5,703.53,140.71,28.0,1,1,2,5
DNR-01615,6,32087.13,5347.86,65.0,0,1,6,6
DNR-01616,9,940.62,104.51,38.0,0,1,9,9
DNR-01617,7,822.09,117.44,3.0,5,7,7,7
DNR-01618,3,396.02,132.01,24.0,1,1,1,3
DNR-01619,5,422.1,84.42,367.0,0,0,0,5
DNR-01620,7,3518.6,502.66,1.0,3,7,7,6
DNR-01621,3,151.09,50.36,350.0,0,0,1,3
DNR-01622,1,194.56,194.56,44.0,0,1,1,1
DNR-01623,5,279.57,55.91,84.0,0,1,5,5
DNR-01624,5,2646.14,529.23,136.0,0,0,1,4
DNR-01625,3,255.01,85.0,900.0,0,0,0,3
DNR-01626,5,868.38,173.68,132.0,0,0,2,5
DNR-01627,5,3197.01,639.4,44.0,0,1,2,5
DNR-01628,8,698.81,87.35,54.0,0,1,3,7
DNR-01629,10,1232.7,123.27,63.0,0,1,7,10
DNR-01630,9,4117.21,457.47,16.0,2,3,7,7
DNR-01631,10,4060.18,406.02,1.0,4,10,10,10
DNR-01632,7,1089.44,155.63,4.0,1,1,2,7
DNR-01633,9,2564.31,284.92,11.0,1,1,9,9
DNR-01634,5,730.55,146.11,146.0,0,0,3,5
DNR-01635,6,2947.47,491.25,28.0,1,1,6,6
DNR-01636,6,829.15,138.19,419.0,0,0,0,6
DNR-01637,8,2666.18,333.27,41.0,0,1,1,8
DNR-01638,2,45.95,22.98,80.0,0,1,2,2
DNR-01639,3,622.97,207.66,26.0,1,1,1,3
DNR-01640,4,369.08,92.27,514.0,0,0,0,4
DNR-01641,4,909.61,227.4,101.0,0,0,3,4
DNR-01642,4,568.63,142.16,132.0,0,0,1,4
DNR-01643,13,4491.38,345.49,13.0,1,4,13,12
DNR-01644,5,972.33,194.47,486.0,0,0,0,5
DNR-01645,7,2773.09,396.16,78.0,0,1,6,7
DNR-01646,9,1465.99,162.89,112.0,0,0,2,8
DNR-01647,9,1292.6,143.62,478.0,0,0,0,9
DNR-01648,5,2236.87,447.37,106.0,0,0,2,5
DNR-01649,6,319.03,53.17,69.0,0,1,6,6
DNR-01650,6,2267.86,377.98,94.0,0,0,3,5
DNR-01651,5,141760.56,28352.11,162.0,0,0,2,5
DNR-01652,4,19151.84,4787.96,210.0,0,0,2,4
DNR-01653,6,1212.48,202.08,29.0,1,2,6,6
DNR-01654,4,1638.78,409.7,74.0,0,1,1,4
DNR-01655,3,145.5,48.5,86.0,0,1,2,3
DNR-01656,5,266.25,53.25,96.0,0,0,3,5
DNR-01657,6,3298.69,549.78,32.0,0,1,1,6
DNR-01658,6,3741.14,623.52,220.0,0,0,2,6
DNR-01659,5,685.71,137.14,44.0,0,1,2,5
DNR-01660,6,3925.59,654.26,270.0,0,0,2,5
DNR-01661,5,759.37,151.87,477.0,0,0,0,5
DNR-01662,3,3256.09,1085.36,215.0,0,0,1,3
DNR-01663,5,263.55,52.71,26.0,1,1,5,5
DNR-01664,5,601.54,120.31,155.0,0,0,1,5
DNR-01665,1,441.32,441.32,1183.0,0,0,0,1
DNR-01666,6,34392.66,5732.11,35.0,0,2,3,6
DNR-01667,3,714.18,238.06,25.0,1,2,3,3
DNR-01668,6,29852.12,4975.35,263.0,0,0,2,6
DNR-01669,6,1534.88,255.81,41.0,0,1,3,5
DNR-01670,4,143.76,35.94,79.0,0,2,4,4
DNR-01671,6,2750.9,458.48,21.0,1,3,6,5
DNR-01672,6,2923.95,487.32,130.0,0,0,1,6
DNR-01673,4,431.82,107.96,66.0,0,1,3,4
DNR-01674,7,736.74,105.25,52.0,0,3,6,7
DNR-01675,3,1979.13,659.71,7.0,1,1,3,3
DNR-01676,8,1982.37,247.8,57.0,0,1,1,8
DNR-01677,3,467.34,155.78,65.0,0,2,3,3
DNR-01678,5,694.2,138.84,103.0,0,0,5,5
DNR-01679,9,3523.32,391.48,10.0,1,3,6,9
DNR-01680,6,667.17,111.2,263.0,0,0,2,6
DNR-01681,9,1943.56,215.95,74.0,0,1,8,8
DNR-01682,2,256.84,128.42,156.0,0,0,2,2
DNR-01683,2,3307.28,1653.64,1333.0,0,0,0,2
DNR-01684,2,312.58,156.29,128.0,0,0,1,2
DNR-01685,4,1137.97,284.49,6.0,1,1,4,4
DNR-01686,3,52207.2,17402.4,72.0,0,1,3,3
DNR-01687,5,1952.4,390.48,444.0,0,0,0,5
DNR-01688,6,187426.69,31237.78,462.0,0,0,0,6
DNR-01689,5,43903.36,8780.67,346.0,0,0,1,5
DNR-01690,9,610.05,67.78,1.0,1,2,3,8
DNR-01691,7,3218.97,459.85,104.0,0,0,3,7
DNR-01692,9,3388.84,376.54,3.0,2,2,7,8
DNR-01693,4,516.59,129.15,293.0,0,0,1,3
DNR-01694,5,675.49,135.1,258.0,0,0,3,5
DNR-01695,2,522.36,261.18,130.0,0,0,2,2
DNR-01696,4,133.61,33.4,195.0,0,0,2,4
DNR-01697,1,1831.48,1831.48,1440.0,0,0,0,1
DNR-01698,9,1321.03,146.78,373.0,0,0,0,9
DNR-01699,6,561.95,93.66,63.0,0,1,1,6
DNR-01700,8,42636.92,5329.62,216.0,0,0,6,8
DNR-01701,4,259.74,64.94,305.0,0,0,1,4
DNR-01702,5,1458.37,291.67,2.0,3,5,5,5
DNR-01703,6,777.54,129.59,329.0,0,0,1,6
DNR-01704,11,4691.98,426.54,143.0,0,0,3,11
DNR-01705,5,190.64,38.13,448.0,0,0,0,5
DNR-01706,6,455.58,75.93,94.0,0,0,4,6
DNR-01707,2,80.66,40.33,715.0,0,0,0,2
DNR-01708,5,1217.35,243.47,27.0,1,1,2,4
DNR-01709,9,1472.57,163.62,342.0,0,0,3,9
DNR-01710,5,199.82,39.96,239.0,0,0,3,5
DNR-01711,8,2157.3,269.66,287.0,0,0,1,7
DNR-01712,0,0.0,0.0,,0,0,0,0
DNR-01713,3,134.83,44.94,279.0,0,0,2,3
DNR-01714,6,930.44,155.07,12.0,1,2,6,6
DNR-01715,7,1830.46,261.49,320.0,0,0,1,7
DNR-01716,8,32973.75,4121.72,319.0,0,0,2,8
DNR-01717,5,1089.32,217.86,380.0,0,0,0,5
DNR-01718,4,921.62,230.4,123.0,0,0,1,3
DNR-01719,8,4063.38,507.92,55.0,0,4,8,8
DNR-01720,2,47.84,23.92,79.0,0,1,2,2
DNR-01721,9,3061.03,340.11,50.0,0,1,4,9
DNR-01722,6,753.69,125.62,333.0,0,0,1,6
DNR-01723,6,1376.62,229.44,12.0,1,2,5,6
DNR-01724,5,130206.76,26041.35,37.0,0,1,1,5
DNR-01725,5,1521.38,304.28,6.0,5,5,5,5
DNR-01726,3,187.48,62.49,200.0,0,0,3,3
DNR-01727,8,2144.93,268.12,99.0,0,0,2,7
DNR-01728,8,1044.29,130.54,79.0,0,1,2,8
DNR-01729,6,1096.2,182.7,49.0,0,2,3,6
DNR-01730,4,694.11,173.53,274.0,0,0,1,4
DNR-01731,5,75075.9,15015.18,242.0,0,0,3,5
DNR-01732,5,568.83,113.77,253.0,0,0,2,5
DNR-01733,6,516.89,86.15,35.0,0,1,1,6
DNR-01734,12,4033.63,336.14,344.0,0,0,1,10
DNR-01735,1,71.71,71.71,1120.0,0,0,0,1
DNR-01736,6,81058.63,13509.77,0.0,1,2,6,6
DNR-01737,1,62.8,62.8,649.0,0,0,0,1
DNR-01738,8,36794.85,4599.36,43.0,0,1,2,8
DNR-01739,3,153.36,51.12,47.0,0,1,1,3
DNR-01740,2,451.35,225.68,19.0,1,1,1,2
DNR-01741,5,409.66,81.93,14.0,1,1,5,5
DNR-01742,6,311.87,51.98,7.0,1,1,1,5
DNR-01743,3,49582.05,16527.35,38.0,0,1,3,3
DNR-01744,4,320.43,80.11,105.0,0,0,2,4
DNR-01745,2,17027.21,8513.6,459.0,0,0,0,2
DNR-01746,7,858.69,122.67,33.0,0,1,3,7
DNR-01747,4,669.89,167.47,13.0,4,4,4,4
DNR-01748,1,2162.71,2162.71,18.0,1,1,1,1
DNR-01749,4,69.05,17.26,5.0,1,1,1,4
DNR-01750,8,1570.0,196.25,329.0,0,0,1,8
DNR-01751,7,93640.76,13377.25,5.0,3,7,7,7
DNR-01752,2,107.85,53.92,65.0,0,1,1,2
DNR-01753,2,105.38,52.69,276.0,0,0,2,2
DNR-01754,5,519.33,103.87,131.0,0,0,2,5
DNR-01755,1,46.11,46.11,114.0,0,0,1,1
DNR-01756,5,463.03,92.61,165.0,0,0,3,5
DNR-01757,2,378.58,189.29,1177.0,0,0,0,2
DNR-01758,7,2576.89,368.13,9.0,1,3,7,6
DNR-01759,8,1507.55,188.44,10.0,4,8,8,7
DNR-01760,4,1787.65,446.91,66.0,0,2,2,4
DNR-01761,2,547.6,273.8,120.0,0,0,2,2
DNR-01762,4,749.64,187.41,231.0,0,0,1,3
DNR-01763,6,2947.91,491.32,248.0,0,0,2,6
DNR-01764,5,272.65,54.53,267.0,0,0,3,5
DNR-01765,8,1468.33,183.54,71.0,0,1,3,8
DNR-01766,5,285.28,57.06,226.0,0,0,3,5
DNR-01767,3,155.92,51.97,55.0,0,1,1,3
DNR-01768,4,142940.59,35735.15,21.0,2,3,4,4
DNR-01769,5,606.89,121.38,67.0,0,1,5,5
DNR-01770,6,2610.22,435.04,52.0,0,1,2,6
DNR-01771,5,353.15,70.63,299.0,0,0,1,5
DNR-01772,4,239.91,59.98,428.0,0,0,0,4
DNR-01773,5,288.06,57.61,173.0,0,0,1,5
DNR-01774,5,587.16,117.43,247.0,0,0,2,5
DNR-01775,5,475.45,95.09,637.0,0,0,0,4
DNR-01776,5,2033.56,406.71,70.0,0,1,4,5
DNR-01777,3,1844.3,614.77,183.0,0,0,1,3
DNR-01778,7,82629.31,11804.19,176.0,0,0,5,7
DNR-01779,4,1069.18,267.3,241.0,0,0,3,4
DNR-01780,8,2838.03,354.75,59.0,0,1,3,8
DNR-01781,5,121542.85,24308.57,603.0,0,0,0,5
DNR-01782,11,6263.86,569.44,66.0,0,1,2,11
DNR-01783,2,1389.31,694.66,12.0,1,2,2,2
DNR-01784,3,2206.38,735.46,33.0,0,1,1,3
DNR-01785,7,3763.15,537.59,23.0,1,1,5,7
DNR-01786,8,1910.59,238.82,5.0,3,8,8,7
DNR-01787,8,3428.93,428.62,35.0,0,3,8,7
DNR-01788,4,230.36,57.59,307.0,0,0,1,4
DNR-01789,4,641.81,160.45,50.0,0,1,1,4
DNR-01790,6,620.45,103.41,5.0,4,5,6,6
DNR-01791,8,1351.65,168.96,0.0,2,5,8,8
DNR-01792,4,672.88,168.22,269.0,0,0,1,4
DNR-01793,3,590.13,196.71,35.0,0,1,3,3
DNR-01794,6,902.69,150.45,38.0,0,5,6,6
DNR-01795,5,604.37,120.87,122.0,0,0,4,5
DNR-01796,8,843.93,105.49,159.0,0,0,5,8
DNR-01797,4,66747.08,16686.77,266.0,0,0,2,4
DNR-01798,3,211.66,70.55,176.0,0,0,1,3
DNR-01799,2,401.89,200.94,6.0,1,1,1,2
DNR-01800,2,93.18,46.59,156.0,0,0,1,2
DNR-01801,5,257.21,51.44,306.0,0,0,1,5
DNR-01802,7,4680.17,668.6,186.0,0,0,6,7
DNR-01803,4,664.17,166.04,164.0,0,0,1,4
DNR-01804,5,1351.16,270.23,549.0,0,0,0,5
DNR-01805,4,1821.71,455.43,88.0,0,1,4,4
DNR-01806,7,690.72,98.67,241.0,0,0,2,7
DNR-01807,12,5948.69,495.72,10.0,4,8,12,12
DNR-01808,5,514.62,102.92,179.0,0,0,4,5
DNR-01809,4,1493.95,373.49,5.0,1,1,3,4
DNR-01810,5,464.47,92.89,341.0,0,0,2,5
DNR-01811,6,33276.28,5546.05,125.0,0,0,2,6
DNR-01812,6,1799.39,299.9,143.0,0,0,3,6
DNR-01813,4,1336.84,334.21,91.0,0,0,3,3
DNR-01814,9,3891.5,432.39,43.0,0,1,9,7
DNR-01815,2,182.84,91.42,237.0,0,0,1,2
DNR-01816,5,264.39,52.88,16.0,1,1,2,4
DNR-01817,3,1944.51,648.17,37.0,0,1,1,3
DNR-01818,4,270.22,67.56,217.0,0,0,2,4
DNR-01819,6,475.39,79.23,152.0,0,0,2,5
DNR-01820,6,27331.08,4555.18,306.0,0,0,1,6
DNR-01821,7,1095.63,156.52,3.0,2,2,2,7
DNR-01822,1,562.19,562.19,530.0,0,0,0,1
DNR-01823,6,2729.55,454.92,161.0,0,0,3,6
DNR-01824,3,2757.6,919.2,128.0,0,0,2,3
DNR-01825,4,213.13,53.28,65.0,0,1,4,3
DNR-01826,6,1018.51,169.75,192.0,0,0,2,6
DNR-01827,3,128.64,42.88,10.0,1,1,3,3
DNR-01828,4,2487.07,621.77,49.0,0,1,1,4
DNR-01829,3,269.3,89.77,474.0,0,0,0,3
DNR-01830,7,2322.39,331.77,240.0,0,0,2,6
DNR-01831,8,657.06,82.13,75.0,0,1,4,7
DNR-01832,7,1512.32,216.05,24.0,1,3,7,7
DNR-01833,5,521.46,104.29,23.0,1,2,5,5
DNR-01834,4,101405.17,25351.29,387.0,0,0,0,4
DNR-01835,4,19733.18,4933.3,90.0,0,1,3,4
DNR-01836,3,1121.45,373.82,208.0,0,0,3,3
DNR-01837,5,1184.17,236.83,0.0,1,1,2,5
DNR-01838,7,1938.96,276.99,318.0,0,0,4,7
DNR-01839,6,1837.86,306.31,320.0,0,0,1,6
DNR-01840,3,2114.19,704.73,13.0,1,1,3,3
DNR-01841,3,2152.09,717.36,663.0,0,0,0,3
DNR-01842,4,648.43,162.11,178.0,0,0,2,4
DNR-01843,6,379.59,63.26,30.0,1,5,6,6
DNR-01844,6,2720.06,453.34,9.0,4,6,6,6
DNR-01845,5,774.54,154.91,67.0,0,2,5,5
DNR-01846,2,577.61,288.8,416.0,0,0,0,2
DNR-01847,6,1105.86,184.31,16.0,2,2,4,6
DNR-01848,6,707.38,117.9,63.0,0,1,1,6
DNR-01849,5,520.91,104.18,355.0,0,0,1,5
DNR-01850,3,2297.54,765.85,43.0,0,1,1,3
DNR-01851,5,313.62,62.72,105.0,0,0,2,5
DNR-01852,1,28.83,28.83,162.0,0,0,1,1
DNR-01853,3,414.59,138.2,101.0,0,0,3,3
DNR-01854,6,2413.97,402.33,96.0,0,0,2,6
DNR-01855,3,840.88,280.29,528.0,0,0,0,3
DNR-01856,7,411.03,58.72,157.0,0,0,1,7
DNR-01857,7,93602.76,13371.82,23.0,2,2,3,7
DNR-01858,8,1650.95,206.37,728.0,0,0,0,8
DNR-01859,1,92.64,92.64,1169.0,0,0,0,1
DNR-01860,12,1593.63,132.8,267.0,0,0,2,10
DNR-01861,8,2849.07,356.13,134.0,0,0,4,8
DNR-01862,6,4593.49,765.58,223.0,0,0,1,6
DNR-01863,7,731.88,104.55,249.0,0,0,2,7
DNR-01864,5,2130.18,426.04,16.0,1,1,2,5
DNR-01865,7,3004.27,429.18,530.0,0,0,0,7
DNR-01866,6,4976.2,829.37,22.0,1,2,5,6
DNR-01867,4,24687.91,6171.98,182.0,0,0,3,4
DNR-01868,9,774.57,86.06,133.0,0,0,3,9
DNR-01869,3,484.04,161.35,166.0,0,0,1,3
DNR-01870,4,245.16,61.29,73.0,0,1,2,3
DNR-01871,5,346.95,69.39,151.0,0,0,3,5
DNR-01872,4,562.27,140.57,397.0,0,0,0,4
DNR-01873,4,1984.26,496.06,29.0,1,1,2,4
DNR-01874,4,3700.09,925.02,494.0,0,0,0,4
DNR-01875,5,2495.75,499.15,20.0,1,3,5,5
DNR-01876,4,195.7,48.92,35.0,0,1,1,4
DNR-01877,6,4700.89,783.48,21.0,1,1,1,6
DNR-01878,7,1008.03,144.0,127.0,0,0,2,6
DNR-01879,4,1419.22,354.8,134.0,0,0,4,4
DNR-01880,4,28035.64,7008.91,1077.0,0,0,0,3
DNR-01881,5,1648.44,329.69,368.0,0,0,0,4
DNR-01882,7,2883.52,411.93,5.0,1,7,7,7
DNR-01883,7,812.86,116.12,22.0,1,2,4,6
DNR-01884,4,932.18,233.04,21.0,1,1,1,3
DNR-01885,6,524.14,87.36,135.0,0,0,2,6
DNR-01886,3,2254.82,751.61,683.0,0,0,0,3
DNR-01887,4,493.13,123.28,320.0,0,0,1,4
DNR-01888,3,580.45,193.48,627.0,0,0,0,3
DNR-01889,12,65931.73,5494.31,16.0,4,8,12,12
DNR-01890,8,633.87,79.23,67.0,0,2,2,7
DNR-01891,4,2038.36,509.59,0.0,1,1,3,4
DNR-01892,4,724.07,181.02,47.0,0,1,1,4
DNR-01893,8,1340.51,167.56,68.0,0,3,8,8
DNR-01894,7,747.18,106.74,30.0,1,2,7,6
DNR-01895,3,2527.83,842.61,17.0,1,1,3,3
DNR-01896,2,165.86,82.93,694.0,0,0,0,2
DNR-01897,6,1164.14,194.02,86.0,0,1,1,6
DNR-01898,7,975.28,139.33,164.0,0,0,4,6
DNR-01899,5,517.25,103.45,156.0,0,0,3,5
DNR-01900,6,2441.05,406.84,287.0,0,0,1,6
DNR-01901,6,1213.04,202.17,5.0,2,6,6,6
DNR-01902,2,137.57,68.78,217.0,0,0,2,2
DNR-01903,6,427.22,71.2,81.0,0,1,1,6
DNR-01904,3,386.82,128.94,1.0,1,2,3,3
DNR-01905,5,1996.92,399.38,37.0,0,5,5,5
DNR-01906,8,2534.27,316.78,6.0,3,8,8,8
DNR-01907,2,95.01,47.5,1132.0,0,0,0,2
DNR-01908,5,3978.93,795.79,43.0,0,1,1,5
DNR-01909,4,657.08,164.27,14.0,2,2,4,4
DNR-01910,4,943.03,235.76,78.0,0,1,2,4
DNR-01911,2,713.89,356.95,10.0,1,1,1,2
DNR-01912,4,1976.56,494.14,27.0,1,1,2,4
DNR-01913,4,563.64,140.91,44.0,0,1,4,4
DNR-01914,3,599.21,199.74,37.0,0,1,2,3
DNR-01915,3,2234.11,744.7,221.0,0,0,2,3
DNR-01916,7,2107.89,301.13,52.0,0,5,7,7
DNR-01917,6,1383.97,230.66,81.0,0,2,4,6
DNR-01918,2,80.51,40.25,28.0,1,1,1,2
DNR-01919,7,4424.54,632.08,319.0,0,0,1,7
DNR-01920,9,1492.99,165.89,487.0,0,0,0,9
DNR-01921,9,1664.76,184.97,95.0,0,0,9,9
DNR-01922,8,3150.42,393.8,275.0,0,0,2,8
DNR-01923,2,111.24,55.62,22.0,1,1,1,2
DNR-01924,2,78.99,39.5,675.0,0,0,0,2
DNR-01925,5,586.44,117.29,519.0,0,0,0,4
DNR-01926,7,34404.38,4914.91,119.0,0,0,1,7
DNR-01927,4,2866.87,716.72,98.0,0,0,3,3
DNR-01928,10,127638.0,12763.8,36.0,0,1,6,9
DNR-01929,6,4555.42,759.24,52.0,0,1,5,6
DNR-01930,4,867.39,216.85,193.0,0,0,3,4
DNR-01931,8,3260.49,407.56,36.0,0,1,8,8
DNR-01932,7,25412.31,3630.33,8.0,1,2,3,7
DNR-01933,4,21089.74,5272.44,35.0,0,1,2,4
DNR-01934,5,294.28,58.86,214.0,0,0,4,5
DNR-01935,3,312.95,104.32,85.0,0,1,2,3
DNR-01936,4,1007.4,251.85,81.0,0,1,2,4
DNR-01937,5,936.78,187.36,128.0,0,0,2,5
DNR-01938,8,1275.62,159.45,3.0,2,6,8,8
DNR-01939,7,42189.48,6027.07,2.0,1,1,3,7
DNR-01940,4,15145.53,3786.38,0.0,4,4,4,4
DNR-01941,2,264.64,132.32,201.0,0,0,2,2
DNR-01942,4,826.36,206.59,4.0,1,1,3,4
DNR-01943,5,847.46,169.49,364.0,0,0,1,5
DNR-01944,6,2339.81,389.97,0.0,1,3,6,5
DNR-01945,6,734.36,122.39,313.0,0,0,1,6
DNR-01946,6,3175.14,529.19,20.0,1,1,1,6
DNR-01947,2,136.82,68.41,712.0,0,0,0,2
DNR-01948,7,1340.4,191.49,45.0,0,2,7,6
DNR-01949,4,61372.67,15343.17,145.0,0,0,4,4
DNR-01950,5,4790.37,958.07,161.0,0,0,1,5
DNR-01951,8,399.61,49.95,6.0,4,6,8,8
DNR-01952,8,376.65,47.08,4.0,1,1,3,8
DNR-01953,3,3740.63,1246.88,680.0,0,0,0,3
DNR-01954,7,1293.02,184.72,11.0,1,3,6,7
DNR-01955,4,368.48,92.12,42.0,0,2,2,4
DNR-01956,7,359.43,51.35,36.0,0,2,2,7
DNR-01957,5,4075.08,815.02,141.0,0,0,1,5
DNR-01958,6,636.04,106.01,354.0,0,0,1,6
DNR-01959,3,867.62,289.21,39.0,0,1,3,3
DNR-01960,1,92.07,92.07,715.0,0,0,0,1
DNR-01961,4,273.69,68.42,203.0,0,0,1,4
DNR-01962,5,498.24,99.65,1.0,2,5,5,5
DNR-01963,3,569.21,189.74,79.0,0,1,3,3
DNR-01964,5,727.49,145.5,11.0,1,3,5,4
DNR-01965,7,349.56,49.94,201.0,0,0,3,7
DNR-01966,6,1522.0,253.67,41.0,0,1,4,6
DNR-01967,6,762.99,127.16,68.0,0,1,2,6
DNR-01968,3,2401.5,800.5,494.0,0,0,0,3
DNR-01969,7,1023.71,146.24,77.0,0,1,2,7
DNR-01970,6,519.94,86.66,32.0,0,1,1,6
DNR-01971,2,8761.35,4380.68,97.0,0,0,2,2
DNR-01972,9,2601.25,289.03,4.0,3,5,9,8
DNR-01973,5,555.39,111.08,20.0,1,1,2,5
DNR-01974,6,1470.95,245.16,130.0,0,0,2,5
DNR-01975,3,171.15,57.05,1161.0,0,0,0,3
DNR-01976,2,14537.76,7268.88,750.0,0,0,0,2
DNR-01977,5,367.42,73.48,783.0,0,0,0,5
DNR-01978,3,173.5,57.83,457.0,0,0,0,3
DNR-01979,7,32504.02,4643.43,261.0,0,0,3,7
DNR-01980,4,25157.16,6289.29,117.0,0,0,2,4
DNR-01981,5,441.79,88.36,4.0,1,2,5,5
DNR-01982,1,19.31,19.31,924.0,0,0,0,1
DNR-01983,3,404.56,134.85,662.0,0,0,0,2
DNR-01984,7,1269.36,181.34,25.0,1,1,3,6
DNR-01985,6,689.43,114.91,208.0,0,0,1,6
DNR-01986,6,1674.74,279.12,291.0,0,0,2,6
DNR-01987,8,2941.11,367.64,6.0,1,1,4,8
DNR-01988,7,423.78,60.54,45.0,0,1,4,7
DNR-01989,4,999.22,249.8,0.0,3,4,4,4
DNR-01990,5,831.23,166.25,4.0,4,5,5,5
DNR-01991,11,3355.91,305.08,69.0,0,1,3,10
DNR-01992,8,2360.94,295.12,52.0,0,1,6,8
DNR-01993,6,2429.57,404.93,289.0,0,0,2,5
DNR-01994,8,2332.98,291.62,52.0,0,1,5,8
DNR-01995,2,57.26,28.63,960.0,0,0,0,2
DNR-01996,2,1239.74,619.87,682.0,0,0,0,2
DNR-01997,6,568.19,94.7,76.0,0,4,6,5
DNR-01998,5,596.98,119.4,26.0,1,3,5,5
DNR-01999,4,752.06,188.02,33.0,0,1,1,4
DNR-02000,5,2745.88,549.18,106.0,0,0,4,5
DNR-02001,6,32794.29,5465.72,26.0,1,2,6,6
DNR-02002,10,54912.84,5491.28,113.0,0,0,4,8
DNR-02003,11,5036.83,457.89,53.0,0,2,6,10
DNR-02004,3,529.37,176.46,72.0,0,2,3,3
DNR-02005,8,147078.96,18384.87,119.0,0,0,4,8
DNR-02006,6,30100.39,5016.73,196.0,0,0,1,6
DNR-02007,4,572.08,143.02,133.0,0,0,3,4
DNR-02008,9,4109.7,456.63,128.0,0,0,3,9
DNR-02009,4,7683.53,1920.88,37.0,0,2,4,4
DNR-02010,7,751.87,107.41,23.0,1,1,4,7
DNR-02011,7,3675.98,525.14,134.0,0,0,3,7
DNR-02012,7,871.14,124.45,263.0,0,0,2,7
DNR-02013,7,690.38,98.63,20.0,1,2,7,6
DNR-02014,8,1220.57,152.57,70.0,0,1,1,8
DNR-02015,1,31777.01,31777.01,348.0,0,0,1,1
DNR-02016,8,3068.12,383.52,37.0,0,2,8,8
DNR-02017,3,263.11,87.7,15.0,1,1,2,3
DNR-02018,3,147.6,49.2,162.0,0,0,2,3
DNR-02019,4,143322.89,35830.72,491.0,0,0,0,4
DNR-02020,0,0.0,0.0,,0,0,0,0
DNR-02021,4,379.51,94.88,943.0,0,0,0,4
DNR-02022,4,1856.62,464.16,54.0,0,1,1,4
DNR-02023,6,512.36,85.39,13.0,1,2,4,6
DNR-02024,4,214.59,53.65,229.0,0,0,2,4
DNR-02025,3,2141.04,713.68,5.0,1,1,1,3
DNR-02026,7,1863.26,266.18,1.0,3,4,7,7
DNR-02027,3,139.33,46.44,937.0,0,0,0,3
DNR-02028,2,164.91,82.46,68.0,0,1,1,2
DNR-02029,3,448.62,149.54,143.0,0,0,2,3
DNR-02030,5,30021.71,6004.34,621.0,0,0,0,5
DNR-02031,2,344.0,172.0,179.0,0,0,2,2
DNR-02032,5,814.27,162.85,138.0,0,0,4,5
DNR-02033,5,474.78,94.96,72.0,0,1,5,5
DNR-02034,3,65908.14,21969.38,23.0,2,3,3,3
DNR-02035,3,134.19,44.73,19.0,2,2,3,3
DNR-02036,6,569.53,94.92,21.0,1,1,2,5
DNR-02037,3,52638.12,17546.04,142.0,0,0,2,3
DNR-02038,2,1534.47,767.24,650.0,0,0,0,2
DNR-02039,5,1730.2,346.04,8.0,1,3,5,5
DNR-02040,6,2024.62,337.44,306.0,0,0,1,6
DNR-02041,9,868.35,96.48,32.0,0,2,4,8
DNR-02042,2,115.12,57.56,98.0,0,0,2,2
DNR-02043,5,17377.35,3475.47,431.0,0,0,0,5
DNR-02044,3,382.18,127.39,460.0,0,0,0,3
DNR-02045,6,2246.55,374.42,484.0,0,0,0,5
DNR-02046,0,0.0,0.0,,0,0,0,0
DNR-02047,4,2620.42,655.1,125.0,0,0,1,4
DNR-02048,4,264.03,66.01,157.0,0,0,1,4
DNR-02049,8,615.22,76.9,24.0,1,2,8,8
DNR-02050,2,102.12,51.06,618.0,0,0,0,2
DNR-02051,11,4515.22,410.47,55.0,0,1,3,10
DNR-02052,4,16837.32,4209.33,8.0,1,2,2,4
DNR-02053,2,243.35,121.68,37.0,0,1,2,2
DNR-02054,5,477.37,95.47,14.0,1,1,1,5
DNR-02055,5,1063.7,212.74,177.0,0,0,2,5
DNR-02056,5,15825.1,3165.02,355.0,0,0,1,5
DNR-02057,8,5105.1,638.14,22.0,1,1,7,8
DNR-02058,5,1954.59,390.92,23.0,1,1,5,5
DNR-02059,6,717.7,119.62,7.0,1,2,4,6
DNR-02060,6,472.9,78.82,259.0,0,0,1,6
DNR-02061,9,2428.2,269.8,47.0,0,2,8,8
DNR-02062,1,441.78,441.78,447.0,0,0,0,1
DNR-02063,2,504.64,252.32,874.0,0,0,0,2
DNR-02064,6,43886.47,7314.41,335.0,0,0,1,6
DNR-02065,7,921.97,131.71,107.0,0,0,4,7
DNR-02066,5,377.19,75.44,13.0,2,2,5,5
DNR-02067,5,217.48,43.5,502.0,0,0,0,5
DNR-02068,5,812.19,162.44,34.0,0,1,3,5
DNR-02069,6,24557.71,4092.95,397.0,0,0,0,6
DNR-02070,5,1720.25,344.05,2.0,1,1,4,5
DNR-02071,5,282.2,56.44,33.0,0,3,5,5
DNR-02072,11,1696.11,154.19,54.0,0,2,3,10
DNR-02073,7,575.24,82.18,25.0,1,3,7,6
DNR-02074,4,1360.78,340.2,114.0,0,0,2,4
DNR-02075,4,837.93,209.48,89.0,0,1,1,4
DNR-02076,6,1772.05,295.34,218.0,0,0,2,6
DNR-02077,2,92.99,46.5,509.0,0,0,0,2
DNR-02078,7,83947.53,11992.5,73.0,0,1,4,7
DNR-02079,8,2150.84,268.86,394.0,0,0,0,8
DNR-02080,5,939.83,187.97,28.0,1,2,4,5
DNR-02081,2,121.39,60.69,17.0,1,2,2,2
DNR-02082,8,777.96,97.24,384.0,0,0,0,7
DNR-02083,6,976.04,162.67,454.0,0,0,0,6
DNR-02084,2,13307.52,6653.76,50.0,0,1,1,2
DNR-02085,6,70419.38,11736.56,248.0,0,0,1,6
DNR-02086,4,1848.5,462.12,14.0,1,1,4,4
DNR-02087,2,84.55,42.28,529.0,0,0,0,2
DNR-02088,2,73.78,36.89,189.0,0,0,1,2
DNR-02089,7,1672.71,238.96,13.0,1,1,4,7
DNR-02090,3,776.51,258.84,39.0,0,1,3,3
DNR-02091,6,475.32,79.22,23.0,1,1,2,6
DNR-02092,5,2640.79,528.16,1.0,3,5,5,5
DNR-02093,7,1058.16,151.17,399.0,0,0,0,7
DNR-02094,6,497.33,82.89,229.0,0,0,2,6
DNR-02095,2,77.5,38.75,440.0,0,0,0,2
DNR-02096,3,547.47,182.49,5.0,1,2,3,3
DNR-02097,8,734.91,91.86,178.0,0,0,3,8
DNR-02098,2,647.27,323.64,103.0,0,0,1,2
DNR-02099,3,19643.47,6547.82,91.0,0,0,3,3
DNR-02100,4,2687.78,671.94,65.0,0,1,1,4
DNR-02101,2,246.38,123.19,379.0,0,0,0,2
DNR-02102,2,16334.68,8167.34,37.0,0,1,1,2
DNR-02103,7,2521.3,360.19,52.0,0,1,3,7
DNR-02104,3,224.53,74.84,364.0,0,0,1,3
DNR-02105,9,3935.89,437.32,53.0,0,1,3,8
DNR-02106,5,597.68,119.54,13.0,1,2,5,5
DNR-02107,5,650.21,130.04,132.0,0,0,3,5
DNR-02108,3,214.16,71.39,43.0,0,1,3,3
DNR-02109,5,1312.53,262.51,11.0,1,2,3,5
DNR-02110,5,1495.8,299.16,117.0,0,0,1,5
DNR-02111,0,0.0,0.0,,0,0,0,0
DNR-02112,7,585.49,83.64,1.0,2,3,7,6
DNR-02113,2,514.44,257.22,117.0,0,0,2,2
DNR-02114,3,163.15,54.38,871.0,0,0,0,2
DNR-02115,3,1606.9,535.63,1220.0,0,0,0,3
DNR-02116,5,1174.27,234.85,52.0,0,1,1,5
DNR-02117,1,82.93,82.93,397.0,0,0,0,1
DNR-02118,7,1206.38,172.34,2.0,4,7,7,7
DNR-02119,6,361.37,60.23,138.0,0,0,2,6
DNR-02120,1,54.64,54.64,718.0,0,0,0,1
DNR-02121,4,497.16,124.29,107.0,0,0,1,3
DNR-02122,9,45058.88,5006.54,191.0,0,0,1,9
DNR-02123,2,77.24,38.62,269.0,0,0,1,2
DNR-02124,6,41131.53,6855.26,111.0,0,0,2,6
DNR-02125,7,1293.75,184.82,187.0,0,0,1,7
DNR-02126,8,3068.42,383.55,162.0,0,0,4,8
DNR-02127,6,340.93,56.82,558.0,0,0,0,6
DNR-02128,8,1243.83,155.48,28.0,1,1,4,7
DNR-02129,3,130.46,43.49,230.0,0,0,1,3
DNR-02130,8,1175.92,146.99,35.0,0,1,2,7
DNR-02131,7,445.75,63.68,70.0,0,1,2,7
DNR-02132,5,1142.01,228.4,2.0,1,1,3,5
DNR-02133,6,663.05,110.51,3.0,2,5,6,6
DNR-02134,1,33.41,33.41,330.0,0,0,1,1
DNR-02135,5,19619.13,3923.83,654.0,0,0,0,5
DNR-02136,6,1350.25,225.04,68.0,0,1,4,6
DNR-02137,2,162.21,81.1,660.0,0,0,0,2
DNR-02138,10,3119.1,311.91,11.0,2,2,10,10
DNR-02139,3,982.51,327.5,53.0,0,1,3,3
DNR-02140,6,702.34,117.06,560.0,0,0,0,6
DNR-02141,1,12.89,12.89,741.0,0,0,0,1
DNR-02142,6,878.46,146.41,5.0,3,4,6,6
DNR-02143,2,102.92,51.46,44.0,0,2,2,2
DNR-02144,6,64031.44,10671.91,15.0,1,2,3,6
DNR-02145,5,2331.59,466.32,73.0,0,1,1,5
DNR-02146,5,38100.27,7620.05,1.0,2,4,5,5
DNR-02147,4,306.3,76.58,8.0,1,2,4,4
DNR-02148,6,75585.06,12597.51,13.0,4,6,6,6
DNR-02149,5,748.18,149.64,92.0,0,0,2,5
DNR-02150,4,1073.96,268.49,126.0,0,0,1,4
DNR-02151,6,902.82,150.47,73.0,0,1,2,6
DNR-02152,7,2539.52,362.79,149.0,0,0,3,7
DNR-02153,7,2839.97,405.71,225.0,0,0,2,7
DNR-02154,5,436.12,87.22,24.0,1,2,5,5
DNR-02155,6,365.59,60.93,29.0,1,1,1,6
DNR-02156,7,41632.13,5947.45,5.0,3,7,7,7
DNR-02157,6,4506.88,751.15,84.0,0,1,6,6
DNR-02158,6,275.08,45.85,10.0,1,2,6,6
DNR-02159,5,322.38,64.48,219.0,0,0,1,5
DNR-02160,2,93.62,46.81,158.0,0,0,2,2
DNR-02161,6,773.68,128.95,111.0,0,0,2,6
DNR-02162,3,436.57,145.52,406.0,0,0,0,3
DNR-02163,3,109.12,36.37,186.0,0,0,1,3
DNR-02164,4,821.24,205.31,180.0,0,0,2,4
DNR-02165,3,77978.45,25992.82,248.0,0,0,1,3
DNR-02166,4,33512.38,8378.1,23.0,1,1,2,4
DNR-02167,4,611.9,152.98,780.0,0,0,0,4
DNR-02168,7,1001.98,143.14,665.0,0,0,0,7
DNR-02169,4,512.66,128.16,17.0,2,2,4,4
DNR-02170,2,77864.09,38932.04,853.0,0,0,0,2
DNR-02171,7,749.12,107.02,26.0,1,2,6,7
DNR-02172,6,605.76,100.96,31.0,0,4,6,6
DNR-02173,1,12.35,12.35,603.0,0,0,0,1
DNR-02174,2,60513.64,30256.82,156.0,0,0,2,2
DNR-02175,3,2615.26,871.75,96.0,0,0,1,3
DNR-02176,6,2017.8,336.3,277.0,0,0,1,6
DNR-02177,6,375.3,62.55,109.0,0,0,4,6
DNR-02178,4,290.72,72.68,665.0,0,0,0,4
DNR-02179,5,18498.99,3699.8,52.0,0,1,3,5
DNR-02180,5,563.57,112.71,165.0,0,0,4,5
DNR-02181,8,1454.65,181.83,296.0,0,0,2,8
DNR-02182,4,817.5,204.38,207.0,0,0,2,4
DNR-02183,7,2048.6,292.66,18.0,1,2,6,7
DNR-02184,5,1320.75,264.15,11.0,1,1,2,5
DNR-02185,1,23.82,23.82,4.0,1,1,1,1
DNR-02186,7,809.47,115.64,327.0,0,0,1,7
DNR-02187,7,1911.47,273.07,50.0,0,1,3,7
DNR-02188,8,34832.27,4354.03,30.0,1,2,8,8
DNR-02189,3,203.66,67.89,47.0,0,2,3,3
DNR-02190,8,2511.23,313.9,284.0,0,0,2,8
DNR-02191,1,90.55,90.55,911.0,0,0,0,1
DNR-02192,5,1491.65,298.33,54.0,0,1,2,5
DNR-02193,4,4059.43,1014.86,48.0,0,2,2,4
DNR-02194,4,217.81,54.45,79.0,0,1,1,4
DNR-02195,3,653.4,217.8,43.0,0,1,2,3
DNR-02196,2,67.34,33.67,128.0,0,0,2,2
DNR-02197,6,81119.76,13519.96,298.0,0,0,1,6
DNR-02198,8,616.31,77.04,52.0,0,1,8,8
DNR-02199,4,99747.83,24936.96,557.0,0,0,0,4
DNR-02200,1,14.3,14.3,149.0,0,0,1,1
DNR-02201,5,79525.29,15905.06,56.0,0,2,3,5
DNR-02202,8,33089.16,4136.15,89.0,0,1,3,8
DNR-02203,5,210.94,42.19,34.0,0,2,3,5
DNR-02204,7,1810.02,258.57,36.0,0,1,5,7
DNR-02205,4,236.6,59.15,66.0,0,1,2,4
DNR-02206,3,95.06,31.69,233.0,0,0,2,3
DNR-02207,10,70063.66,7006.37,151.0,0,0,3,10
DNR-02208,7,172771.46,24681.64,311.0,0,0,1,7
DNR-02209,4,258.55,64.64,155.0,0,0,2,4
DNR-02210,3,145.88,48.63,63.0,0,1,3,3
DNR-02211,8,843.22,105.4,10.0,1,3,8,8
DNR-02212,9,401.9,44.66,3.0,3,8,9,9
DNR-02213,7,1273.72,181.96,62.0,0,1,1,6
DNR-02214,9,4259.95,473.33,41.0,0,6,9,7
DNR-02215,7,1402.8,200.4,70.0,0,2,6,7
DNR-02216,6,1506.9,251.15,54.0,0,1,4,6
DNR-02217,9,1111.13,123.46,15.0,1,1,2,9
DNR-02218,2,92.68,46.34,27.0,1,2,2,2
DNR-02219,8,1251.0,156.38,60.0,0,1,5,8
DNR-02220,8,8151.62,1018.95,306.0,0,0,1,8
DNR-02221,5,340.29,68.06,4.0,2,5,5,5
DNR-02222,6,30764.08,5127.35,201.0,0,0,1,6
DNR-02223,5,2108.23,421.65,584.0,0,0,0,5
DNR-02224,4,235.29,58.82,134.0,0,0,2,4
DNR-02225,6,1764.71,294.12,12.0,1,3,6,6
DNR-02226,3,457.12,152.37,368.0,0,0,0,3
DNR-02227,6,567.67,94.61,109.0,0,0,1,6
DNR-02228,5,277.22,55.44,32.0,0,1,2,5
DNR-02229,3,129.88,43.29,452.0,0,0,0,3
DNR-02230,7,1511.61,215.94,95.0,0,0,2,7
DNR-02231,4,229.25,57.31,292.0,0,0,1,4
DNR-02232,3,826.31,275.44,234.0,0,0,1,3
DNR-02233,1,52.98,52.98,1428.0,0,0,0,1
DNR-02234,3,75963.33,25321.11,81.0,0,1,1,2
DNR-02235,11,2018.55,183.5,20.0,1,1,9,10
DNR-02236,6,777.24,129.54,5.0,5,6,6,5
DNR-02237,6,33892.74,5648.79,27.0,1,3,6,6
DNR-02238,2,349.52,174.76,665.0,0,0,0,2
DNR-02239,8,1758.22,219.78,33.0,0,1,4,8
DNR-02240,9,4609.96,512.22,146.0,0,0,2,9
DNR-02241,6,630.51,105.08,72.0,0,1,2,6
DNR-02242,3,588.16,196.05,69.0,0,1,2,3
DNR-02243,2,120.47,60.24,179.0,0,0,2,2
DNR-02244,4,1291.14,322.79,55.0,0,1,2,4
DNR-02245,3,787.17,262.39,20.0,1,1,3,3
DNR-02246,4,126994.06,31748.52,30.0,1,1,4,4
DNR-02247,8,887.97,111.0,151.0,0,0,2,8
DNR-02248,9,2343.23,260.36,28.0,1,1,2,9
DNR-02249,4,152756.23,38189.06,91.0,0,0,1,4
DNR-02250,5,1165.23,233.05,66.0,0,1,1,5
DNR-02251,8,1690.33,211.29,12.0,1,1,2,8
DNR-02252,5,4920.79,984.16,624.0,0,0,0,5
DNR-02253,9,4617.26,513.03,1.0,1,1,2,8
DNR-02254,8,36280.1,4535.01,4.0,2,4,8,8
DNR-02255,10,1012.27,101.23,125.0,0,0,2,10
DNR-02256,7,4352.3,621.76,77.0,0,1,6,7
DNR-02257,3,20450.39,6816.8,188.0,0,0,2,3
DNR-02258,3,595.01,198.34,928.0,0,0,0,3
DNR-02259,7,3523.85,503.41,68.0,0,1,6,7
DNR-02260,7,51091.64,7298.81,5.0,1,1,2,7
DNR-02261,6,25511.37,4251.89,364.0,0,0,1,6
DNR-02262,5,2291.45,458.29,209.0,0,0,1,5
DNR-02263,1,40.91,40.91,1.0,1,1,1,1
DNR-02264,7,1313.55,187.65,37.0,0,1,4,7
DNR-02265,8,2767.67,345.96,34.0,0,3,8,7
DNR-02266,4,590.38,147.6,134.0,0,0,1,4
DNR-02267,4,189.2,47.3,418.0,0,0,0,4
DNR-02268,7,424.74,60.68,34.0,0,2,7,6
DNR-02269,3,312.21,104.07,25.0,1,1,2,3
DNR-02270,2,255.58,127.79,156.0,0,0,2,2
DNR-02271,7,1762.35,251.76,107.0,0,0,2,7
DNR-02272,5,273.92,54.78,152.0,0,0,3,5
DNR-02273,1,83.59,83.59,10.0,1,1,1,1
DNR-02274,5,400.49,80.1,125.0,0,0,5,5
DNR-02275,8,1730.11,216.26,89.0,0,1,1,8
DNR-02276,4,234.6,58.65,195.0,0,0,1,4
DNR-02277,5,2649.21,529.84,277.0,0,0,2,5
DNR-02278,5,765.12,153.02,60.0,0,1,3,5
DNR-02279,4,523.72,130.93,35.0,0,1,1,4
DNR-02280,6,287.77,47.96,54.0,0,3,4,6
DNR-02281,3,177.02,59.01,757.0,0,0,0,3
DNR-02282,5,364.14,72.83,19.0,1,2,4,5
DNR-02283,5,274.52,54.9,448.0,0,0,0,4
DNR-02284,4,744.63,186.16,21.0,1,4,4,4
DNR-02285,7,310.89,44.41,7.0,2,7,7,6
DNR-02286,10,2327.79,232.78,58.0,0,1,1,10
DNR-02287,9,234357.5,26039.72,12.0,1,6,9,8
DNR-02288,7,1097.95,156.85,91.0,0,0,7,7
DNR-02289,8,110382.05,13797.76,4.0,1,3,8,8
DNR-02290,3,146.6,48.87,333.0,0,0,1,3
DNR-02291,5,668.9,133.78,50.0,0,1,3,5
DNR-02292,9,2258.66,250.96,45.0,0,1,9,8
DNR-02293,6,3947.7,657.95,226.0,0,0,1,6
DNR-02294,2,116.19,58.1,593.0,0,0,0,2
DNR-02295,9,902.38,100.26,56.0,0,1,4,9
DNR-02296,6,63025.48,10504.25,9.0,1,1,2,5
DNR-02297,5,1086.16,217.23,14.0,2,3,5,5
DNR-02298,2,109.5,54.75,25.0,1,1,2,2
DNR-02299,4,1726.28,431.57,198.0,0,0,2,4
DNR-02300,8,3555.58,444.45,100.0,0,0,8,8
DNR-02301,10,2339.67,233.97,2.0,1,3,6,9
DNR-02302,7,35991.62,5141.66,121.0,0,0,3,7
DNR-02303,10,3820.29,382.03,170.0,0,0,2,8
DNR-02304,6,1135.86,189.31,20.0,1,1,1,4
DNR-02305,2,106.43,53.22,951.0,0,0,0,2
DNR-02306,4,5486.77,1371.69,84.0,0,1,2,4
DNR-02307,7,1117.79,159.68,154.0,0,0,3,6
DNR-02308,5,1669.21,333.84,420.0,0,0,0,5
DNR-02309,7,828.22,118.32,8.0,1,1,2,5
DNR-02310,6,365.87,60.98,6.0,1,1,2,6
DNR-02311,4,105107.81,26276.95,294.0,0,0,1,4
DNR-02312,6,825.68,137.61,36.0,0,3,3,6
DNR-02313,4,24635.96,6158.99,946.0,0,0,0,4
DNR-02314,6,2557.17,426.2,123.0,0,0,3,6
DNR-02315,6,1798.88,299.81,111.0,0,0,5,6
DNR-02316,6,441.12,73.52,104.0,0,0,4,6
DNR-02317,4,2789.97,697.49,114.0,0,0,2,4
DNR-02318,5,1904.29,380.86,200.0,0,0,2,5
DNR-02319,3,2290.13,763.38,317.0,0,0,2,3
DNR-02320,7,776.45,110.92,47.0,0,2,4,6
DNR-02321,7,2454.71,350.67,6.0,1,2,7,7
DNR-02322,7,1552.87,221.84,1.0,1,1,3,6
DNR-02323,7,1982.42,283.2,156.0,0,0,1,7
DNR-02324,6,4040.76,673.46,43.0,0,1,2,6
DNR-02325,5,745.07,149.01,101.0,0,0,2,5
DNR-02326,7,41408.58,5915.51,20.0,1,2,2,6
DNR-02327,4,1640.83,410.21,416.0,0,0,0,4
DNR-02328,8,1278.08,159.76,60.0,0,3,8,8
DNR-02329,6,147180.21,24530.04,2.0,1,1,2,6
DNR-02330,11,1451.06,131.91,120.0,0,0,2,11
DNR-02331,7,1204.39,172.06,206.0,0,0,2,7
DNR-02332,3,122.1,40.7,223.0,0,0,2,3
DNR-02333,7,4670.88,667.27,33.0,0,1,7,7
DNR-02334,6,26160.03,4360.0,69.0,0,1,1,6
DNR-02335,5,521.4,104.28,208.0,0,0,1,5
DNR-02336,7,2275.5,325.07,41.0,0,1,5,7
DNR-02337,4,403.34,100.84,590.0,0,0,0,4
DNR-02338,6,2800.69,466.78,205.0,0,0,2,6
DNR-02339,7,3919.48,559.93,484.0,0,0,0,7
DNR-02340,5,380.97,76.19,589.0,0,0,0,4
DNR-02341,6,753.25,125.54,328.0,0,0,2,5
DNR-02342,8,1255.27,156.91,630.0,0,0,0,8
DNR-02343,9,36793.91,4088.21,57.0,0,2,4,9
DNR-02344,6,414.79,69.13,12.0,1,2,5,6
DNR-02345,4,339.02,84.76,4.0,2,3,3,4
DNR-02346,6,967.18,161.2,57.0,0,1,3,6
DNR-02347,3,100.02,33.34,158.0,0,0,1,3
DNR-02348,6,875.27,145.88,234.0,0,0,3,6
DNR-02349,7,955.82,136.55,311.0,0,0,1,7
DNR-02350,1,80.62,80.62,83.0,0,1,1,1
DNR-02351,4,468.89,117.22,30.0,1,1,1,4
DNR-02352,5,346.75,69.35,30.0,1,2,5,5
DNR-02353,3,2045.36,681.79,7.0,1,2,3,3
DNR-02354,3,144.71,48.24,283.0,0,0,2,3
DNR-02355,9,1684.93,187.21,99.0,0,0,2,9
DNR-02356,4,690.78,172.7,592.0,0,0,0,4
DNR-02357,3,281.2,93.73,640.0,0,0,0,3
DNR-02358,6,813.33,135.56,21.0,2,5,6,6
DNR-02359,8,39487.22,4935.9,90.0,0,1,2,8
DNR-02360,4,104709.88,26177.47,218.0,0,0,2,4
DNR-02361,0,0.0,0.0,,0,0,0,0
DNR-02362,4,26778.59,6694.65,30.0,1,1,1,4
DNR-02363,5,332.04,66.41,40.0,0,2,5,5
DNR-02364,2,1328.59,664.3,149.0,0,0,1,2
DNR-02365,5,101199.04,20239.81,247.0,0,0,1,5
DNR-02366,5,576.32,115.26,325.0,0,0,1,5
DNR-02367,5,683.76,136.75,213.0,0,0,3,4
DNR-02368,4,1646.6,411.65,133.0,0,0,1,4
DNR-02369,1,79.3,79.3,43.0,0,1,1,1
DNR-02370,3,369.6,123.2,95.0,0,0,3,2
DNR-02371,5,585.8,117.16,157.0,0,0,1,5
DNR-02372,1,70.31,70.31,60.0,0,1,1,1
DNR-02373,4,438.64,109.66,30.0,1,2,4,4
DNR-02374,6,2206.92,367.82,5.0,6,6,6,6
DNR-02375,5,887.18,177.44,24.0,1,1,5,5
DNR-02376,5,902.58,180.52,203.0,0,0,4,5
DNR-02377,6,172.02,28.67,5.0,2,6,6,6
DNR-02378,3,450.02,150.01,142.0,0,0,2,3
DNR-02379,4,217.87,54.47,0.0,1,2,4,4
DNR-02380,4,271.25,67.81,5.0,3,4,4,4
DNR-02381,9,1805.1,200.57,5.0,1,1,5,9
DNR-02382,6,424.95,70.82,190.0,0,0,1,6
DNR-02383,9,599.95,66.66,623.0,0,0,0,9
DNR-02384,3,2359.31,786.44,779.0,0,0,0,3
DNR-02385,2,83.12,41.56,566.0,0,0,0,2
DNR-02386,7,726.85,103.84,159.0,0,0,3,7
DNR-02387,7,67979.93,9711.42,15.0,1,1,5,7
DNR-02388,5,65441.06,13088.21,357.0,0,0,1,5
DNR-02389,4,1891.87,472.97,122.0,0,0,1,3
DNR-02390,6,1044.33,174.05,40.0,0,1,6,6
DNR-02391,3,1651.98,550.66,1259.0,0,0,0,3
DNR-02392,6,34223.94,5703.99,2.0,1,2,6,6
DNR-02393,3,537.13,179.04,317.0,0,0,1,3
DNR-02394,7,2562.0,366.0,13.0,1,2,4,7
DNR-02395,4,4657.53,1164.38,22.0,1,2,4,4
DNR-02396,5,305.19,61.04,124.0,0,0,2,5
DNR-02397,8,44024.52,5503.06,177.0,0,0,2,8
DNR-02398,2,115.24,57.62,186.0,0,0,2,2
DNR-02399,4,600.28,150.07,39.0,0,2,4,4
DNR-02400,5,761.45,152.29,144.0,0,0,3,4
DNR-02401,6,86447.46,14407.91,117.0,0,0,3,6
DNR-02402,8,684.79,85.6,232.0,0,0,1,8
DNR-02403,5,2836.23,567.25,218.0,0,0,1,5
DNR-02404,5,330.34,66.07,218.0,0,0,4,5
DNR-02405,6,813.25,135.54,32.0,0,2,6,6
DNR-02406,8,435.61,54.45,32.0,0,2,5,8
DNR-02407,5,268.45,53.69,33.0,0,2,4,5
DNR-02408,6,1014.85,169.14,529.0,0,0,0,6
DNR-02409,4,397.89,99.47,8.0,2,4,4,4
DNR-02410,2,90.13,45.06,297.0,0,0,1,2
DNR-02411,5,78514.99,15703.0,145.0,0,0,3,5
DNR-02412,6,2690.03,448.34,9.0,6,6,6,6
DNR-02413,7,510.32,72.9,191.0,0,0,6,7
DNR-02414,7,858.83,122.69,27.0,1,1,3,7
DNR-02415,2,134.62,67.31,12.0,2,2,2,2
DNR-02416,5,935.14,187.03,22.0,1,2,5,5
DNR-02417,6,2791.26,465.21,37.0,0,1,2,6
DNR-02418,5,1136.32,227.26,0.0,3,5,5,5
DNR-02419,0,0.0,0.0,,0,0,0,0
DNR-02420,5,2598.58,519.72,35.0,0,1,3,5
DNR-02421,4,658.03,164.51,38.0,0,1,1,4
DNR-02422,11,2339.5,212.68,96.0,0,0,6,11
DNR-02423,5,714.15,142.83,586.0,0,0,0,5
DNR-02424,6,157909.49,26318.25,451.0,0,0,0,6
DNR-02425,9,41363.55,4595.95,107.0,0,0,6,9
DNR-02426,3,688.94,229.65,25.0,1,1,1,3
DNR-02427,1,97.86,97.86,1198.0,0,0,0,1
DNR-02428,5,263.56,52.71,33.0,0,1,4,5
DNR-02429,10,1876.51,187.65,464.0,0,0,0,9
DNR-02430,3,605.29,201.76,47.0,0,1,1,3
DNR-02431,3,201.52,67.17,404.0,0,0,0,3
DNR-02432,2,84.05,42.02,33.0,0,1,2,2
DNR-02433,3,143.74,47.91,21.0,1,1,2,3
DNR-02434,10,2527.3,252.73,25.0,1,1,5,9
DNR-02435,5,415.71,83.14,25.0,1,1,1,5
DNR-02436,7,398.46,56.92,7.0,7,7,7,6
DNR-02437,5,1300.48,260.1,14.0,4,5,5,5
DNR-02438,5,450.71,90.14,680.0,0,0,0,5
DNR-02439,4,244.63,61.16,29.0,1,1,4,4
DNR-02440,5,351.27,70.25,231.0,0,0,3,4
DNR-02441,9,1530.41,170.05,164.0,0,0,1,9
DNR-02442,8,4571.94,571.49,58.0,0,4,8,8
DNR-02443,3,205.28,68.43,107.0,0,0,3,3
DNR-02444,1,68.42,68.42,117.0,0,0,1,1
DNR-02445,8,1894.15,236.77,160.0,0,0,3,8
DNR-02446,5,34419.1,6883.82,92.0,0,0,4,5
DNR-02447,7,872.29,124.61,296.0,0,0,1,6
DNR-02448,7,3028.8,432.69,3.0,5,7,7,7
DNR-02449,12,2194.31,182.86,74.0,0,1,4,12
DNR-02450,3,128.88,42.96,106.0,0,0,2,3
DNR-02451,2,16633.33,8316.67,39.0,0,1,1,2
DNR-02452,5,1414.78,282.96,121.0,0,0,4,5
DNR-02453,2,17728.46,8864.23,64.0,0,1,2,2
DNR-02454,4,87210.83,21802.71,107.0,0,0,2,4
DNR-02455,4,3710.3,927.58,253.0,0,0,2,4
DNR-02456,6,3700.69,616.78,72.0,0,2,6,6
DNR-02457,4,226.79,56.7,165.0,0,0,2,4
DNR-02458,3,145.21,48.4,0.0,1,1,1,3
DNR-02459,9,4968.52,552.06,75.0,0,1,6,9
DNR-02460,4,1282.47,320.62,275.0,0,0,1,4
DNR-02461,2,76.63,38.32,51.0,0,1,2,2
DNR-02462,1,67.87,67.87,34.0,0,1,1,1
DNR-02463,6,851.54,141.92,252.0,0,0,1,6
DNR-02464,10,3362.16,336.22,11.0,1,3,10,10
DNR-02465,4,2322.3,580.58,34.0,0,1,3,4
DNR-02466,6,341.29,56.88,126.0,0,0,4,6
DNR-02467,2,807.57,403.78,8.0,1,1,2,2
DNR-02468,5,630.59,126.12,175.0,0,0,2,5
DNR-02469,8,1573.49,196.69,39.0,0,4,5,8
DNR-02470,4,1406.7,351.68,51.0,0,1,1,4
DNR-02471,4,421.86,105.46,474.0,0,0,0,4
DNR-02472,8,1463.81,182.98,6.0,1,1,2,8
DNR-02473,7,1207.14,172.45,38.0,0,2,3,6
DNR-02474,1,33.23,33.23,267.0,0,0,1,1
DNR-02475,3,371.1,123.7,892.0,0,0,0,3
DNR-02476,1,66.48,66.48,380.0,0,0,0,1
DNR-02477,8,87863.65,10982.96,31.0,0,2,7,8
DNR-02478,4,2895.31,723.83,223.0,0,0,2,4
DNR-02479,6,4743.67,790.61,1.0,1,3,6,6
DNR-02480,9,1066.69,118.52,9.0,4,9,9,9
DNR-02481,5,256.34,51.27,15.0,2,5,5,5
DNR-02482,5,742.31,148.46,364.0,0,0,1,5
DNR-02483,6,1932.37,322.06,68.0,0,1,6,6
DNR-02484,4,366.77,91.69,100.0,0,0,1,4
DNR-02485,4,2017.37,504.34,17.0,2,4,4,4
DNR-02486,7,2503.97,357.71,137.0,0,0,7,7
DNR-02487,5,55171.31,11034.26,0.0,2,5,5,5
DNR-02488,8,1949.8,243.72,52.0,0,1,2,8
DNR-02489,4,18673.89,4668.47,17.0,1,1,2,4
DNR-02490,2,203.95,101.98,1265.0,0,0,0,2
DNR-02491,4,549.22,137.3,33.0,0,4,4,4
DNR-02492,4,39773.22,9943.3,63.0,0,1,1,4
DNR-02493,1,426.91,426.91,421.0,0,0,0,1
DNR-02494,3,159.69,53.23,70.0,0,1,2,3
DNR-02495,9,590.25,65.58,168.0,0,0,3,8
DNR-02496,2,123.12,61.56,370.0,0,0,0,2
DNR-02497,8,2113.17,264.15,26.0,1,1,3,8
DNR-02498,4,353.39,88.35,65.0,0,1,3,4
DNR-02499,3,2381.31,793.77,154.0,0,0,2,3
DNR-02500,3,621.83,207.28,381.0,0,0,0,2
DNR-02501,2,1843.2,921.6,727.0,0,0,0,2
DNR-02502,2,552.35,276.17,201.0,0,0,1,2
DNR-02503,8,3418.2,427.28,90.0,0,1,3,8
DNR-02504,5,1191.88,238.38,21.0,2,2,5,4
DNR-02505,4,881.9,220.48,341.0,0,0,1,4
DNR-02506,3,461.53,153.84,113.0,0,0,1,3
DNR-02507,9,58783.24,6531.47,69.0,0,2,9,8
DNR-02508,3,359.78,119.93,143.0,0,0,2,3
DNR-02509,3,319.85,106.62,31.0,0,2,3,3
DNR-02510,6,496.01,82.67,417.0,0,0,0,6
DNR-02511,8,1225.36,153.17,3.0,4,5,8,8
DNR-02512,5,28785.05,5757.01,94.0,0,0,3,5
DNR-02513,5,3797.12,759.42,76.0,0,1,3,5
DNR-02514,5,348.28,69.66,176.0,0,0,1,5
DNR-02515,2,70.63,35.32,1082.0,0,0,0,2
DNR-02516,9,203049.43,22561.05,238.0,0,0,1,9
DNR-02517,3,1308.57,436.19,397.0,0,0,0,3
DNR-02518,3,471.46,157.15,120.0,0,0,1,3
DNR-02519,4,249.07,62.27,32.0,0,1,4,4
DNR-02520,9,988.48,109.83,27.0,1,2,4,9
DNR-02521,3,193.09,64.36,16.0,1,2,3,2
DNR-02522,4,704.74,176.18,30.0,1,2,4,4
DNR-02523,8,814.39,101.8,260.0,0,0,2,7
DNR-02524,6,584.22,97.37,28.0,2,2,5,6
DNR-02525,2,274.32,137.16,447.0,0,0,0,2
DNR-02526,6,522.36,87.06,199.0,0,0,1,6
DNR-02527,3,164.69,54.9,40.0,0,1,3,3
DNR-02528,3,60817.94,20272.65,214.0,0,0,1,3
DNR-02529,6,2227.95,371.32,703.0,0,0,0,5
DNR-02530,8,625.63,78.2,52.0,0,1,7,8
DNR-02531,6,1281.06,213.51,118.0,0,0,6,6
DNR-02532,3,1684.81,561.6,4.0,1,1,2,3
DNR-02533,11,3303.97,300.36,26.0,1,3,5,10
DNR-02534,4,193.95,48.49,232.0,0,0,2,4
DNR-02535,5,1046.25,209.25,263.0,0,0,3,5
DNR-02536,6,296.67,49.44,254.0,0,0,2,6
DNR-02537,3,572.34,190.78,417.0,0,0,0,3
DNR-02538,2,41302.24,20651.12,689.0,0,0,0,2
DNR-02539,7,476.81,68.12,186.0,0,0,2,7
DNR-02540,8,2378.92,297.36,9.0,2,6,8,7
DNR-02541,6,449.01,74.83,38.0,0,1,6,6
DNR-02542,3,2640.41,880.14,197.0,0,0,2,3
DNR-02543,4,261.55,65.39,3.0,1,1,4,4
DNR-02544,3,22658.33,7552.78,90.0,0,1,3,3
DNR-02545,11,7843.08,713.01,0.0,4,11,11,10
DNR-02546,7,551.18,78.74,483.0,0,0,0,7
DNR-02547,3,124.13,41.38,461.0,0,0,0,3
DNR-02548,2,4976.43,2488.22,1004.0,0,0,0,2
DNR-02549,4,180.96,45.24,57.0,0,1,4,4
DNR-02550,6,375.72,62.62,42.0,0,1,6,6
DNR-02551,7,976.49,139.5,67.0,0,3,7,7
DNR-02552,4,57243.1,14310.78,23.0,1,3,4,3
DNR-02553,4,242.22,60.56,399.0,0,0,0,3
DNR-02554,6,2249.14,374.86,282.0,0,0,1,5
DNR-02555,2,187.86,93.93,209.0,0,0,1,2
DNR-02556,1,1691.88,1691.88,1177.0,0,0,0,1
DNR-02557,4,16716.27,4179.07,116.0,0,0,2,4
DNR-02558,1,30.73,30.73,892.0,0,0,0,1
DNR-02559,1,15.74,15.74,650.0,0,0,0,1
DNR-02560,9,1113.41,123.71,76.0,0,2,4,9
DNR-02561,5,19178.99,3835.8,5.0,1,1,1,5
DNR-02562,3,130.87,43.62,125.0,0,0,2,3
DNR-02563,8,490.06,61.26,12.0,4,6,8,8
DNR-02564,5,1529.26,305.85,1.0,1,2,4,5
DNR-02565,6,63010.53,10501.76,49.0,0,1,5,6
DNR-02566,5,725.65,145.13,95.0,0,0,1,5
DNR-02567,6,78501.19,13083.53,66.0,0,1,2,6
DNR-02568,3,587.21,195.74,126.0,0,0,2,3
DNR-02569,7,2249.48,321.35,81.0,0,1,2,7
DNR-02570,6,1136.29,189.38,229.0,0,0,1,6
DNR-02571,5,676.4,135.28,108.0,0,0,1,5
DNR-02572,3,8040.77,2680.26,418.0,0,0,0,3
DNR-02573,3,19970.94,6656.98,23.0,1,1,3,3
DNR-02574,4,697.0,174.25,49.0,0,4,4,4
DNR-02575,5,297.52,59.5,85.0,0,1,1,5
DNR-02576,6,35741.56,5956.93,82.0,0,1,2,6
DNR-02577,6,880.73,146.79,147.0,0,0,1,6
DNR-02578,6,1330.56,221.76,57.0,0,1,2,6
DNR-02579,6,2654.44,442.41,108.0,0,0,5,6
DNR-02580,1,51.27,51.27,632.0,0,0,0,1
DNR-02581,8,40563.1,5070.39,192.0,0,0,2,8
DNR-02582,4,140077.04,35019.26,342.0,0,0,1,4
DNR-02583,4,203.52,50.88,229.0,0,0,1,3
DNR-02584,6,37726.17,6287.7,224.0,0,0,2,6
DNR-02585,5,997.53,199.51,631.0,0,0,0,5
DNR-02586,6,772.22,128.7,16.0,2,3,6,6
DNR-02587,1,14559.81,14559.81,1337.0,0,0,0,1
DNR-02588,4,492.27,123.07,666.0,0,0,0,4
DNR-02589,4,174.18,43.54,67.0,0,1,4,4
DNR-02590,6,2553.13,425.52,50.0,0,1,1,6
DNR-02591,5,325.32,65.06,122.0,0,0,3,5
DNR-02592,3,389.85,129.95,509.0,0,0,0,3
DNR-02593,7,774.08,110.58,148.0,0,0,1,7
DNR-02594,6,797.06,132.84,63.0,0,1,4,6
DNR-02595,3,235.15,78.38,241.0,0,0,1,3
DNR-02596,5,953.74,190.75,99.0,0,0,2,5
DNR-02597,3,150.8,50.27,890.0,0,0,0,3
DNR-02598,6,1004.42,167.4,38.0,0,1,2,6
DNR-02599,4,178.99,44.75,21.0,1,2,4,4
DNR-02600,2,551.61,275.8,260.0,0,0,2,2
DNR-02601,4,446.69,111.67,9.0,1,1,2,4
DNR-02602,7,1063.85,151.98,172.0,0,0,1,7
DNR-02603,3,764.43,254.81,122.0,0,0,1,3
DNR-02604,5,2313.7,462.74,102.0,0,0,1,5
DNR-02605,9,2040.05,226.67,244.0,0,0,2,9
DNR-02606,4,2066.42,516.6,240.0,0,0,2,4
DNR-02607,5,999.09,199.82,519.0,0,0,0,5
DNR-02608,2,97.44,48.72,103.0,0,0,1,1
DNR-02609,7,611.42,87.35,255.0,0,0,1,7
DNR-02610,7,3511.54,501.65,161.0,0,0,1,7
DNR-02611,3,499.42,166.47,1018.0,0,0,0,2
DNR-02612,3,118.18,39.39,184.0,0,0,1,3
DNR-02613,5,295.39,59.08,226.0,0,0,2,4
DNR-02614,2,82.33,41.16,256.0,0,0,2,2
DNR-02615,9,1411.14,156.79,18.0,1,4,9,8
DNR-02616,3,847.0,282.33,171.0,0,0,2,3
DNR-02617,7,575.12,82.16,249.0,0,0,1,7
DNR-02618,5,752.8,150.56,35.0,0,1,1,5
DNR-02619,6,547.62,91.27,1.0,4,6,6,6
DNR-02620,3,33919.67,11306.56,74.0,0,1,3,3
DNR-02621,7,5276.16,753.74,19.0,1,1,7,7
DNR-02622,7,1750.99,250.14,44.0,0,1,7,7
DNR-02623,5,2155.98,431.2,364.0,0,0,1,5
DNR-02624,6,37672.1,6278.68,78.0,0,1,3,6
DNR-02625,6,35888.5,5981.42,105.0,0,0,1,6
DNR-02626,4,21183.43,5295.86,139.0,0,0,1,4
DNR-02627,4,333.15,83.29,577.0,0,0,0,4
DNR-02628,6,860.48,143.41,203.0,0,0,2,6
DNR-02629,8,4065.42,508.18,52.0,0,1,1,7
DNR-02630,5,22871.08,4574.22,25.0,1,1,2,5
DNR-02631,1,79.88,79.88,329.0,0,0,1,1
DNR-02632,4,260.34,65.09,54.0,0,1,2,4
DNR-02633,7,2972.88,424.7,606.0,0,0,0,7
DNR-02634,6,388.13,64.69,14.0,1,4,6,6
DNR-02635,6,769.26,128.21,382.0,0,0,0,5
DNR-02636,6,3220.19,536.7,0.0,2,2,6,6
DNR-02637,6,538.0,89.67,519.0,0,0,0,6
DNR-02638,9,108517.12,12057.46,374.0,0,0,0,9
DNR-02639,5,26048.62,5209.72,187.0,0,0,2,5
DNR-02640,1,78.08,78.08,71.0,0,1,1,1
DNR-02641,2,321.83,160.92,130.0,0,0,1,2
DNR-02642,2,36006.58,18003.29,565.0,0,0,0,2
DNR-02643,2,127.52,63.76,169.0,0,0,2,2
DNR-02644,6,149163.53,24860.59,168.0,0,0,2,6
DNR-02645,6,438.98,73.16,8.0,1,4,6,6
DNR-02646,3,527.58,175.86,626.0,0,0,0,3
DNR-02647,7,1752.85,250.41,4.0,3,7,7,7
DNR-02648,4,184.53,46.13,150.0,0,0,4,4
DNR-02649,5,25739.37,5147.87,9.0,1,1,2,4
DNR-02650,8,4618.03,577.25,11.0,1,1,2,8
DNR-02651,6,762.66,127.11,213.0,0,0,1,6
DNR-02652,8,2879.53,359.94,170.0,0,0,3,8
DNR-02653,3,446.91,148.97,165.0,0,0,2,3
DNR-02654,10,969.48,96.95,31.0,0,2,2,9
DNR-02655,8,2720.97,340.12,127.0,0,0,4,6
DNR-02656,2,96.49,48.24,237.0,0,0,1,2
DNR-02657,3,247.2,82.4,26.0,1,3,3,3
DNR-02658,3,1025.38,341.79,56.0,0,1,1,3
DNR-02659,5,1743.18,348.64,52.0,0,1,2,5
DNR-02660,7,454.53,64.93,21.0,2,4,7,7
DNR-02661,4,557.85,139.46,27.0,1,1,1,4
DNR-02662,5,731.33,146.27,417.0,0,0,0,5
DNR-02663,4,33558.62,8389.65,79.0,0,1,1,4
DNR-02664,9,2623.34,291.48,3.0,5,6,9,9
DNR-02665,4,314.2,78.55,13.0,2,4,4,4
DNR-02666,4,275.09,68.77,72.0,0,1,4,4
DNR-02667,5,358.92,71.78,145.0,0,0,1,5
DNR-02668,3,145.98,48.66,132.0,0,0,3,3
DNR-02669,5,1802.95,360.59,584.0,0,0,0,5
DNR-02670,3,291.41,97.14,1088.0,0,0,0,3
DNR-02671,8,42963.86,5370.48,460.0,0,0,0,8
DNR-02672,1,64.12,64.12,395.0,0,0,0,1
DNR-02673,1,287.53,287.53,416.0,0,0,0,1
DNR-02674,9,4190.47,465.61,36.0,0,1,5,9
DNR-02675,5,402.35,80.47,543.0,0,0,0,5
DNR-02676,2,9417.92,4708.96,218.0,0,0,1,2
DNR-02677,2,148.51,74.26,238.0,0,0,1,2
DNR-02678,0,0.0,0.0,,0,0,0,0
DNR-02679,2,68.94,34.47,152.0,0,0,2,2
DNR-02680,10,920.29,92.03,0.0,10,10,10,9
DNR-02681,4,41727.86,10431.96,96.0,0,0,2,4
DNR-02682,3,2666.4,888.8,94.0,0,0,3,3
DNR-02683,5,555.94,111.19,44.0,0,3,5,5
DNR-02684,5,264.69,52.94,81.0,0,2,3,5
DNR-02685,4,437.64,109.41,45.0,0,2,4,4
DNR-02686,4,263.6,65.9,76.0,0,1,1,4
DNR-02687,5,1205.12,241.02,645.0,0,0,0,5
DNR-02688,1,46.06,46.06,419.0,0,0,0,1
DNR-02689,6,1240.93,206.82,24.0,2,3,6,6
DNR-02690,6,2197.58,366.26,100.0,0,0,3,6
DNR-02691,8,2021.68,252.71,11.0,1,1,2,8
DNR-02692,4,604.99,151.25,74.0,0,1,1,4
DNR-02693,5,838.54,167.71,20.0,1,2,4,5
DNR-02694,6,1390.6,231.77,111.0,0,0,5,6
DNR-02695,3,515.72,171.91,2.0,3,3,3,3
DNR-02696,1,52.13,52.13,1237.0,0,0,0,1
DNR-02697,5,909.02,181.8,196.0,0,0,2,5
DNR-02698,4,429.85,107.46,71.0,0,1,2,4
DNR-02699,3,154.66,51.55,122.0,0,0,3,3
DNR-02700,6,891.64,148.61,401.0,0,0,0,6
DNR-02701,4,163.9,40.97,74.0,0,1,1,4
DNR-02702,2,191.16,95.58,347.0,0,0,1,2
DNR-02703,2,1881.77,940.88,224.0,0,0,1,2
DNR-02704,7,709.82,101.4,19.0,1,1,4,7
DNR-02705,9,5242.09,582.45,119.0,0,0,1,9
DNR-02706,7,2128.04,304.01,113.0,0,0,7,7
DNR-02707,3,560.71,186.9,179.0,0,0,1,3
DNR-02708,7,1312.85,187.55,69.0,0,1,7,6
DNR-02709,7,774.93,110.7,143.0,0,0,7,7
DNR-02710,4,639.67,159.92,276.0,0,0,1,4
DNR-02711,6,2248.66,374.78,0.0,6,6,6,5
DNR-02712,1,462.37,462.37,70.0,0,1,1,1
DNR-02713,1,15.94,15.94,992.0,0,0,0,1
DNR-02714,6,1097.25,182.88,624.0,0,0,0,6
DNR-02715,13,3696.47,284.34,1.0,2,2,7,13
DNR-02716,6,732.05,122.01,217.0,0,0,5,6
DNR-02717,3,269.14,89.71,118.0,0,0,2,3
DNR-02718,6,1239.57,206.6,581.0,0,0,0,6
DNR-02719,6,745.95,124.32,113.0,0,0,1,6
DNR-02720,3,622.21,207.4,83.0,0,1,3,3
DNR-02721,2,1976.6,988.3,889.0,0,0,0,2
DNR-02722,2,85.48,42.74,284.0,0,0,1,2
DNR-02723,3,780.81,260.27,209.0,0,0,2,3
DNR-02724,3,195.82,65.27,108.0,0,0,1,3
DNR-02725,8,227034.08,28379.26,93.0,0,0,5,8
DNR-02726,6,1554.12,259.02,77.0,0,2,3,6
DNR-02727,2,178.86,89.43,19.0,1,1,2,2
DNR-02728,2,42.56,21.28,819.0,0,0,0,2
DNR-02729,7,443.07,63.3,79.0,0,1,7,7
DNR-02730,5,702.36,140.47,0.0,1,1,4,5
DNR-02731,3,1095.36,365.12,84.0,0,1,1,3
DNR-02732,5,21521.83,4304.37,6.0,2,5,5,5
DNR-02733,5,410.83,82.17,10.0,1,2,4,5
DNR-02734,5,311.17,62.23,90.0,0,1,5,5
DNR-02735,9,2151.66,239.07,23.0,2,3,8,9
DNR-02736,5,150180.6,30036.12,270.0,0,0,3,5
DNR-02737,7,785.53,112.22,20.0,1,2,7,7
DNR-02738,9,3520.73,391.19,98.0,0,0,3,9
DNR-02739,5,35032.6,7006.52,490.0,0,0,0,5
DNR-02740,4,633.25,158.31,396.0,0,0,0,4
DNR-02741,5,1745.69,349.14,119.0,0,0,2,5
DNR-02742,4,547.68,136.92,23.0,1,2,4,4
DNR-02743,5,24259.98,4852.0,118.0,0,0,3,5
DNR-02744,4,333.01,83.25,168.0,0,0,1,4
DNR-02745,5,296.13,59.23,255.0,0,0,2,5
DNR-02746,3,1874.7,624.9,2.0,1,1,1,3
DNR-02747,3,66182.95,22060.98,181.0,0,0,1,3
DNR-02748,10,59465.48,5946.55,8.0,1,2,7,8
DNR-02749,3,363.41,121.14,154.0,0,0,1,3
DNR-02750,6,39609.06,6601.51,0.0,1,1,2,6
DNR-02751,5,1744.98,349.0,154.0,0,0,3,5
DNR-02752,6,608.11,101.35,510.0,0,0,0,6
DNR-02753,9,66459.12,7384.35,159.0,0,0,3,9
DNR-02754,5,120655.05,24131.01,117.0,0,0,5,5
DNR-02755,4,297.28,74.32,9.0,1,1,4,4
DNR-02756,6,1181.51,196.92,82.0,0,1,2,6
DNR-02757,3,384.58,128.19,685.0,0,0,0,3
DNR-02758,5,282.27,56.45,174.0,0,0,1,5
DNR-02759,2,165.03,82.52,706.0,0,0,0,2
DNR-02760,4,387.04,96.76,70.0,0,1,4,4
DNR-02761,5,763.12,152.62,141.0,0,0,2,5
DNR-02762,6,230.0,38.33,17.0,1,1,5,6
DNR-02763,4,956.13,239.03,81.0,0,1,3,4
DNR-02764,3,676.13,225.38,135.0,0,0,3,3
DNR-02765,2,312.38,156.19,78.0,0,1,2,2
DNR-02766,5,451.64,90.33,19.0,2,4,5,5
DNR-02767,5,27980.98,5596.2,132.0,0,0,1,5
DNR-02768,3,424.62,141.54,711.0,0,0,0,3
DNR-02769,7,377.3,53.9,67.0,0,1,1,7
DNR-02770,3,384.25,128.08,8.0,3,3,3,3
DNR-02771,7,1625.4,232.2,360.0,0,0,1,7
DNR-02772,6,17047.46,2841.24,68.0,0,2,2,6
DNR-02773,12,2416.44,201.37,52.0,0,2,4,12
DNR-02774,3,220.69,73.56,39.0,0,1,1,2
DNR-02775,6,360.52,60.09,58.0,0,1,3,6
DNR-02776,6,706.25,117.71,5.0,3,4,6,6
DNR-02777,4,919.68,229.92,595.0,0,0,0,4
DNR-02778,4,241.69,60.42,206.0,0,0,1,3
DNR-02779,7,1262.02,180.29,47.0,0,1,7,7
DNR-02780,1,5941.75,5941.75,602.0,0,0,0,1
DNR-02781,7,2633.74,376.25,4.0,4,7,7,7
DNR-02782,5,2342.8,468.56,233.0,0,0,3,5
DNR-02783,4,20025.03,5006.26,10.0,1,3,4,4
DNR-02784,5,2072.96,414.59,234.0,0,0,2,5
DNR-02785,5,475.64,95.13,143.0,0,0,2,5
DNR-02786,5,1151.7,230.34,303.0,0,0,1,5
DNR-02787,3,130.49,43.5,63.0,0,1,2,3
DNR-02788,5,1459.03,291.81,254.0,0,0,1,5
DNR-02789,8,3410.51,426.31,90.0,0,1,8,8
DNR-02790,1,42.23,42.23,607.0,0,0,0,1
DNR-02791,6,153503.28,25583.88,167.0,0,0,5,6
DNR-02792,2,526.03,263.02,432.0,0,0,0,2
DNR-02793,4,179.65,44.91,41.0,0,1,1,4
DNR-02794,7,2691.05,384.44,68.0,0,2,6,7
DNR-02795,4,51496.76,12874.19,131.0,0,0,2,4
DNR-02796,12,3346.89,278.91,94.0,0,0,4,11
DNR-02797,6,3071.23,511.87,271.0,0,0,1,6
DNR-02798,12,1935.15,161.26,10.0,1,2,12,12
DNR-02799,7,798.32,114.05,34.0,0,2,6,7
DNR-02800,2,48.58,24.29,249.0,0,0,2,2
DNR-02801,1,45.1,45.1,23.0,1,1,1,1
DNR-02802,3,1863.74,621.25,20.0,1,3,3,3
DNR-02803,8,44382.21,5547.78,179.0,0,0,2,8
DNR-02804,5,341.89,68.38,209.0,0,0,2,4
DNR-02805,5,1266.02,253.2,0.0,1,1,2,5
DNR-02806,5,569.42,113.88,171.0,0,0,1,5
DNR-02807,4,1567.13,391.78,170.0,0,0,4,4
DNR-02808,4,271.2,67.8,99.0,0,0,3,4
DNR-02809,4,494.72,123.68,6.0,2,3,4,4
DNR-02810,6,3844.96,640.83,98.0,0,0,3,6
DNR-02811,9,768.18,85.35,174.0,0,0,3,9
DNR-02812,6,809.96,134.99,129.0,0,0,4,6
DNR-02813,7,951.91,135.99,299.0,0,0,1,6
DNR-02814,12,2396.36,199.7,224.0,0,0,1,11
DNR-02815,3,542.6,180.87,678.0,0,0,0,3
DNR-02816,3,408.84,136.28,307.0,0,0,1,3
DNR-02817,6,264.75,44.12,18.0,2,6,6,5
DNR-02818,8,125719.82,15714.98,42.0,0,2,4,8
DNR-02819,5,604.38,120.88,147.0,0,0,1,5
DNR-02820,5,330.88,66.18,575.0,0,0,0,5
DNR-02821,4,241.68,60.42,84.0,0,1,3,4
DNR-02822,10,2498.03,249.8,19.0,1,1,3,9
DNR-02823,8,1465.64,183.2,52.0,0,2,5,7
DNR-02824,3,207.18,69.06,121.0,0,0,2,3
DNR-02825,6,540.11,90.02,45.0,0,2,6,6
DNR-02826,2,2778.7,1389.35,159.0,0,0,1,2
DNR-02827,8,6329.59,791.2,13.0,3,8,8,7
DNR-02828,4,220.86,55.22,117.0,0,0,1,4
DNR-02829,4,428.42,107.1,163.0,0,0,2,4
DNR-02830,4,1986.48,496.62,389.0,0,0,0,4
DNR-02831,5,318.38,63.68,242.0,0,0,2,5
DNR-02832,5,2641.09,528.22,69.0,0,1,5,5
DNR-02833,6,1704.48,284.08,5.0,1,1,3,6
DNR-02834,5,323.55,64.71,167.0,0,0,1,5
DNR-02835,9,213954.84,23772.76,271.0,0,0,1,8
DNR-02836,7,1143.34,163.33,17.0,1,1,6,7
DNR-02837,2,891.44,445.72,113.0,0,0,2,2
DNR-02838,5,818.19,163.64,183.0,0,0,2,5
DNR-02839,3,5143.04,1714.35,1010.0,0,0,0,3
DNR-02840,5,284.87,56.97,198.0,0,0,2,5
DNR-02841,6,63925.93,10654.32,20.0,1,2,5,6
DNR-02842,3,34942.48,11647.49,133.0,0,0,1,3
DNR-02843,5,2040.13,408.03,26.0,1,1,5,4
DNR-02844,6,933.94,155.66,2.0,1,2,3,6
DNR-02845,4,1362.69,340.67,157.0,0,0,1,4
DNR-02846,0,0.0,0.0,,0,0,0,0
DNR-02847,8,1249.07,156.13,77.0,0,1,5,8
DNR-02848,7,825.13,117.88,46.0,0,1,3,7
DNR-02849,7,1002.19,143.17,39.0,0,2,7,7
DNR-02850,3,174.65,58.22,348.0,0,0,1,3
DNR-02851,4,21240.17,5310.04,127.0,0,0,1,4
DNR-02852,10,58568.74,5856.87,46.0,0,1,4,9
DNR-02853,3,1926.36,642.12,89.0,0,1,1,3
DNR-02854,4,2932.12,733.03,44.0,0,1,3,4
DNR-02855,2,121.69,60.84,72.0,0,2,2,2
DNR-02856,7,715.49,102.21,50.0,0,1,2,6
DNR-02857,9,758.74,84.3,90.0,0,1,1,8
DNR-02858,2,396.27,198.14,313.0,0,0,1,2
DNR-02859,3,174.99,58.33,45.0,0,1,2,3
DNR-02860,7,2130.79,304.4,353.0,0,0,1,7
DNR-02861,5,246.54,49.31,278.0,0,0,1,4
DNR-02862,4,21372.98,5343.24,35.0,0,2,4,4
DNR-02863,6,750.31,125.05,562.0,0,0,0,6
DNR-02864,8,736.23,92.03,77.0,0,1,1,8
DNR-02865,4,151418.14,37854.53,62.0,0,1,3,4
DNR-02866,9,3031.79,336.87,78.0,0,1,2,9
DNR-02867,2,53.87,26.94,737.0,0,0,0,2
DNR-02868,7,44086.95,6298.14,5.0,1,3,7,7
DNR-02869,6,667.47,111.24,436.0,0,0,0,6
DNR-02870,5,23135.84,4627.17,9.0,1,2,4,5
DNR-02871,2,266.0,133.0,755.0,0,0,0,2
DNR-02872,5,603.81,120.76,1.0,1,2,5,5
DNR-02873,5,614.54,122.91,405.0,0,0,0,4
DNR-02874,5,2937.82,587.56,21.0,1,2,3,4
DNR-02875,6,1198.28,199.71,333.0,0,0,1,6
DNR-02876,2,102.04,51.02,60.0,0,1,2,2
DNR-02877,3,1157.48,385.83,255.0,0,0,1,3
DNR-02878,8,48750.1,6093.76,154.0,0,0,2,8
DNR-02879,1,55.01,55.01,590.0,0,0,0,1
DNR-02880,8,28223.03,3527.88,3.0,1,3,8,8
DNR-02881,6,523.59,87.26,8.0,4,6,6,6
DNR-02882,9,5216.51,579.61,170.0,0,0,2,9
DNR-02883,12,2907.14,242.26,61.0,0,1,5,12
DNR-02884,9,1178.07,130.9,56.0,0,1,4,7
DNR-02885,4,1651.32,412.83,124.0,0,0,3,4
DNR-02886,4,694.65,173.66,29.0,1,2,4,4
DNR-02887,4,492.19,123.05,70.0,0,1,4,4
DNR-02888,2,1373.53,686.76,967.0,0,0,0,2
DNR-02889,6,2491.82,415.3,102.0,0,0,2,6
DNR-02890,7,264.26,37.75,148.0,0,0,1,6
DNR-02891,7,814.51,116.36,65.0,0,1,5,7
DNR-02892,3,14515.1,4838.37,6.0,1,2,3,3
DNR-02893,6,1121.77,186.96,266.0,0,0,2,4
DNR-02894,7,431.48,61.64,129.0,0,0,3,5
DNR-02895,1,91.3,91.3,738.0,0,0,0,1
DNR-02896,4,19677.42,4919.35,75.0,0,1,2,4
DNR-02897,12,3007.29,250.61,11.0,2,3,12,11
DNR-02898,2,6101.81,3050.9,107.0,0,0,1,2
DNR-02899,1,21430.84,21430.84,965.0,0,0,0,1
DNR-02900,4,250.64,62.66,150.0,0,0,1,4
DNR-02901,4,713.76,178.44,14.0,1,2,2,4
DNR-02902,3,406.02,135.34,12.0,1,1,2,3
DNR-02903,7,512.44,73.21,44.0,0,4,7,7
DNR-02904,4,1172.7,293.18,1069.0,0,0,0,4
DNR-02905,4,569.01,142.25,27.0,1,1,2,4
DNR-02906,5,1244.43,248.89,245.0,0,0,1,5
DNR-02907,1,16.54,16.54,169.0,0,0,1,1
DNR-02908,9,2823.3,313.7,269.0,0,0,3,8
DNR-02909,5,33569.25,6713.85,31.0,0,3,5,4
DNR-02910,4,2308.37,577.09,391.0,0,0,0,3
DNR-02911,6,2034.24,339.04,276.0,0,0,1,6
DNR-02912,5,561.28,112.26,62.0,0,1,3,5
DNR-02913,7,47867.75,6838.25,112.0,0,0,2,7
DNR-02914,4,352.47,88.12,134.0,0,0,2,4
DNR-02915,7,808.15,115.45,49.0,0,1,6,7
DNR-02916,7,1113.88,159.13,187.0,0,0,3,6
DNR-02917,8,1835.26,229.41,172.0,0,0,5,8
DNR-02918,7,3366.19,480.88,13.0,1,2,3,7
DNR-02919,3,363.55,121.18,73.0,0,1,1,3
DNR-02920,3,199.17,66.39,125.0,0,0,2,3
DNR-02921,5,642.42,128.48,171.0,0,0,1,5
DNR-02922,4,164.96,41.24,52.0,0,2,3,4
DNR-02923,3,420.49,140.16,143.0,0,0,2,3
DNR-02924,3,13760.86,4586.95,347.0,0,0,1,3
DNR-02925,6,337.44,56.24,12.0,2,3,5,6
DNR-02926,3,15981.24,5327.08,250.0,0,0,1,3
DNR-02927,7,3410.94,487.28,39.0,0,3,7,7
DNR-02928,4,1444.18,361.04,17.0,1,4,4,4
DNR-02929,5,1809.08,361.82,62.0,0,1,5,5
DNR-02930,7,1071.12,153.02,116.0,0,0,2,7
DNR-02931,8,2156.82,269.6,106.0,0,0,3,8
DNR-02932,8,1811.12,226.39,216.0,0,0,3,8
DNR-02933,3,178.42,59.47,357.0,0,0,1,3
DNR-02934,3,846.33,282.11,326.0,0,0,1,3
DNR-02935,7,835.34,119.33,113.0,0,0,4,7
DNR-02936,6,148398.41,24733.07,76.0,0,1,6,6
DNR-02937,5,592.61,118.52,52.0,0,1,1,5
DNR-02938,6,3994.74,665.79,80.0,0,1,3,6
DNR-02939,5,1015.47,203.09,113.0,0,0,5,5
DNR-02940,5,289.02,57.8,49.0,0,1,5,5
DNR-02941,6,694.33,115.72,595.0,0,0,0,6
DNR-02942,9,1184.97,131.66,78.0,0,1,5,8
DNR-02943,5,414.02,82.8,89.0,0,1,3,5
DNR-02944,5,673.85,134.77,31.0,0,1,2,5
DNR-02945,6,85435.44,14239.24,160.0,0,0,2,5
DNR-02946,4,43711.8,10927.95,437.0,0,0,0,4
DNR-02947,3,292.88,97.63,176.0,0,0,1,3
DNR-02948,4,623.15,155.79,291.0,0,0,1,4
DNR-02949,4,191.78,47.94,228.0,0,0,2,4
DNR-02950,5,344.03,68.81,658.0,0,0,0,5
DNR-02951,2,528.96,264.48,261.0,0,0,1,2
DNR-02952,7,4983.58,711.94,48.0,0,1,5,7
DNR-02953,10,62686.72,6268.67,205.0,0,0,3,10
DNR-02954,6,84311.57,14051.93,171.0,0,0,3,5
DNR-02955,5,1777.04,355.41,28.0,1,1,5,5
DNR-02956,4,2530.18,632.55,182.0,0,0,2,4
DNR-02957,4,1268.87,317.22,201.0,0,0,1,4
DNR-02958,9,435.41,48.38,64.0,0,1,6,8
DNR-02959,7,45441.36,6491.62,177.0,0,0,4,7
DNR-02960,8,958.0,119.75,169.0,0,0,3,8
DNR-02961,3,548.65,182.88,487.0,0,0,0,3
DNR-02962,5,259.2,51.84,3.0,1,2,3,5
DNR-02963,7,1429.61,204.23,74.0,0,1,1,7
DNR-02964,5,306.11,61.22,124.0,0,0,2,5
DNR-02965,6,964.86,160.81,410.0,0,0,0,6
DNR-02966,7,69059.72,9865.67,55.0,0,1,3,7
DNR-02967,3,169.83,56.61,292.0,0,0,1,3
DNR-02968,3,160.73,53.58,587.0,0,0,0,3
DNR-02969,1,10.18,10.18,725.0,0,0,0,1
DNR-02970,4,1971.38,492.84,2.0,1,1,4,4
DNR-02971,4,1765.46,441.36,125.0,0,0,3,4
DNR-02972,8,375.29,46.91,491.0,0,0,0,7
DNR-02973,6,800.32,133.39,88.0,0,1,4,6
DNR-02974,6,679.12,113.19,340.0,0,0,1,6
DNR-02975,4,122221.44,30555.36,17.0,1,2,4,4
DNR-02976,3,124.82,41.61,753.0,0,0,0,3
DNR-02977,1,8585.37,8585.37,188.0,0,0,1,1
DNR-02978,6,751.91,125.32,196.0,0,0,5,6
DNR-02979,7,4122.7,588.96,87.0,0,1,2,7
DNR-02980,2,771.96,385.98,1135.0,0,0,0,2
DNR-02981,4,921.96,230.49,95.0,0,0,1,4
DNR-02982,2,84.21,42.1,36.0,0,2,2,2
DNR-02983,6,1930.25,321.71,38.0,0,1,2,6
DNR-02984,3,176.75,58.92,301.0,0,0,2,3
DNR-02985,8,2460.08,307.51,586.0,0,0,0,8
DNR-02986,5,788.22,157.64,274.0,0,0,1,5
DNR-02987,4,444.7,111.18,24.0,1,2,4,4
DNR-02988,8,902.37,112.8,14.0,1,4,8,7
DNR-02989,6,1085.94,180.99,187.0,0,0,4,6
DNR-02990,6,652.05,108.68,47.0,0,1,1,6
DNR-02991,5,700.64,140.13,800.0,0,0,0,5
DNR-02992,4,173.45,43.36,408.0,0,0,0,4
DNR-02993,1,42.82,42.82,205.0,0,0,1,1
DNR-02994,2,345.65,172.82,203.0,0,0,1,2
DNR-02995,4,233.78,58.44,7.0,1,1,4,4
DNR-02996,6,1141.53,190.26,1.0,1,1,1,6
DNR-02997,4,227.59,56.9,853.0,0,0,0,4
DNR-02998,2,144.28,72.14,366.0,0,0,0,2
DNR-02999,5,35017.02,7003.4,16.0,1,1,4,5
DNR-03000,11,1094.76,99.52,2.0,1,2,2,10
DNR-03001,7,785.55,112.22,84.0,0,1,4,7
DNR-03002,5,668.55,133.71,234.0,0,0,3,5
DNR-03003,3,144.02,48.01,33.0,0,2,3,3
DNR-03004,6,1257.91,209.65,6.0,3,6,6,6
DNR-03005,2,11801.79,5900.9,257.0,0,0,1,2
DNR-03006,2,67.81,33.9,390.0,0,0,0,2
DNR-03007,7,974.51,139.22,125.0,0,0,1,7
DNR-03008,4,647.84,161.96,95.0,0,0,2,4
DNR-03009,8,1107.2,138.4,44.0,0,3,4,8
DNR-03010,2,202.5,101.25,1104.0,0,0,0,2
DNR-03011,3,2322.11,774.04,90.0,0,1,1,3
DNR-03012,7,653.12,93.3,26.0,1,1,1,7
DNR-03013,2,148.76,74.38,20.0,1,1,2,2
DNR-03014,3,12218.07,4072.69,3.0,2,2,3,3
DNR-03015,2,29.84,14.92,193.0,0,0,1,2
DNR-03016,3,218.58,72.86,23.0,2,3,3,3
DNR-03017,7,610.09,87.16,4.0,1,1,4,7
DNR-03018,2,105.84,52.92,354.0,0,0,1,2
DNR-03019,3,2694.94,898.31,191.0,0,0,1,3
DNR-03020,4,101.44,25.36,7.0,1,3,3,4
DNR-03021,2,2469.63,1234.82,44.0,0,1,2,2
DNR-03022,4,1142.06,285.52,505.0,0,0,0,4
DNR-03023,5,308.47,61.69,733.0,0,0,0,5
DNR-03024,8,2121.26,265.16,13.0,1,4,4,8
DNR-03025,6,687.55,114.59,158.0,0,0,1,6
DNR-03026,7,434.29,62.04,25.0,1,4,7,7
DNR-03027,8,1665.52,208.19,0.0,1,2,6,8
DNR-03028,4,15726.41,3931.6,312.0,0,0,2,4
DNR-03029,7,2116.4,302.34,69.0,0,1,4,7
DNR-03030,5,1367.49,273.5,173.0,0,0,4,5
DNR-03031,9,2746.36,305.15,133.0,0,0,2,9
DNR-03032,11,1060.45,96.4,28.0,1,2,6,10
DNR-03033,4,977.37,244.34,66.0,0,2,4,4
DNR-03034,3,22815.32,7605.11,12.0,3,3,3,2
DNR-03035,6,382.24,63.71,8.0,1,3,4,6
DNR-03036,5,697.21,139.44,57.0,0,1,3,5
DNR-03037,2,9096.93,4548.46,50.0,0,1,2,2
DNR-03038,6,377.48,62.91,1.0,1,1,5,6
DNR-03039,3,287.87,95.96,451.0,0,0,0,3
DNR-03040,3,112.79,37.6,524.0,0,0,0,3
DNR-03041,1,423.05,423.05,327.0,0,0,1,1
DNR-03042,6,1353.52,225.59,26.0,1,1,2,6
DNR-03043,7,203643.2,29091.89,252.0,0,0,1,6
DNR-03044,8,824.01,103.0,36.0,0,1,8,8
DNR-03045,5,31218.62,6243.72,197.0,0,0,1,5
DNR-03046,4,562.04,140.51,320.0,0,0,1,4
DNR-03047,6,2158.9,359.82,408.0,0,0,0,6
DNR-03048,5,82469.96,16493.99,164.0,0,0,1,5
DNR-03049,6,2880.84,480.14,105.0,0,0,3,6
DNR-03050,3,132.71,44.24,27.0,1,1,3,3
DNR-03051,6,394.17,65.7,63.0,0,2,6,6
DNR-03052,2,107.2,53.6,361.0,0,0,1,2
DNR-03053,6,212973.05,35495.51,313.0,0,0,2,6
DNR-03054,8,2363.3,295.41,239.0,0,0,2,7
DNR-03055,9,1799.89,199.99,454.0,0,0,0,9
DNR-03056,2,10626.28,5313.14,182.0,0,0,2,2
DNR-03057,3,57983.77,19327.92,240.0,0,0,1,3
DNR-03058,6,1998.52,333.09,410.0,0,0,0,6
DNR-03059,4,1982.61,495.65,145.0,0,0,1,4
DNR-03060,2,119.22,59.61,371.0,0,0,0,2
DNR-03061,9,3135.15,348.35,224.0,0,0,2,8
DNR-03062,5,241.86,48.37,20.0,1,1,4,4
DNR-03063,9,3939.19,437.69,131.0,0,0,2,7
DNR-03064,2,114.28,57.14,1.0,1,2,2,2
DNR-03065,6,2362.26,393.71,30.0,1,3,6,6
DNR-03066,2,7925.2,3962.6,602.0,0,0,0,2
DNR-03067,4,555.95,138.99,279.0,0,0,2,4
DNR-03068,8,112496.3,14062.04,54.0,0,1,7,8
DNR-03069,6,36525.75,6087.62,400.0,0,0,0,4
DNR-03070,9,595.33,66.15,724.0,0,0,0,8
DNR-03071,4,521.17,130.29,113.0,0,0,2,4
DNR-03072,2,87.42,43.71,793.0,0,0,0,2
DNR-03073,6,523.25,87.21,109.0,0,0,1,6
DNR-03074,5,2781.68,556.34,163.0,0,0,2,5
DNR-03075,8,1391.4,173.92,596.0,0,0,0,7
DNR-03076,5,22689.32,4537.86,210.0,0,0,1,5
DNR-03077,9,999.03,111.0,31.0,0,1,2,8
DNR-03078,6,644.19,107.36,24.0,1,2,3,6
DNR-03079,5,265.71,53.14,32.0,0,1,5,4
DNR-03080,4,20361.2,5090.3,106.0,0,0,4,4
DNR-03081,4,668.66,167.16,34.0,0,3,4,4
DNR-03082,6,423.95,70.66,229.0,0,0,2,6
DNR-03083,4,729.58,182.4,47.0,0,1,4,4
DNR-03084,3,745.09,248.36,28.0,1,1,3,3
DNR-03085,3,480.6,160.2,88.0,0,1,2,3
DNR-03086,2,43.01,21.5,22.0,1,1,2,2
DNR-03087,3,344.36,114.79,186.0,0,0,2,3
DNR-03088,5,674.27,134.85,161.0,0,0,2,4
DNR-03089,4,2019.3,504.83,31.0,0,1,1,4
DNR-03090,3,361.8,120.6,449.0,0,0,0,3
DNR-03091,3,393.38,131.13,15.0,1,1,2,3
DNR-03092,2,4000.63,2000.32,90.0,0,1,2,2
DNR-03093,2,100.81,50.4,88.0,0,1,1,2
DNR-03094,4,177.87,44.47,512.0,0,0,0,4
DNR-03095,5,75106.59,15021.32,171.0,0,0,1,5
DNR-03096,7,1838.82,262.69,92.0,0,0,4,7
DNR-03097,6,25113.54,4185.59,321.0,0,0,1,6
DNR-03098,7,3429.12,489.87,150.0,0,0,1,5
DNR-03099,6,42102.87,7017.14,150.0,0,0,1,6
DNR-03100,4,1268.5,317.12,333.0,0,0,1,4
DNR-03101,4,407.46,101.86,112.0,0,0,1,4
DNR-03102,4,21029.09,5257.27,119.0,0,0,2,4
DNR-03103,4,641.32,160.33,255.0,0,0,2,4
DNR-03104,4,54271.7,13567.92,658.0,0,0,0,4
DNR-03105,6,727.07,121.18,138.0,0,0,2,6
DNR-03106,3,185.63,61.88,729.0,0,0,0,3
DNR-03107,7,574.94,82.13,213.0,0,0,2,7
DNR-03108,7,1008.39,144.06,10.0,2,6,7,7
DNR-03109,8,33558.9,4194.86,11.0,1,3,5,8
DNR-03110,9,843.72,93.75,7.0,1,1,8,9
DNR-03111,2,231.08,115.54,124.0,0,0,2,2
DNR-03112,5,545.5,109.1,85.0,0,1,4,5
DNR-03113,5,17649.58,3529.92,114.0,0,0,2,5
DNR-03114,9,1013.46,112.61,102.0,0,0,3,9
DNR-03115,4,239.72,59.93,445.0,0,0,0,4
DNR-03116,9,750.62,83.4,176.0,0,0,6,7
DNR-03117,4,527.75,131.94,278.0,0,0,2,4
DNR-03118,7,94187.51,13455.36,527.0,0,0,0,7
DNR-03119,8,183278.18,22909.77,93.0,0,0,4,8
DNR-03120,5,229.8,45.96,201.0,0,0,3,5
DNR-03121,3,204.03,68.01,45.0,0,1,3,3
DNR-03122,5,220.22,44.04,262.0,0,0,3,5
DNR-03123,2,14912.97,7456.48,437.0,0,0,0,2
DNR-03124,3,494.62,164.87,820.0,0,0,0,3
DNR-03125,5,310.31,62.06,15.0,1,1,3,5
DNR-03126,4,256.76,64.19,374.0,0,0,0,4
DNR-03127,5,469.1,93.82,446.0,0,0,0,5
DNR-03128,7,2971.87,424.55,17.0,1,3,7,7
DNR-03129,7,4393.24,627.61,45.0,0,1,2,7
DNR-03130,4,613.23,153.31,209.0,0,0,2,4
DNR-03131,2,27.66,13.83,866.0,0,0,0,2
DNR-03132,7,199792.39,28541.77,20.0,1,2,4,7
DNR-03133,3,603.3,201.1,69.0,0,2,3,3
DNR-03134,5,326.19,65.24,423.0,0,0,0,5
DNR-03135,5,47527.6,9505.52,21.0,1,3,5,5
DNR-03136,4,546.93,136.73,0.0,4,4,4,4
DNR-03137,7,172944.71,24706.39,185.0,0,0,2,7
DNR-03138,5,27052.61,5410.52,6.0,1,1,1,5
DNR-03139,7,525.23,75.03,4.0,2,2,7,7
DNR-03140,2,8723.37,4361.69,214.0,0,0,2,2
DNR-03141,4,840.85,210.21,50.0,0,1,3,4
DNR-03142,3,176.24,58.75,183.0,0,0,1,3
DNR-03143,5,271.6,54.32,440.0,0,0,0,5
DNR-03144,3,2063.12,687.71,126.0,0,0,1,3
DNR-03145,8,2677.92,334.74,283.0,0,0,1,8
DNR-03146,5,877.79,175.56,452.0,0,0,0,5
DNR-03147,8,687.04,85.88,342.0,0,0,1,7
DNR-03148,7,1034.44,147.78,7.0,1,2,2,6
DNR-03149,4,147.34,36.83,26.0,1,1,4,4
DNR-03150,5,2006.83,401.37,274.0,0,0,1,5
DNR-03151,3,2277.52,759.17,437.0,0,0,0,3
DNR-03152,4,604.24,151.06,45.0,0,1,2,4
DNR-03153,3,122.06,40.69,588.0,0,0,0,3
DNR-03154,4,2883.44,720.86,807.0,0,0,0,4
DNR-03155,1,99.12,99.12,705.0,0,0,0,1
DNR-03156,6,917.77,152.96,163.0,0,0,1,6
DNR-03157,2,24229.43,12114.72,240.0,0,0,1,2
DNR-03158,7,842.51,120.36,8.0,1,1,7,7
DNR-03159,4,409.86,102.46,503.0,0,0,0,4
DNR-03160,6,713.83,118.97,49.0,0,2,6,6
DNR-03161,7,775.38,110.77,45.0,0,1,5,7
DNR-03162,6,2818.84,469.81,17.0,1,5,6,5
DNR-03163,9,1238.82,137.65,146.0,0,0,5,9
DNR-03164,6,685.57,114.26,14.0,2,4,6,6
DNR-03165,4,13879.89,3469.97,80.0,0,1,3,4
DNR-03166,8,1054.42,131.8,232.0,0,0,3,7
DNR-03167,5,1004.17,200.83,97.0,0,0,5,4
DNR-03168,8,3135.8,391.98,77.0,0,2,8,8
DNR-03169,5,152.68,30.54,256.0,0,0,1,5
DNR-03170,3,283.5,94.5,65.0,0,1,3,3
DNR-03171,3,144.1,48.03,16.0,1,1,3,3
DNR-03172,7,84496.76,12070.97,285.0,0,0,3,7
DNR-03173,3,289.01,96.34,121.0,0,0,2,3
DNR-03174,6,57495.18,9582.53,197.0,0,0,1,5
DNR-03175,5,824.9,164.98,683.0,0,0,0,5
DNR-03176,0,0.0,0.0,,0,0,0,0
DNR-03177,4,376.46,94.12,43.0,0,2,4,4
DNR-03178,4,2259.6,564.9,22.0,1,1,1,4
DNR-03179,5,1086.78,217.36,6.0,2,5,5,5
DNR-03180,5,962.34,192.47,97.0,0,0,1,5
DNR-03181,7,2168.34,309.76,309.0,0,0,1,7
DNR-03182,4,158.07,39.52,197.0,0,0,1,4
DNR-03183,6,1042.11,173.69,191.0,0,0,2,6
DNR-03184,8,1055.13,131.89,2.0,1,6,8,7
DNR-03185,2,92.97,46.48,578.0,0,0,0,2
DNR-03186,4,2566.42,641.6,75.0,0,1,3,4
DNR-03187,5,781.92,156.38,104.0,0,0,5,5
DNR-03188,9,1541.46,171.27,147.0,0,0,3,9
DNR-03189,3,36490.16,12163.39,28.0,1,1,3,3
DNR-03190,5,4838.32,967.66,60.0,0,2,5,5
DNR-03191,7,277.27,39.61,4.0,4,7,7,7
DNR-03192,2,47.0,23.5,123.0,0,0,2,2
DNR-03193,5,24148.34,4829.67,210.0,0,0,2,5
DNR-03194,1,95.08,95.08,492.0,0,0,0,1
DNR-03195,4,604.1,151.02,35.0,0,1,3,4
DNR-03196,6,19954.08,3325.68,329.0,0,0,2,6
DNR-03197,7,4483.17,640.45,219.0,0,0,1,7
DNR-03198,4,2044.53,511.13,74.0,0,1,3,4
DNR-03199,5,584.2,116.84,282.0,0,0,1,5
DNR-03200,5,289.05,57.81,152.0,0,0,3,5
DNR-03201,1,98.05,98.05,191.0,0,0,1,1
DNR-03202,4,20776.51,5194.13,126.0,0,0,3,3
DNR-03203,5,2589.05,517.81,20.0,1,1,3,5
DNR-03204,6,980.24,163.37,91.0,0,0,1,6
DNR-03205,4,29467.25,7366.81,241.0,0,0,1,4
DNR-03206,4,1716.31,429.08,739.0,0,0,0,4
DNR-03207,1,17950.32,17950.32,959.0,0,0,0,1
DNR-03208,4,70070.96,17517.74,82.0,0,1,4,4
DNR-03209,4,185.19,46.3,122.0,0,0,4,4
DNR-03210,10,2156.5,215.65,259.0,0,0,1,10
DNR-03211,4,194.65,48.66,62.0,0,1,2,4
DNR-03212,10,1825.35,182.54,77.0,0,1,5,10
DNR-03213,3,3774.51,1258.17,16.0,1,3,3,3
DNR-03214,8,576.49,72.06,68.0,0,2,8,7
DNR-03215,7,1892.41,270.34,60.0,0,2,7,7
DNR-03216,5,265.1,53.02,127.0,0,0,2,5
DNR-03217,3,281.59,93.86,18.0,1,3,3,3
DNR-03218,6,2261.57,376.93,16.0,2,2,3,6
DNR-03219,3,471.96,157.32,133.0,0,0,2,3
DNR-03220,0,0.0,0.0,,0,0,0,0
DNR-03221,11,163331.9,14848.35,407.0,0,0,0,9
DNR-03222,5,33991.56,6798.31,47.0,0,1,2,5
DNR-03223,3,2849.16,949.72,200.0,0,0,1,3
DNR-03224,1,34.42,34.42,552.0,0,0,0,1
DNR-03225,6,574.09,95.68,172.0,0,0,2,6
DNR-03226,4,1235.85,308.96,194.0,0,0,1,4
DNR-03227,6,2063.39,343.9,202.0,0,0,1,6
DNR-03228,0,0.0,0.0,,0,0,0,0
DNR-03229,3,487.9,162.63,254.0,0,0,2,3
DNR-03230,5,2977.95,595.59,3.0,1,4,5,5
DNR-03231,5,369.75,73.95,7.0,1,2,5,5
DNR-03232,7,2697.25,385.32,309.0,0,0,1,7
DNR-03233,10,4567.82,456.78,7.0,1,1,2,9
DNR-03234,7,557.45,79.64,4.0,4,7,7,7
DNR-03235,3,569.2,189.73,39.0,0,2,3,3
DNR-03236,8,1725.38,215.67,575.0,0,0,0,8
DNR-03237,0,0.0,0.0,,0,0,0,0
DNR-03238,7,1416.5,202.36,243.0,0,0,1,7
DNR-03239,4,323.27,80.82,48.0,0,1,4,4
DNR-03240,2,113.46,56.73,956.0,0,0,0,2
DNR-03241,1,532.63,532.63,1519.0,0,0,0,1
DNR-03242,7,4301.72,614.53,15.0,1,4,7,6
DNR-03243,5,692.4,138.48,248.0,0,0,2,4
DNR-03244,6,1748.92,291.49,156.0,0,0,4,6
DNR-03245,5,193.29,38.66,129.0,0,0,1,5
DNR-03246,7,478.47,68.35,91.0,0,0,7,6
DNR-03247,4,931.11,232.78,85.0,0,1,1,4
DNR-03248,7,891.07,127.3,309.0,0,0,2,7
DNR-03249,6,35067.91,5844.65,66.0,0,1,2,6
DNR-03250,2,187.67,93.84,1104.0,0,0,0,2
DNR-03251,8,1089.17,136.15,67.0,0,1,5,8
DNR-03252,3,128.75,42.92,173.0,0,0,1,3
DNR-03253,8,6604.87,825.61,106.0,0,0,1,8
DNR-03254,5,812.59,162.52,3.0,2,2,5,5
DNR-03255,5,344.36,68.87,32.0,0,2,4,5
DNR-03256,2,5041.73,2520.86,713.0,0,0,0,2
DNR-03257,3,498.55,166.18,458.0,0,0,0,3
DNR-03258,6,827.46,137.91,154.0,0,0,2,6
DNR-03259,4,237.07,59.27,1116.0,0,0,0,4
DNR-03260,6,745.67,124.28,86.0,0,1,1,6
DNR-03261,6,3346.51,557.75,19.0,1,2,6,6
DNR-03262,2,106.73,53.36,831.0,0,0,0,2
DNR-03263,7,92977.28,13282.47,21.0,1,2,3,7
DNR-03264,3,11702.54,3900.85,60.0,0,1,2,3
DNR-03265,3,2095.7,698.57,34.0,0,2,3,3
DNR-03266,3,203.82,67.94,39.0,0,1,2,3
DNR-03267,6,896.9,149.48,182.0,0,0,4,5
DNR-03268,6,376.71,62.78,108.0,0,0,3,6
DNR-03269,3,57.89,19.3,151.0,0,0,2,3
DNR-03270,1,52.49,52.49,285.0,0,0,1,1
DNR-03271,5,2673.32,534.66,113.0,0,0,1,5
DNR-03272,2,141.37,70.68,155.0,0,0,1,2
DNR-03273,1,23104.64,23104.64,189.0,0,0,1,1
DNR-03274,1,81.92,81.92,474.0,0,0,0,1
DNR-03275,1,288.46,288.46,367.0,0,0,0,1
DNR-03276,4,1439.89,359.97,98.0,0,0,3,4
DNR-03277,2,298.25,149.12,13.0,1,2,2,2
DNR-03278,4,292.71,73.18,489.0,0,0,0,4
DNR-03279,4,1044.46,261.12,88.0,0,1,2,4
DNR-03280,1,44.66,44.66,387.0,0,0,0,1
DNR-03281,10,1819.14,181.91,16.0,1,1,9,10
DNR-03282,8,522.77,65.35,98.0,0,0,4,7
DNR-03283,4,694.59,173.65,356.0,0,0,1,4
DNR-03284,4,148768.93,37192.23,236.0,0,0,1,4
DNR-03285,5,727.08,145.42,210.0,0,0,1,5
DNR-03286,3,243.68,81.23,44.0,0,3,3,3
DNR-03287,8,1024.5,128.06,0.0,1,2,4,7
DNR-03288,1,2248.72,2248.72,2.0,1,1,1,1
DNR-03289,2,282.73,141.36,598.0,0,0,0,2
DNR-03290,6,786.98,131.16,14.0,1,1,2,6
DNR-03291,2,302.61,151.3,1231.0,0,0,0,2
DNR-03292,6,850.93,141.82,257.0,0,0,1,6
DNR-03293,10,2447.41,244.74,1.0,3,10,10,10
DNR-03294,5,2406.36,481.27,50.0,0,1,4,5
DNR-03295,5,26095.24,5219.05,9.0,3,5,5,5
DNR-03296,4,757.2,189.3,11.0,1,2,2,4
DNR-03297,3,143.91,47.97,116.0,0,0,3,3
DNR-03298,4,360.87,90.22,918.0,0,0,0,4
DNR-03299,3,173.9,57.97,32.0,0,1,1,3
DNR-03300,3,308.5,102.83,169.0,0,0,1,3
DNR-03301,6,801.53,133.59,8.0,1,2,3,6
DNR-03302,6,311.26,51.88,183.0,0,0,3,5
DNR-03303,1,193.74,193.74,193.0,0,0,1,1
DNR-03304,8,521.61,65.2,108.0,0,0,3,8
DNR-03305,9,3181.52,353.5,65.0,0,1,9,7
DNR-03306,6,850.64,141.77,263.0,0,0,1,6
DNR-03307,4,1808.83,452.21,319.0,0,0,1,4
DNR-03308,1,53.43,53.43,916.0,0,0,0,1
DNR-03309,4,2688.7,672.18,53.0,0,1,4,4
DNR-03310,7,792.1,113.16,126.0,0,0,3,7
DNR-03311,5,805.3,161.06,1.0,1,1,2,5
DNR-03312,4,18902.55,4725.64,322.0,0,0,1,4
DNR-03313,6,5770.27,961.71,209.0,0,0,1,6
DNR-03314,6,2698.17,449.7,40.0,0,1,2,6
DNR-03315,4,561.38,140.34,510.0,0,0,0,4
DNR-03316,3,40607.76,13535.92,533.0,0,0,0,3
DNR-03317,3,634.47,211.49,106.0,0,0,3,3
DNR-03318,1,77.99,77.99,1077.0,0,0,0,1
DNR-03319,4,2853.66,713.42,249.0,0,0,1,4
DNR-03320,3,188.24,62.75,8.0,2,2,3,3
DNR-03321,4,487.49,121.87,3.0,1,2,4,4
DNR-03322,4,17436.81,4359.2,81.0,0,1,4,4
DNR-03323,9,2063.16,229.24,310.0,0,0,1,8
DNR-03324,3,2632.53,877.51,746.0,0,0,0,3
DNR-03325,8,2123.4,265.42,66.0,0,1,3,8
DNR-03326,3,189.06,63.02,370.0,0,0,0,3
DNR-03327,2,101.58,50.79,329.0,0,0,1,2
DNR-03328,3,111.59,37.2,337.0,0,0,1,2
DNR-03329,4,903.83,225.96,7.0,2,3,4,4
DNR-03330,2,38.9,19.45,285.0,0,0,1,2
DNR-03331,1,25.67,25.67,204.0,0,0,1,1
DNR-03332,4,1150.41,287.6,204.0,0,0,4,4
DNR-03333,6,81849.27,13641.54,25.0,1,3,6,6
DNR-03334,3,2050.13,683.38,179.0,0,0,2,3
DNR-03335,7,460.55,65.79,73.0,0,1,3,7
DNR-03336,7,29278.27,4182.61,25.0,1,1,4,6
DNR-03337,8,126865.78,15858.22,46.0,0,1,3,7
DNR-03338,1,78.0,78.0,1024.0,0,0,0,1
DNR-03339,5,3189.73,637.95,1115.0,0,0,0,5
DNR-03340,7,570.36,81.48,93.0,0,0,3,7
DNR-03341,7,2298.87,328.41,701.0,0,0,0,7
DNR-03342,5,357.73,71.55,97.0,0,0,2,5
DNR-03343,1,10.91,10.91,1288.0,0,0,0,1
DNR-03344,3,1484.91,494.97,25.0,1,3,3,3
DNR-03345,4,227.29,56.82,131.0,0,0,1,4
DNR-03346,8,2284.05,285.51,5.0,1,1,8,7
DNR-03347,6,2872.28,478.71,28.0,1,4,6,6
DNR-03348,10,1538.4,153.84,32.0,0,1,3,9
DNR-03349,5,296.94,59.39,154.0,0,0,1,5
DNR-03350,4,29984.43,7496.11,114.0,0,0,4,4
DNR-03351,6,2989.28,498.21,163.0,0,0,2,6
DNR-03352,2,148.33,74.16,411.0,0,0,0,2
DNR-03353,6,806.45,134.41,269.0,0,0,2,5
DNR-03354,5,303.5,60.7,33.0,0,1,3,5
DNR-03355,2,582.3,291.15,289.0,0,0,1,2
DNR-03356,7,1302.22,186.03,225.0,0,0,2,7
DNR-03357,7,1754.57,250.65,29.0,1,2,7,6
DNR-03358,1,73.62,73.62,1011.0,0,0,0,1
DNR-03359,3,163.31,54.44,702.0,0,0,0,3
DNR-03360,4,2033.33,508.33,30.0,1,4,4,4
DNR-03361,3,2147.95,715.98,115.0,0,0,3,3
DNR-03362,5,2954.11,590.82,27.0,1,5,5,5
DNR-03363,8,1034.52,129.32,75.0,0,1,5,8
DNR-03364,8,8081.44,1010.18,143.0,0,0,2,7
DNR-03365,4,118.63,29.66,40.0,0,2,4,4
DNR-03366,3,114.24,38.08,124.0,0,0,2,3
DNR-03367,6,758.74,126.46,36.0,0,4,4,5
DNR-03368,3,196.43,65.48,6.0,3,3,3,3
DNR-03369,4,200.99,50.25,46.0,0,1,2,3
DNR-03370,7,1751.68,250.24,54.0,0,1,2,7
DNR-03371,5,217.92,43.58,142.0,0,0,1,5
DNR-03372,8,34623.54,4327.94,37.0,0,1,8,8
DNR-03373,3,136.32,45.44,1.0,1,1,3,3
DNR-03374,2,385.0,192.5,813.0,0,0,0,2
DNR-03375,3,383.22,127.74,35.0,0,1,1,3
DNR-03376,4,1951.61,487.9,68.0,0,1,2,3
DNR-03377,6,523.96,87.33,192.0,0,0,1,6
DNR-03378,5,968.12,193.62,4.0,1,1,2,5
DNR-03379,9,2882.08,320.23,3.0,3,4,9,9
DNR-03380,3,109.92,36.64,49.0,0,1,1,3
DNR-03381,5,28843.44,5768.69,182.0,0,0,2,5
DNR-03382,6,984.29,164.05,44.0,0,3,6,6
DNR-03383,4,2528.95,632.24,123.0,0,0,4,4
DNR-03384,2,280.9,140.45,740.0,0,0,0,2
DNR-03385,4,282.6,70.65,104.0,0,0,4,4
DNR-03386,3,622.86,207.62,18.0,1,1,3,3
DNR-03387,2,1593.58,796.79,11.0,1,1,1,2
DNR-03388,4,623.88,155.97,284.0,0,0,1,4
DNR-03389,7,41030.46,5861.49,22.0,1,7,7,7
DNR-03390,3,501.05,167.02,49.0,0,1,2,3
DNR-03391,4,20967.9,5241.98,20.0,1,1,2,4
DNR-03392,6,752.45,125.41,48.0,0,1,4,6
DNR-03393,4,677.2,169.3,94.0,0,0,2,4
DNR-03394,2,523.57,261.78,459.0,0,0,0,2
DNR-03395,4,277.93,69.48,4.0,1,1,3,4
DNR-03396,5,306.4,61.28,28.0,1,1,1,5
DNR-03397,7,5496.22,785.17,12.0,1,1,2,7
DNR-03398,3,194.23,64.74,591.0,0,0,0,3
DNR-03399,3,379.28,126.43,393.0,0,0,0,3
DNR-03400,7,3160.14,451.45,54.0,0,2,6,7
DNR-03401,3,186.14,62.05,19.0,1,1,2,3
DNR-03402,3,2049.24,683.08,420.0,0,0,0,3
DNR-03403,5,893.06,178.61,60.0,0,3,5,5
DNR-03404,2,46.46,23.23,91.0,0,0,2,2
DNR-03405,5,354.05,70.81,70.0,0,1,1,5
DNR-03406,9,5948.26,660.92,224.0,0,0,1,9
DNR-03407,3,106.83,35.61,1366.0,0,0,0,3
DNR-03408,6,2625.1,437.52,35.0,0,1,3,6
DNR-03409,8,3097.85,387.23,43.0,0,1,4,7
DNR-03410,6,499.23,83.2,193.0,0,0,4,6
DNR-03411,6,143960.69,23993.45,80.0,0,1,6,6
DNR-03412,7,617.03,88.15,170.0,0,0,1,7
DNR-03413,3,34741.92,11580.64,226.0,0,0,1,3
DNR-03414,7,2567.4,366.77,119.0,0,0,4,7
DNR-03415,1,2111.57,2111.57,89.0,0,1,1,1
DNR-03416,6,2202.91,367.15,184.0,0,0,1,6
DNR-03417,5,18328.28,3665.66,125.0,0,0,3,5
DNR-03418,3,451.81,150.6,242.0,0,0,3,3
DNR-03419,8,2924.97,365.62,56.0,0,4,8,8
DNR-03420,1,95.48,95.48,558.0,0,0,0,1
DNR-03421,7,662.86,94.69,418.0,0,0,0,7
DNR-03422,0,0.0,0.0,,0,0,0,0
DNR-03423,5,857.92,171.58,4.0,1,1,5,5
DNR-03424,8,1479.98,185.0,70.0,0,1,2,7
DNR-03425,5,972.15,194.43,153.0,0,0,1,5
DNR-03426,4,1066.77,266.69,238.0,0,0,2,4
DNR-03427,6,335.36,55.89,46.0,0,1,2,6
DNR-03428,8,543.24,67.9,120.0,0,0,2,8
DNR-03429,8,1839.29,229.91,162.0,0,0,3,7
DNR-03430,2,190.4,95.2,12.0,1,1,2,2
DNR-03431,0,0.0,0.0,,0,0,0,0
DNR-03432,3,246.77,82.26,0.0,1,1,2,3
DNR-03433,3,43291.13,14430.38,44.0,0,1,3,3
DNR-03434,5,202.78,40.56,204.0,0,0,2,5
DNR-03435,3,567.71,189.24,72.0,0,2,2,3
DNR-03436,7,178343.25,25477.61,60.0,0,1,3,7
DNR-03437,4,207.73,51.93,25.0,1,1,2,4
DNR-03438,4,12819.34,3204.84,0.0,3,4,4,4
DNR-03439,3,18958.88,6319.63,17.0,1,2,3,3
DNR-03440,3,158.05,52.68,111.0,0,0,3,3
DNR-03441,8,5878.31,734.79,7.0,4,8,8,8
DNR-03442,5,226.59,45.32,12.0,1,4,5,5
DNR-03443,3,74839.28,24946.43,108.0,0,0,2,3
DNR-03444,4,837.62,209.4,366.0,0,0,0,4
DNR-03445,3,1330.74,443.58,28.0,1,3,3,3
DNR-03446,4,1875.44,468.86,89.0,0,1,1,4
DNR-03447,4,922.8,230.7,290.0,0,0,1,4
DNR-03448,5,257.41,51.48,18.0,1,5,5,5
DNR-03449,6,483.77,80.63,26.0,1,2,6,6
DNR-03450,8,42551.44,5318.93,190.0,0,0,2,7
DNR-03451,11,2096.99,190.64,19.0,1,1,5,11
DNR-03452,3,16290.73,5430.24,581.0,0,0,0,3
DNR-03453,7,612.98,87.57,44.0,0,2,7,7
DNR-03454,6,392.35,65.39,256.0,0,0,1,6
DNR-03455,2,69.34,34.67,840.0,0,0,0,2
DNR-03456,3,154.91,51.64,125.0,0,0,2,3
DNR-03457,2,157.83,78.91,105.0,0,0,1,2
DNR-03458,7,781.46,111.64,58.0,0,1,2,7
DNR-03459,4,413.72,103.43,85.0,0,1,2,3
DNR-03460,6,1100.03,183.34,136.0,0,0,1,6
DNR-03461,9,2698.47,299.83,142.0,0,0,3,9
DNR-03462,8,546.22,68.28,69.0,0,1,5,8
DNR-03463,6,1137.57,189.6,44.0,0,1,1,5
DNR-03464,6,321.94,53.66,211.0,0,0,2,6
DNR-03465,0,0.0,0.0,,0,0,0,0
DNR-03466,4,2902.57,725.64,33.0,0,1,3,4
DNR-03467,2,454.87,227.44,393.0,0,0,0,2
DNR-03468,4,22390.46,5597.62,460.0,0,0,0,4
DNR-03469,7,966.62,138.09,185.0,0,0,3,7
DNR-03470,3,252.59,84.2,380.0,0,0,0,3
DNR-03471,8,1632.09,204.01,39.0,0,1,8,8
DNR-03472,10,62295.13,6229.51,7.0,2,3,6,10
DNR-03473,5,832.78,166.56,224.0,0,0,2,5
DNR-03474,5,539.5,107.9,202.0,0,0,2,5
DNR-03475,3,208.79,69.6,442.0,0,0,0,3
DNR-03476,3,14835.67,4945.22,222.0,0,0,1,3
DNR-03477,3,516.37,172.12,152.0,0,0,1,3
DNR-03478,2,332.12,166.06,72.0,0,1,2,2
DNR-03479,7,610.22,87.17,23.0,2,7,7,7
DNR-03480,4,1775.96,443.99,801.0,0,0,0,4
DNR-03481,4,214.04,53.51,183.0,0,0,2,3
DNR-03482,7,741.64,105.95,530.0,0,0,0,7
DNR-03483,5,4408.03,881.61,22.0,1,1,3,4
DNR-03484,2,170.17,85.08,57.0,0,1,1,2
DNR-03485,4,1961.48,490.37,34.0,0,3,4,4
DNR-03486,4,245.36,61.34,445.0,0,0,0,4
DNR-03487,6,3062.79,510.46,26.0,1,1,5,6
DNR-03488,6,577.41,96.24,802.0,0,0,0,6
DNR-03489,5,33589.61,6717.92,39.0,0,2,5,5
DNR-03490,6,768.04,128.01,20.0,1,1,4,6
DNR-03491,4,649.34,162.34,59.0,0,1,1,4
DNR-03492,2,124.19,62.1,420.0,0,0,0,2
DNR-03493,1,54.56,54.56,117.0,0,0,1,1
DNR-03494,5,246.82,49.36,24.0,3,5,5,5
DNR-03495,4,185.16,46.29,14.0,1,2,2,4
DNR-03496,8,125069.1,15633.64,25.0,1,3,8,7
DNR-03497,7,1117.08,159.58,14.0,1,1,4,7
DNR-03498,4,291.91,72.98,7.0,2,3,4,4
DNR-03499,7,1135.72,162.25,289.0,0,0,2,7
DNR-03500,6,667.57,111.26,403.0,0,0,0,6
DNR-03501,5,2871.11,574.22,50.0,0,1,1,5
DNR-03502,5,231.32,46.26,300.0,0,0,1,5
DNR-03503,5,618.28,123.66,247.0,0,0,1,5
DNR-03504,6,592.71,98.79,328.0,0,0,1,6
DNR-03505,3,410.13,136.71,144.0,0,0,1,3
DNR-03506,4,405.08,101.27,40.0,0,2,2,4
DNR-03507,3,121.97,40.66,467.0,0,0,0,3
DNR-03508,9,2640.11,293.35,142.0,0,0,2,8
DNR-03509,5,676.29,135.26,0.0,1,4,5,5
DNR-03510,7,2919.59,417.08,79.0,0,1,3,7
DNR-03511,4,62563.02,15640.76,595.0,0,0,0,3
DNR-03512,4,545.35,136.34,155.0,0,0,1,4
DNR-03513,3,499.32,166.44,78.0,0,1,1,3
DNR-03514,8,2780.94,347.62,16.0,2,5,8,7
DNR-03515,5,671.22,134.24,28.0,1,1,1,5
DNR-03516,6,1509.25,251.54,183.0,0,0,4,5
DNR-03517,4,615.68,153.92,446.0,0,0,0,4
DNR-03518,8,1255.93,156.99,2.0,1,3,8,7
DNR-03519,8,405.64,50.7,1.0,1,3,8,8
DNR-03520,2,74.68,37.34,426.0,0,0,0,2
DNR-03521,7,611.17,87.31,370.0,0,0,0,7
DNR-03522,5,1146.65,229.33,267.0,0,0,1,5
DNR-03523,2,55.08,27.54,611.0,0,0,0,2
DNR-03524,5,181798.16,36359.63,334.0,0,0,1,5
DNR-03525,8,802.84,100.36,0.0,8,8,8,7
DNR-03526,8,1528.08,191.01,42.0,0,1,5,8
DNR-03527,7,2987.46,426.78,67.0,0,1,4,7
DNR-03528,6,1585.79,264.3,31.0,0,5,6,6
DNR-03529,4,740.22,185.06,3.0,3,4,4,4
DNR-03530,2,502.65,251.32,21.0,1,2,2,2
DNR-03531,7,375.1,53.59,367.0,0,0,0,7
DNR-03532,8,1228.08,153.51,38.0,0,1,2,8
DNR-03533,5,1428.91,285.78,42.0,0,1,1,5
DNR-03534,4,624.68,156.17,71.0,0,1,1,4
DNR-03535,6,274.45,45.74,8.0,2,4,6,6
DNR-03536,6,32438.27,5406.38,110.0,0,0,2,6
DNR-03537,4,881.34,220.34,22.0,1,1,1,4
DNR-03538,5,2616.03,523.21,17.0,3,5,5,5
DNR-03539,5,298.41,59.68,25.0,1,2,2,5
DNR-03540,3,387.17,129.06,599.0,0,0,0,3
DNR-03541,8,2458.85,307.36,62.0,0,2,5,7
DNR-03542,3,13784.68,4594.89,278.0,0,0,3,3
DNR-03543,4,257.71,64.43,24.0,1,2,4,4
DNR-03544,5,2870.51,574.1,52.0,0,1,2,5
DNR-03545,8,1332.95,166.62,528.0,0,0,0,8
DNR-03546,7,229.26,32.75,89.0,0,1,4,7
DNR-03547,6,1869.11,311.52,104.0,0,0,6,6
DNR-03548,4,2721.81,680.45,44.0,0,1,3,4
DNR-03549,5,1034.08,206.82,628.0,0,0,0,5
DNR-03550,5,20818.78,4163.76,430.0,0,0,0,5
DNR-03551,9,1287.87,143.1,73.0,0,3,6,9
DNR-03552,3,16232.77,5410.92,168.0,0,0,2,3
DNR-03553,6,1017.62,169.6,124.0,0,0,2,6
DNR-03554,5,594.14,118.83,238.0,0,0,2,5
DNR-03555,5,2551.76,510.35,21.0,2,2,5,5
DNR-03556,8,48781.84,6097.73,8.0,1,1,1,8
DNR-03557,3,2257.55,752.52,25.0,1,1,2,3
DNR-03558,5,58390.03,11678.01,92.0,0,0,2,5
DNR-03559,3,312.04,104.01,65.0,0,1,1,3
DNR-03560,5,2505.34,501.07,79.0,0,1,2,5
DNR-03561,6,549.24,91.54,9.0,4,6,6,6
DNR-03562,5,1025.87,205.17,28.0,1,1,1,5
DNR-03563,8,2892.45,361.56,1.0,1,5,8,8
DNR-03564,2,309.8,154.9,1029.0,0,0,0,2
DNR-03565,7,1177.27,168.18,160.0,0,0,1,7
DNR-03566,7,1597.05,228.15,14.0,2,3,7,7
DNR-03567,1,1819.05,1819.05,347.0,0,0,1,1
DNR-03568,5,3457.14,691.43,78.0,0,1,3,5
DNR-03569,7,1651.73,235.96,91.0,0,0,1,6
DNR-03570,2,193.29,96.64,27.0,1,2,2,2
DNR-03571,10,3214.49,321.45,0.0,3,7,10,8
DNR-03572,6,1109.78,184.96,519.0,0,0,0,6
DNR-03573,2,189.04,94.52,203.0,0,0,2,2
DNR-03574,6,1021.44,170.24,53.0,0,1,2,6
DNR-03575,6,697.13,116.19,252.0,0,0,1,6
DNR-03576,3,1203.47,401.16,639.0,0,0,0,2
DNR-03577,5,444.61,88.92,7.0,1,2,5,4
DNR-03578,4,330.7,82.68,4.0,3,4,4,4
DNR-03579,8,685.57,85.7,40.0,0,1,1,7
DNR-03580,5,75363.34,15072.67,339.0,0,0,1,5
DNR-03581,3,156.16,52.05,39.0,0,1,1,3
DNR-03582,5,2099.24,419.85,502.0,0,0,0,5
DNR-03583,5,20968.34,4193.67,101.0,0,0,1,5
DNR-03584,5,1142.47,228.49,253.0,0,0,1,5
DNR-03585,8,636.14,79.52,4.0,1,1,4,7
DNR-03586,4,867.59,216.9,944.0,0,0,0,4
DNR-03587,5,2916.7,583.34,117.0,0,0,5,5
DNR-03588,6,1287.04,214.51,445.0,0,0,0,6
DNR-03589,8,3940.64,492.58,306.0,0,0,2,7
DNR-03590,7,580.39,82.91,47.0,0,1,2,6
DNR-03591,7,519.25,74.18,500.0,0,0,0,6
DNR-03592,8,3746.34,468.29,132.0,0,0,1,7
DNR-03593,4,1300.17,325.04,102.0,0,0,4,4
DNR-03594,4,11700.04,2925.01,33.0,0,2,4,3
DNR-03595,5,515.84,103.17,61.0,0,1,2,5
DNR-03596,6,461.28,76.88,92.0,0,0,4,6
DNR-03597,5,32661.24,6532.25,322.0,0,0,1,5
DNR-03598,3,337.21,112.4,460.0,0,0,0,3
DNR-03599,5,99716.2,19943.24,110.0,0,0,5,5
DNR-03600,3,167.36,55.79,139.0,0,0,1,3
DNR-03601,4,386.74,96.68,262.0,0,0,1,4
DNR-03602,3,37636.51,12545.5,25.0,1,1,3,3
DNR-03603,6,927.4,154.57,156.0,0,0,4,6
DNR-03604,2,304.3,152.15,566.0,0,0,0,2
DNR-03605,4,402.87,100.72,236.0,0,0,1,4
DNR-03606,0,0.0,0.0,,0,0,0,0
DNR-03607,4,440.23,110.06,22.0,1,1,1,4
DNR-03608,6,2288.93,381.49,602.0,0,0,0,6
DNR-03609,8,1024.01,128.0,7.0,2,2,7,8
DNR-03610,6,786.46,131.08,129.0,0,0,1,6
DNR-03611,4,437.9,109.48,113.0,0,0,4,4
DNR-03612,5,888.36,177.67,1.0,3,5,5,5
DNR-03613,4,252.99,63.25,16.0,1,2,4,4
DNR-03614,3,2122.04,707.35,200.0,0,0,1,3
DNR-03615,8,2532.11,316.51,54.0,0,1,2,8
DNR-03616,5,2866.19,573.24,118.0,0,0,1,4
DNR-03617,3,41795.33,13931.78,0.0,1,3,3,3
DNR-03618,4,499.97,124.99,42.0,0,1,2,4
DNR-03619,5,839.66,167.93,183.0,0,0,2,5
DNR-03620,3,527.94,175.98,169.0,0,0,3,3
DNR-03621,4,622.0,155.5,707.0,0,0,0,4
DNR-03622,6,74844.67,12474.11,14.0,2,2,6,5
DNR-03623,3,1107.69,369.23,79.0,0,1,1,3
DNR-03624,8,714.61,89.33,7.0,4,8,8,8
DNR-03625,11,1565.1,142.28,22.0,1,4,5,11
DNR-03626,4,573.7,143.43,1.0,4,4,4,4
DNR-03627,5,341.18,68.24,134.0,0,0,2,5
DNR-03628,2,91.69,45.84,377.0,0,0,0,2
DNR-03629,2,155.67,77.84,1262.0,0,0,0,2
DNR-03630,3,2069.4,689.8,118.0,0,0,2,3
DNR-03631,5,470.56,94.11,16.0,1,1,2,5
DNR-03632,5,2076.62,415.32,164.0,0,0,3,5
DNR-03633,4,289.62,72.4,156.0,0,0,2,4
DNR-03634,6,393.16,65.53,36.0,0,2,3,6
DNR-03635,2,31758.89,15879.44,641.0,0,0,0,2
DNR-03636,7,412.17,58.88,39.0,0,1,4,7
DNR-03637,6,521.8,86.97,338.0,0,0,1,6
DNR-03638,5,410.3,82.06,18.0,1,1,5,5
DNR-03639,9,1202.96,133.66,42.0,0,1,3,9
DNR-03640,4,815.36,203.84,97.0,0,0,3,4
DNR-03641,5,203.31,40.66,52.0,0,1,4,5
DNR-03642,4,21092.67,5273.17,28.0,1,2,4,4
DNR-03643,5,947.15,189.43,441.0,0,0,0,5
DNR-03644,6,1323.08,220.51,5.0,2,2,4,6
DNR-03645,4,28308.42,7077.1,63.0,0,2,3,3
DNR-03646,6,806.72,134.45,187.0,0,0,3,6
DNR-03647,8,115325.21,14415.65,36.0,0,1,5,8
DNR-03648,4,292.67,73.17,9.0,3,4,4,4
DNR-03649,8,558.91,69.86,0.0,1,2,5,8
DNR-03650,7,733.01,104.72,8.0,1,5,7,7
DNR-03651,5,238.87,47.77,211.0,0,0,5,5
DNR-03652,2,99.2,49.6,13.0,1,1,2,2
DNR-03653,8,894.55,111.82,58.0,0,1,2,8
DNR-03654,5,722.55,144.51,68.0,0,1,3,5
DNR-03655,5,4297.09,859.42,159.0,0,0,1,5
DNR-03656,1,30.82,30.82,57.0,0,1,1,1
DNR-03657,4,727.81,181.95,457.0,0,0,0,4
DNR-03658,4,1018.82,254.7,260.0,0,0,1,4
DNR-03659,2,289.1,144.55,640.0,0,0,0,2
DNR-03660,5,276.37,55.27,151.0,0,0,1,5
DNR-03661,3,2055.6,685.2,27.0,1,2,3,3
DNR-03662,4,18949.74,4737.44,210.0,0,0,3,4
DNR-03663,3,476.81,158.94,92.0,0,0,3,3
DNR-03664,4,26993.93,6748.48,154.0,0,0,3,4
DNR-03665,1,811.17,811.17,483.0,0,0,0,1
DNR-03666,5,2336.19,467.24,35.0,0,2,3,5
DNR-03667,5,1001.39,200.28,198.0,0,0,1,5
DNR-03668,6,1315.14,219.19,1.0,2,2,3,6
DNR-03669,6,180402.39,30067.06,13.0,1,2,6,6
DNR-03670,7,1689.65,241.38,46.0,0,1,2,7
DNR-03671,2,414.33,207.16,335.0,0,0,1,2
DNR-03672,3,146.57,48.86,5.0,2,3,3,3
DNR-03673,5,1138.98,227.8,171.0,0,0,3,5
DNR-03674,6,1071.72,178.62,320.0,0,0,1,6
DNR-03675,3,182.69,60.9,394.0,0,0,0,3
DNR-03676,4,2816.52,704.13,112.0,0,0,3,3
DNR-03677,4,1556.21,389.05,5.0,3,4,4,4
DNR-03678,9,1723.82,191.54,111.0,0,0,3,7
DNR-03679,4,418.74,104.68,54.0,0,1,2,4
DNR-03680,1,70.13,70.13,21.0,1,1,1,1
DNR-03681,4,252.2,63.05,8.0,2,2,3,4
DNR-03682,5,440.68,88.14,195.0,0,0,2,5
DNR-03683,3,3224.28,1074.76,534.0,0,0,0,3
DNR-03684,2,160.84,80.42,287.0,0,0,1,2
DNR-03685,8,365.23,45.65,2.0,1,1,4,8
DNR-03686,6,2173.83,362.3,16.0,1,2,4,6
DNR-03687,5,456.51,91.3,138.0,0,0,1,5
DNR-03688,3,77269.5,25756.5,305.0,0,0,1,3
DNR-03689,8,1059.29,132.41,31.0,0,7,8,8
DNR-03690,6,633.34,105.56,143.0,0,0,3,6
DNR-03691,4,170.46,42.62,392.0,0,0,0,4
DNR-03692,6,3272.66,545.44,161.0,0,0,4,6
DNR-03693,4,2310.23,577.56,120.0,0,0,3,4
DNR-03694,5,1511.55,302.31,18.0,1,1,2,5
DNR-03695,6,2018.55,336.42,79.0,0,1,6,6
DNR-03696,4,529.78,132.44,27.0,1,3,4,4
DNR-03697,4,636.38,159.1,126.0,0,0,1,4
DNR-03698,8,1089.48,136.18,649.0,0,0,0,8
DNR-03699,4,745.59,186.4,148.0,0,0,2,3
DNR-03700,5,125087.45,25017.49,4.0,1,3,5,5
DNR-03701,2,318.29,159.15,34.0,0,1,1,2
DNR-03702,5,2324.4,464.88,88.0,0,1,5,5
DNR-03703,3,76745.21,25581.74,52.0,0,1,3,3
DNR-03704,4,1194.47,298.62,4.0,1,2,4,4
DNR-03705,6,403.5,67.25,20.0,1,1,3,6
DNR-03706,3,128.88,42.96,1382.0,0,0,0,3
DNR-03707,5,1166.72,233.34,192.0,0,0,1,5
DNR-03708,7,812.9,116.13,19.0,1,1,5,7
DNR-03709,6,2743.41,457.24,148.0,0,0,3,6
DNR-03710,6,737.03,122.84,89.0,0,1,6,6
DNR-03711,5,2451.06,490.21,232.0,0,0,1,5
DNR-03712,4,373.68,93.42,45.0,0,2,4,4
DNR-03713,5,34744.61,6948.92,100.0,0,0,5,5
DNR-03714,8,893.96,111.74,34.0,0,3,8,8
DNR-03715,7,852.08,121.73,7.0,5,7,7,6
DNR-03716,5,3070.59,614.12,3.0,2,2,5,5
DNR-03717,2,1879.21,939.6,225.0,0,0,1,2
DNR-03718,5,443.22,88.64,54.0,0,2,5,5
DNR-03719,2,215.99,108.0,13.0,2,2,2,2
DNR-03720,4,721.65,180.41,140.0,0,0,4,4
DNR-03721,5,282.06,56.41,211.0,0,0,1,5
DNR-03722,5,285.04,57.01,57.0,0,1,3,5
DNR-03723,4,1455.36,363.84,240.0,0,0,3,4
DNR-03724,5,19273.07,3854.61,156.0,0,0,2,5
DNR-03725,7,2073.46,296.21,60.0,0,1,1,7
DNR-03726,5,706.83,141.37,368.0,0,0,0,3
DNR-03727,4,2349.88,587.47,93.0,0,0,2,4
DNR-03728,8,451.2,56.4,87.0,0,1,4,8
DNR-03729,8,97332.84,12166.6,148.0,0,0,3,8
DNR-03730,3,221.57,73.86,23.0,1,2,2,3
DNR-03731,10,1308.08,130.81,12.0,1,4,6,10
DNR-03732,4,288.84,72.21,46.0,0,1,1,4
DNR-03733,5,67666.89,13533.38,385.0,0,0,0,5
DNR-03734,6,2001.82,333.64,41.0,0,2,2,6
DNR-03735,8,639.42,79.93,6.0,1,3,8,8
DNR-03736,4,446.93,111.73,36.0,0,1,1,4
DNR-03737,8,74190.56,9273.82,142.0,0,0,4,8
DNR-03738,7,83150.86,11878.69,6.0,1,5,7,7
DNR-03739,3,77.66,25.89,33.0,0,1,1,3
DNR-03740,1,17.22,17.22,802.0,0,0,0,1
DNR-03741,5,72724.84,14544.97,198.0,0,0,1,4
DNR-03742,5,546.49,109.3,16.0,1,5,5,5
DNR-03743,5,2409.64,481.93,8.0,1,2,4,5
DNR-03744,7,4053.09,579.01,32.0,0,1,3,7
DNR-03745,2,121.65,60.82,35.0,0,2,2,2
DNR-03746,2,1280.14,640.07,59.0,0,1,2,2
DNR-03747,5,536.55,107.31,167.0,0,0,2,5
DNR-03748,6,41430.61,6905.1,412.0,0,0,0,6
DNR-03749,4,1131.76,282.94,47.0,0,1,2,4
DNR-03750,9,984.96,109.44,229.0,0,0,2,9
DNR-03751,7,91862.38,13123.2,111.0,0,0,1,7
DNR-03752,9,3674.17,408.24,262.0,0,0,4,9
DNR-03753,1,71.11,71.11,243.0,0,0,1,1
DNR-03754,9,308209.46,34245.5,17.0,1,1,2,8
DNR-03755,12,389.2,32.43,11.0,2,2,11,10
DNR-03756,5,3678.09,735.62,336.0,0,0,1,5
DNR-03757,7,1062.64,151.81,0.0,1,1,5,7
DNR-03758,8,4051.84,506.48,42.0,0,3,7,8
DNR-03759,5,415.74,83.15,305.0,0,0,1,5
DNR-03760,2,544.82,272.41,23.0,2,2,2,2
DNR-03761,5,1850.26,370.05,130.0,0,0,4,5
DNR-03762,1,65.94,65.94,788.0,0,0,0,1
DNR-03763,7,820.91,117.27,4.0,1,2,7,7
DNR-03764,7,545.5,77.93,118.0,0,0,1,7
DNR-03765,6,506.76,84.46,225.0,0,0,2,6
DNR-03766,5,17000.4,3400.08,73.0,0,1,3,5
DNR-03767,6,171267.16,28544.53,161.0,0,0,2,5
DNR-03768,4,893.23,223.31,3.0,2,3,4,4
DNR-03769,9,800.35,88.93,21.0,1,1,4,8
DNR-03770,8,2118.31,264.79,101.0,0,0,6,7
DNR-03771,7,734.91,104.99,188.0,0,0,4,7
DNR-03772,11,2590.9,235.54,24.0,1,2,5,10
DNR-03773,10,946.72,94.67,104.0,0,0,5,10
DNR-03774,6,4052.67,675.44,115.0,0,0,2,6
DNR-03775,4,2140.44,535.11,208.0,0,0,1,4
DNR-03776,2,124.21,62.1,193.0,0,0,2,2
DNR-03777,2,12091.19,6045.59,789.0,0,0,0,2
DNR-03778,4,1616.93,404.23,7.0,1,1,4,4
DNR-03779,3,261.89,87.3,179.0,0,0,3,3
DNR-03780,5,3954.65,790.93,353.0,0,0,1,5
DNR-03781,6,1088.33,181.39,214.0,0,0,1,6
DNR-03782,4,1221.06,305.26,115.0,0,0,1,4
DNR-03783,5,110072.29,22014.46,5.0,1,3,4,5
DNR-03784,3,818.84,272.95,420.0,0,0,0,3
DNR-03785,6,1738.41,289.73,75.0,0,1,1,6
DNR-03786,4,1666.59,416.65,240.0,0,0,1,4
DNR-03787,4,165.43,41.36,32.0,0,1,2,4
DNR-03788,2,55591.11,27795.56,69.0,0,1,2,2
DNR-03789,6,1066.42,177.74,277.0,0,0,3,6
DNR-03790,3,22545.59,7515.2,467.0,0,0,0,3
DNR-03791,3,2203.75,734.58,288.0,0,0,1,3
DNR-03792,10,5222.82,522.28,212.0,0,0,2,9
DNR-03793,6,512.41,85.4,305.0,0,0,1,6
DNR-03794,5,2468.05,493.61,100.0,0,0,5,5
DNR-03795,3,594.16,198.05,143.0,0,0,1,3
DNR-03796,4,233.9,58.48,64.0,0,1,2,4
DNR-03797,6,1541.11,256.85,234.0,0,0,2,6
DNR-03798,7,1772.86,253.27,76.0,0,1,3,7
DNR-03799,2,48.13,24.06,1065.0,0,0,0,2
DNR-03800,3,473.79,157.93,128.0,0,0,3,3
DNR-03801,6,802.94,133.82,139.0,0,0,1,6
DNR-03802,5,684.66,136.93,9.0,2,5,5,5
DNR-03803,5,2512.11,502.42,16.0,2,2,3,5
DNR-03804,5,358.27,71.65,68.0,0,1,4,5
DNR-03805,5,1437.25,287.45,284.0,0,0,3,4
DNR-03806,5,3040.01,608.0,367.0,0,0,0,5
DNR-03807,3,1024.61,341.54,164.0,0,0,1,3
DNR-03808,7,21380.84,3054.41,141.0,0,0,2,7
DNR-03809,6,1583.0,263.83,71.0,0,1,6,6
DNR-03810,3,13684.24,4561.41,334.0,0,0,1,2
DNR-03811,9,856.9,95.21,40.0,0,1,2,9
DNR-03812,3,174.04,58.01,315.0,0,0,1,3
DNR-03813,0,0.0,0.0,,0,0,0,0
DNR-03814,4,243.3,60.82,592.0,0,0,0,4
DNR-03815,2,40.83,20.42,504.0,0,0,0,2
DNR-03816,0,0.0,0.0,,0,0,0,0
DNR-03817,5,980.78,196.16,217.0,0,0,1,5
DNR-03818,1,42.01,42.01,361.0,0,0,1,1
DNR-03819,1,1658.1,1658.1,161.0,0,0,1,1
DNR-03820,6,2030.04,338.34,6.0,2,6,6,6
DNR-03821,1,93.62,93.62,412.0,0,0,0,1
DNR-03822,5,186.05,37.21,60.0,0,1,2,5
DNR-03823,11,829.66,75.42,38.0,0,2,6,9
DNR-03824,5,2668.09,533.62,9.0,1,1,2,5
DNR-03825,4,47656.07,11914.02,293.0,0,0,2,3
DNR-03826,2,96.03,48.02,520.0,0,0,0,2
DNR-03827,7,694.38,99.2,44.0,0,1,7,7
DNR-03828,7,420.36,60.05,86.0,0,1,4,7
DNR-03829,6,3509.83,584.97,184.0,0,0,2,6
DNR-03830,4,74653.78,18663.44,84.0,0,1,4,4
DNR-03831,6,658.34,109.72,343.0,0,0,2,6
DNR-03832,4,550.58,137.65,111.0,0,0,1,4
DNR-03833,5,22818.87,4563.77,13.0,3,5,5,5
DNR-03834,6,67231.8,11205.3,69.0,0,1,3,6
DNR-03835,4,66876.39,16719.1,136.0,0,0,1,4
DNR-03836,6,555.77,92.63,19.0,1,3,3,6
DNR-03837,2,754.83,377.42,116.0,0,0,1,2
DNR-03838,5,306.55,61.31,156.0,0,0,1,5
DNR-03839,4,2554.57,638.64,808.0,0,0,0,4
DNR-03840,6,2893.63,482.27,305.0,0,0,1,6
DNR-03841,4,100861.12,25215.28,95.0,0,0,4,4
DNR-03842,3,227.29,75.76,410.0,0,0,0,3
DNR-03843,6,598.03,99.67,66.0,0,1,2,4
DNR-03844,2,2511.34,1255.67,539.0,0,0,0,2
DNR-03845,4,627.5,156.88,0.0,1,1,4,4
DNR-03846,7,3122.94,446.13,6.0,1,2,5,7
DNR-03847,2,21639.68,10819.84,257.0,0,0,1,2
DNR-03848,4,31498.23,7874.56,871.0,0,0,0,4
DNR-03849,9,2034.9,226.1,140.0,0,0,4,8
DNR-03850,3,94595.49,31531.83,636.0,0,0,0,3
DNR-03851,5,70520.19,14104.04,65.0,0,1,1,5
DNR-03852,1,6470.0,6470.0,43.0,0,1,1,1
DNR-03853,4,654.63,163.66,49.0,0,1,4,4
DNR-03854,2,30425.47,15212.74,759.0,0,0,0,2
DNR-03855,5,386.16,77.23,143.0,0,0,2,5
DNR-03856,5,839.55,167.91,122.0,0,0,2,5
DNR-03857,0,0.0,0.0,,0,0,0,0
DNR-03858,3,2315.42,771.81,394.0,0,0,0,3
DNR-03859,3,188.67,62.89,171.0,0,0,2,3
DNR-03860,3,9458.68,3152.89,423.0,0,0,0,3
DNR-03861,7,985.41,140.77,105.0,0,0,7,7
DNR-03862,6,3534.75,589.12,151.0,0,0,2,6
DNR-03863,4,273.88,68.47,86.0,0,1,1,4
DNR-03864,11,206422.06,18765.64,2.0,6,11,11,10
DNR-03865,2,100.96,50.48,356.0,0,0,1,2
DNR-03866,4,221.67,55.42,363.0,0,0,1,4
DNR-03867,4,31607.64,7901.91,116.0,0,0,1,4
DNR-03868,6,27278.04,4546.34,175.0,0,0,2,6
DNR-03869,6,569.94,94.99,35.0,0,1,6,6
DNR-03870,5,355.03,71.01,531.0,0,0,0,5
DNR-03871,8,3117.97,389.75,37.0,0,3,8,8
DNR-03872,5,2331.75,466.35,68.0,0,1,1,4
DNR-03873,3,15033.16,5011.05,20.0,2,3,3,3
DNR-03874,4,56148.0,14037.0,83.0,0,1,3,4
DNR-03875,8,336.81,42.1,3.0,6,8,8,7
DNR-03876,3,2093.19,697.73,690.0,0,0,0,3
DNR-03877,2,86.65,43.32,1400.0,0,0,0,2
DNR-03878,7,788.58,112.65,547.0,0,0,0,7
DNR-03879,2,205.3,102.65,1369.0,0,0,0,2
DNR-03880,1,166.6,166.6,187.0,0,0,1,1
DNR-03881,4,1851.45,462.86,130.0,0,0,2,4
DNR-03882,9,800.69,88.97,14.0,1,2,9,9
DNR-03883,3,526.55,175.52,198.0,0,0,2,3
DNR-03884,3,593.43,197.81,114.0,0,0,1,3
DNR-03885,4,3900.65,975.16,200.0,0,0,2,4
DNR-03886,4,2071.95,517.99,252.0,0,0,1,4
DNR-03887,8,3033.48,379.19,134.0,0,0,1,8
DNR-03888,1,84.03,84.03,11.0,1,1,1,1
DNR-03889,4,936.44,234.11,591.0,0,0,0,3
DNR-03890,8,2389.22,298.65,112.0,0,0,4,7
DNR-03891,6,349.5,58.25,86.0,0,1,1,6
DNR-03892,8,1796.24,224.53,111.0,0,0,2,7
DNR-03893,4,628.15,157.04,44.0,0,1,3,4
DNR-03894,6,33679.98,5613.33,24.0,1,2,6,6
DNR-03895,3,395.61,131.87,98.0,0,0,2,3
DNR-03896,6,3750.71,625.12,46.0,0,1,6,6
DNR-03897,5,782.56,156.51,214.0,0,0,3,4
DNR-03898,7,542.02,77.43,129.0,0,0,2,7
DNR-03899,4,1668.02,417.0,558.0,0,0,0,4
DNR-03900,5,226.96,45.39,443.0,0,0,0,5
DNR-03901,2,81.13,40.56,720.0,0,0,0,2
DNR-03902,9,637.08,70.79,36.0,0,1,9,8
DNR-03903,5,27044.41,5408.88,16.0,2,5,5,5
DNR-03904,4,522.9,130.72,16.0,1,3,4,4
DNR-03905,6,382.86,63.81,1.0,6,6,6,6
DNR-03906,7,1013.42,144.77,87.0,0,1,3,7
DNR-03907,3,2367.94,789.31,947.0,0,0,0,3
DNR-03908,2,89.51,44.76,503.0,0,0,0,2
DNR-03909,5,240.94,48.19,66.0,0,1,4,5
DNR-03910,5,602.73,120.55,226.0,0,0,2,5
DNR-03911,7,345.76,49.39,77.0,0,1,1,7
DNR-03912,5,1017.8,203.56,98.0,0,0,3,5
DNR-03913,4,449.1,112.28,234.0,0,0,2,4
DNR-03914,7,4617.93,659.7,108.0,0,0,2,7
DNR-03915,10,1727.73,172.77,113.0,0,0,4,9
DNR-03916,5,353.08,70.62,232.0,0,0,1,4
DNR-03917,2,164.71,82.36,114.0,0,0,1,2
DNR-03918,5,370.48,74.1,67.0,0,2,3,5
DNR-03919,4,487.02,121.76,78.0,0,1,2,4
DNR-03920,6,1570.02,261.67,2.0,4,6,6,6
DNR-03921,7,3715.9,530.84,3.0,1,1,1,7
DNR-03922,3,26719.36,8906.45,121.0,0,0,1,3
DNR-03923,4,32068.11,8017.03,48.0,0,1,3,4
DNR-03924,8,708.96,88.62,64.0,0,1,7,8
DNR-03925,7,49223.3,7031.9,312.0,0,0,1,7
DNR-03926,3,57120.61,19040.2,392.0,0,0,0,3
DNR-03927,4,4058.49,1014.62,198.0,0,0,2,4
DNR-03928,9,3753.09,417.01,88.0,0,1,3,9
DNR-03929,8,837.73,104.72,153.0,0,0,1,8
DNR-03930,4,1416.67,354.17,246.0,0,0,2,4
DNR-03931,5,1127.17,225.43,174.0,0,0,2,5
DNR-03932,3,164.05,54.68,62.0,0,2,3,2
DNR-03933,6,573.89,95.65,12.0,3,6,6,6
DNR-03934,3,160.06,53.35,91.0,0,0,2,3
DNR-03935,10,2163.66,216.37,29.0,1,1,5,9
DNR-03936,5,188161.56,37632.31,381.0,0,0,0,5
DNR-03937,5,877.51,175.5,38.0,0,1,3,5
DNR-03938,6,339.05,56.51,31.0,0,1,4,6
DNR-03939,5,237.67,47.53,249.0,0,0,1,5
DNR-03940,4,1205.37,301.34,106.0,0,0,4,4
DNR-03941,4,2683.91,670.98,230.0,0,0,3,3
DNR-03942,5,1805.48,361.1,115.0,0,0,2,5
DNR-03943,8,2476.72,309.59,63.0,0,1,5,8
DNR-03944,8,1323.16,165.4,54.0,0,2,6,8
DNR-03945,4,385.78,96.44,32.0,0,1,2,4
DNR-03946,6,652.03,108.67,363.0,0,0,1,6
DNR-03947,7,1329.71,189.96,100.0,0,0,1,7
DNR-03948,6,2776.92,462.82,147.0,0,0,1,6
DNR-03949,7,2579.21,368.46,26.0,1,2,2,7
DNR-03950,2,1075.7,537.85,64.0,0,1,2,2
DNR-03951,9,2068.72,229.86,93.0,0,0,5,9
DNR-03952,4,518.27,129.57,88.0,0,1,4,4
DNR-03953,5,24005.11,4801.02,287.0,0,0,1,5
DNR-03954,5,661.6,132.32,61.0,0,1,5,5
DNR-03955,5,660.27,132.05,428.0,0,0,0,5
DNR-03956,3,163.0,54.33,912.0,0,0,0,3
DNR-03957,5,4466.44,893.29,283.0,0,0,1,5
DNR-03958,11,1197.69,108.88,27.0,1,1,4,11
DNR-03959,4,252.73,63.18,49.0,0,2,4,4
DNR-03960,3,2407.21,802.4,30.0,1,2,3,3
DNR-03961,3,1002.07,334.02,116.0,0,0,1,3
DNR-03962,6,515.23,85.87,175.0,0,0,1,6
DNR-03963,2,91.63,45.82,834.0,0,0,0,2
DNR-03964,2,120.62,60.31,1199.0,0,0,0,2
DNR-03965,7,2249.91,321.42,4.0,6,7,7,7
DNR-03966,9,689.42,76.6,17.0,1,5,9,9
DNR-03967,3,96.3,32.1,32.0,0,1,3,3
DNR-03968,11,3802.29,345.66,35.0,0,5,10,11
DNR-03969,6,2183.63,363.94,22.0,2,3,4,6
DNR-03970,7,2519.59,359.94,159.0,0,0,2,7
DNR-03971,3,13097.5,4365.83,20.0,1,1,2,3
DNR-03972,9,1504.48,167.16,248.0,0,0,2,9
DNR-03973,5,411.93,82.39,39.0,0,1,3,5
DNR-03974,6,2798.92,466.49,53.0,0,1,2,5
DNR-03975,3,538.35,179.45,3.0,1,1,1,3
DNR-03976,4,447.32,111.83,228.0,0,0,2,4
DNR-03977,4,266.6,66.65,150.0,0,0,2,4
DNR-03978,4,362.2,90.55,41.0,0,3,4,4
DNR-03979,7,2667.78,381.11,97.0,0,0,2,6
DNR-03980,4,1264.83,316.21,241.0,0,0,1,4
DNR-03981,1,36.06,36.06,87.0,0,1,1,1
DNR-03982,5,675.76,135.15,16.0,2,3,5,5
DNR-03983,4,439.67,109.92,303.0,0,0,3,4
DNR-03984,7,1135.89,162.27,74.0,0,1,3,7
DNR-03985,3,1434.46,478.15,39.0,0,3,3,3
DNR-03986,4,427.88,106.97,198.0,0,0,4,4
DNR-03987,10,2618.61,261.86,9.0,1,3,7,10
DNR-03988,2,269.17,134.58,306.0,0,0,1,2
DNR-03989,2,34468.2,17234.1,18.0,1,2,2,2
DNR-03990,4,20827.22,5206.8,9.0,1,1,1,4
DNR-03991,4,66323.57,16580.89,599.0,0,0,0,4
DNR-03992,1,282.83,282.83,135.0,0,0,1,1
DNR-03993,4,1146.6,286.65,309.0,0,0,1,4
DNR-03994,3,22636.65,7545.55,54.0,0,2,3,3
DNR-03995,4,543.09,135.77,125.0,0,0,3,4
DNR-03996,8,520.0,65.0,358.0,0,0,1,8
DNR-03997,3,8692.42,2897.47,597.0,0,0,0,3
DNR-03998,7,850.64,121.52,32.0,0,4,7,7
DNR-03999,7,508.21,72.6,137.0,0,0,2,7
DNR-04000,6,32203.64,5367.27,119.0,0,0,2,6
DNR-04001,8,1909.09,238.64,304.0,0,0,2,8
DNR-04002,6,1345.9,224.32,75.0,0,1,2,5
DNR-04003,4,174.65,43.66,377.0,0,0,0,4
DNR-04004,5,361.9,72.38,47.0,0,1,2,5
DNR-04005,4,20917.37,5229.34,337.0,0,0,1,4
DNR-04006,2,500.26,250.13,109.0,0,0,2,2
DNR-04007,6,755.64,125.94,721.0,0,0,0,5
DNR-04008,6,413.11,68.85,168.0,0,0,3,6
DNR-04009,5,28970.4,5794.08,190.0,0,0,1,5
DNR-04010,7,68085.58,9726.51,151.0,0,0,1,7
DNR-04011,5,2041.56,408.31,39.0,0,1,5,5
DNR-04012,1,72.8,72.8,525.0,0,0,0,1
DNR-04013,3,184.02,61.34,29.0,1,2,3,3
DNR-04014,7,735.07,105.01,82.0,0,1,7,7
DNR-04015,6,785.59,130.93,93.0,0,0,4,5
DNR-04016,8,1036.23,129.53,21.0,1,2,3,8
DNR-04017,3,203.02,67.67,820.0,0,0,0,3
DNR-04018,5,2655.53,531.11,2.0,1,2,4,5
DNR-04019,4,1017.46,254.36,494.0,0,0,0,3
DNR-04020,7,2050.89,292.98,10.0,1,1,1,7
DNR-04021,5,737.25,147.45,7.0,2,5,5,5
DNR-04022,9,44717.04,4968.56,87.0,0,1,7,9
DNR-04023,8,864.99,108.12,139.0,0,0,6,8
DNR-04024,2,2165.28,1082.64,1048.0,0,0,0,2
DNR-04025,7,1156.45,165.21,18.0,1,4,7,7
DNR-04026,9,203672.85,22630.32,194.0,0,0,3,8
DNR-04027,5,807.01,161.4,36.0,0,3,3,5
DNR-04028,6,103163.93,17193.99,117.0,0,0,6,6
DNR-04029,5,245.68,49.14,110.0,0,0,5,5
DNR-04030,9,1312.37,145.82,63.0,0,1,9,9
DNR-04031,7,498.5,71.21,38.0,0,2,4,7
DNR-04032,6,1133.97,189.0,33.0,0,1,2,6
DNR-04033,11,3756.6,341.51,80.0,0,1,2,10
DNR-04034,11,1420.77,129.16,10.0,2,6,11,11
DNR-04035,4,1001.47,250.37,76.0,0,1,4,4
DNR-04036,4,57397.16,14349.29,34.0,0,1,4,4
DNR-04037,10,1550.3,155.03,60.0,0,1,6,10
DNR-04038,3,567.12,189.04,111.0,0,0,3,3
DNR-04039,4,1018.77,254.69,604.0,0,0,0,4
DNR-04040,5,689.2,137.84,59.0,0,1,2,5
DNR-04041,5,51994.83,10398.97,329.0,0,0,2,5
DNR-04042,6,629.88,104.98,17.0,1,3,6,6
DNR-04043,8,2350.25,293.78,232.0,0,0,3,8
DNR-04044,3,154.33,51.44,67.0,0,1,1,3
DNR-04045,5,488.82,97.76,104.0,0,0,1,5
DNR-04046,7,3024.06,432.01,47.0,0,2,7,7
DNR-04047,3,155.16,51.72,51.0,0,1,3,3
DNR-04048,8,132476.23,16559.53,6.0,1,1,5,8
DNR-04049,6,919.57,153.26,81.0,0,1,2,6
DNR-04050,5,914.81,182.96,29.0,1,1,1,5
DNR-04051,6,739.15,123.19,24.0,1,4,6,6
DNR-04052,8,957.11,119.64,18.0,1,1,6,7
DNR-04053,6,2075.68,345.95,76.0,0,1,3,6
DNR-04054,3,827.4,275.8,57.0,0,3,3,3
DNR-04055,6,1425.38,237.56,160.0,0,0,2,6
DNR-04056,6,338.39,56.4,36.0,0,1,6,6
DNR-04057,6,2223.31,370.55,178.0,0,0,3,6
DNR-04058,4,348.95,87.24,61.0,0,1,2,4
DNR-04059,5,1302.54,260.51,492.0,0,0,0,5
DNR-04060,9,3258.75,362.08,64.0,0,1,3,9
DNR-04061,4,2954.32,738.58,108.0,0,0,2,4
DNR-04062,6,1047.59,174.6,6.0,3,4,5,6
DNR-04063,8,1161.34,145.17,211.0,0,0,3,8
DNR-04064,5,641.11,128.22,72.0,0,4,5,5
DNR-04065,9,2221.45,246.83,125.0,0,0,2,8
DNR-04066,8,475.7,59.46,25.0,1,2,7,8
DNR-04067,4,568.14,142.04,44.0,0,2,4,4
DNR-04068,6,571.87,95.31,478.0,0,0,0,6
DNR-04069,9,1151.81,127.98,254.0,0,0,3,9
DNR-04070,6,1595.34,265.89,0.0,2,2,4,6
DNR-04071,8,4134.75,516.84,80.0,0,1,4,8
DNR-04072,8,1458.46,182.31,61.0,0,1,3,8
DNR-04073,2,1250.27,625.14,706.0,0,0,0,2
DNR-04074,5,688.9,137.78,15.0,1,1,1,5
DNR-04075,4,896.55,224.14,7.0,4,4,4,4
DNR-04076,7,322.58,46.08,88.0,0,1,3,7
DNR-04077,6,457.11,76.18,42.0,0,1,4,6
DNR-04078,6,521.77,86.96,9.0,2,4,6,6
DNR-04079,5,1710.21,342.04,238.0,0,0,3,5
DNR-04080,7,2710.69,387.24,342.0,0,0,1,7
DNR-04081,6,1768.42,294.74,280.0,0,0,1,6
DNR-04082,8,959.59,119.95,1.0,1,2,5,6
DNR-04083,5,239.65,47.93,27.0,1,2,5,5
DNR-04084,5,2117.23,423.45,11.0,1,3,5,5
DNR-04085,4,1026.91,256.73,531.0,0,0,0,4
DNR-04086,9,391.05,43.45,95.0,0,0,8,9
DNR-04087,6,2324.31,387.38,526.0,0,0,0,6
DNR-04088,3,69.3,23.1,18.0,1,3,3,3
DNR-04089,6,3155.66,525.94,84.0,0,1,1,5
DNR-04090,14,3574.55,255.32,6.0,3,13,14,13
DNR-04091,2,177.75,88.88,98.0,0,0,2,2
DNR-04092,2,240.37,120.18,52.0,0,1,2,2
DNR-04093,4,2493.17,623.29,132.0,0,0,1,4
DNR-04094,5,34360.57,6872.11,52.0,0,1,5,5
DNR-04095,3,169.96,56.65,201.0,0,0,1,3
DNR-04096,4,356.76,89.19,57.0,0,1,1,4
DNR-04097,9,2590.52,287.84,24.0,1,2,3,9
DNR-04098,5,2960.15,592.03,549.0,0,0,0,5
DNR-04099,4,447.1,111.78,466.0,0,0,0,4
DNR-04100,6,1204.0,200.67,29.0,1,1,5,6
DNR-04101,5,2697.52,539.5,38.0,0,5,5,5
DNR-04102,7,83270.55,11895.79,5.0,2,7,7,7
DNR-04103,3,20517.47,6839.16,75.0,0,1,3,3
DNR-04104,3,13782.21,4594.07,162.0,0,0,1,3
DNR-04105,1,212.17,212.17,8.0,1,1,1,1
DNR-04106,2,57.66,28.83,103.0,0,0,2,2
DNR-04107,6,500.84,83.47,96.0,0,0,3,6
DNR-04108,4,18756.53,4689.13,607.0,0,0,0,4
DNR-04109,3,9790.46,3263.49,145.0,0,0,1,3
DNR-04110,3,485.54,161.85,227.0,0,0,1,3
DNR-04111,7,1048.01,149.72,0.0,3,5,7,7
DNR-04112,5,566.2,113.24,301.0,0,0,1,5
DNR-04113,8,1721.46,215.18,39.0,0,4,8,8
DNR-04114,7,2124.02,303.43,355.0,0,0,1,7
DNR-04115,5,248.06,49.61,100.0,0,0,3,5
DNR-04116,6,314.7,52.45,107.0,0,0,3,6
DNR-04117,10,3154.48,315.45,6.0,9,10,10,9
DNR-04118,4,871.96,217.99,31.0,0,1,4,4
DNR-04119,7,1750.47,250.07,5.0,1,6,7,7
DNR-04120,3,189.85,63.28,153.0,0,0,3,3
DNR-04121,4,328.51,82.13,320.0,0,0,1,4
DNR-04122,5,68668.24,13733.65,21.0,1,1,1,5
DNR-04123,4,234.58,58.64,603.0,0,0,0,3
DNR-04124,3,96.52,32.17,59.0,0,1,1,3
DNR-04125,4,2287.24,571.81,12.0,3,3,4,4
DNR-04126,4,585.03,146.26,205.0,0,0,2,4
DNR-04127,5,2168.36,433.67,149.0,0,0,2,5
DNR-04128,3,835.73,278.58,608.0,0,0,0,3
DNR-04129,4,458.29,114.57,30.0,1,1,2,4
DNR-04130,7,1109.1,158.44,155.0,0,0,1,7
DNR-04131,3,4806.96,1602.32,337.0,0,0,2,3
DNR-04132,4,195.31,48.83,47.0,0,1,2,4
DNR-04133,6,1225.64,204.27,54.0,0,2,6,6
DNR-04134,4,5401.37,1350.34,625.0,0,0,0,4
DNR-04135,7,1010.47,144.35,45.0,0,3,4,7
DNR-04136,5,2553.0,510.6,189.0,0,0,2,5
DNR-04137,7,50980.5,7282.93,3.0,2,6,7,5
DNR-04138,8,3325.73,415.72,8.0,1,2,5,8
DNR-04139,8,761.24,95.16,34.0,0,1,8,7
DNR-04140,6,3231.49,538.58,397.0,0,0,0,6
DNR-04141,8,1388.88,173.61,24.0,1,2,3,8
DNR-04142,6,822.25,137.04,13.0,1,1,2,6
DNR-04143,4,1610.16,402.54,259.0,0,0,3,4
DNR-04144,2,395.88,197.94,480.0,0,0,0,2
DNR-04145,5,650.29,130.06,369.0,0,0,0,5
DNR-04146,3,19145.36,6381.79,104.0,0,0,2,3
DNR-04147,7,1388.43,198.35,73.0,0,1,4,7
DNR-04148,7,3326.77,475.25,62.0,0,1,6,7
DNR-04149,5,1602.43,320.49,201.0,0,0,2,5
DNR-04150,7,3084.05,440.58,17.0,2,6,7,7
DNR-04151,1,57.65,57.65,158.0,0,0,1,1
DNR-04152,5,559.46,111.89,209.0,0,0,2,5
DNR-04153,2,713.19,356.6,123.0,0,0,2,2
DNR-04154,5,24486.52,4897.3,13.0,1,2,2,4
DNR-04155,3,236.3,78.77,792.0,0,0,0,3
DNR-04156,5,2650.51,530.1,28.0,1,3,5,5
DNR-04157,4,675.0,168.75,22.0,1,2,2,4
DNR-04158,1,44.24,44.24,515.0,0,0,0,1
DNR-04159,5,4448.56,889.71,219.0,0,0,1,5
DNR-04160,7,42533.83,6076.26,29.0,1,1,5,7
DNR-04161,6,416.73,69.46,888.0,0,0,0,6
DNR-04162,7,1603.57,229.08,147.0,0,0,4,7
DNR-04163,4,805.01,201.25,223.0,0,0,1,4
DNR-04164,8,45519.82,5689.98,17.0,1,2,8,8
DNR-04165,8,808.99,101.12,180.0,0,0,5,8
DNR-04166,3,134.43,44.81,385.0,0,0,0,3
DNR-04167,6,37122.07,6187.01,211.0,0,0,2,6
DNR-04168,7,1488.45,212.64,345.0,0,0,1,7
DNR-04169,6,381.71,63.62,84.0,0,1,4,6
DNR-04170,5,486.68,97.34,139.0,0,0,2,5
DNR-04171,3,290.63,96.88,230.0,0,0,1,3
DNR-04172,1,1828.3,1828.3,405.0,0,0,0,1
DNR-04173,8,749.5,93.69,80.0,0,1,3,7
DNR-04174,6,2052.92,342.15,18.0,1,2,6,6
DNR-04175,3,2163.28,721.09,1055.0,0,0,0,3
DNR-04176,4,1249.44,312.36,95.0,0,0,4,4
DNR-04177,7,1486.33,212.33,42.0,0,2,6,6
DNR-04178,6,2864.58,477.43,42.0,0,1,4,5
DNR-04179,4,517.42,129.36,20.0,1,3,4,4
DNR-04180,4,842.22,210.56,111.0,0,0,4,4
DNR-04181,4,460.88,115.22,308.0,0,0,1,4
DNR-04182,6,798.67,133.11,47.0,0,2,4,6
DNR-04183,7,1275.34,182.19,60.0,0,2,3,7
DNR-04184,2,80.13,40.06,221.0,0,0,2,2
DNR-04185,4,25198.19,6299.55,20.0,1,1,1,4
DNR-04186,8,996.64,124.58,9.0,1,1,4,8
DNR-04187,6,614.6,102.43,4.0,4,6,6,6
DNR-04188,5,2817.63,563.53,5.0,1,2,3,5
DNR-04189,10,1671.31,167.13,26.0,2,5,10,8
DNR-04190,6,516.68,86.11,11.0,4,6,6,6
DNR-04191,4,497.15,124.29,446.0,0,0,0,4
DNR-04192,4,2655.72,663.93,294.0,0,0,1,4
DNR-04193,6,2747.25,457.88,21.0,1,2,6,5
DNR-04194,4,198.01,49.5,0.0,2,2,4,4
DNR-04195,4,444.93,111.23,170.0,0,0,2,3
DNR-04196,4,792.29,198.07,230.0,0,0,2,4
DNR-04197,5,1096.24,219.25,469.0,0,0,0,5
DNR-04198,5,61201.51,12240.3,205.0,0,0,1,5
DNR-04199,3,12375.87,4125.29,47.0,0,1,3,3
DNR-04200,3,196.57,65.52,421.0,0,0,0,3
DNR-04201,4,609.74,152.44,7.0,3,4,4,4
DNR-04202,3,579.51,193.17,13.0,1,2,3,2
DNR-04203,4,232.31,58.08,330.0,0,0,1,4
DNR-04204,8,1488.86,186.11,394.0,0,0,0,8
DNR-04205,4,3237.29,809.32,148.0,0,0,4,4
DNR-04206,5,3147.37,629.47,487.0,0,0,0,5
DNR-04207,8,358.52,44.82,67.0,0,1,2,8
DNR-04208,7,1024.0,146.29,13.0,1,2,5,7
DNR-04209,1,1359.5,1359.5,375.0,0,0,0,1
DNR-04210,3,428.87,142.96,475.0,0,0,0,3
DNR-04211,3,169.13,56.38,41.0,0,1,3,3
DNR-04212,5,603.7,120.74,1.0,2,3,5,5
DNR-04213,2,119.7,59.85,9.0,1,2,2,2
DNR-04214,5,32083.15,6416.63,38.0,0,1,5,5
DNR-04215,1,348.67,348.67,47.0,0,1,1,1
DNR-04216,6,72086.27,12014.38,62.0,0,1,4,6
DNR-04217,3,1787.15,595.72,21.0,1,1,2,3
DNR-04218,8,1037.37,129.67,119.0,0,0,2,8
DNR-04219,2,26157.93,13078.96,803.0,0,0,0,2
DNR-04220,4,2671.9,667.98,567.0,0,0,0,3
DNR-04221,5,33949.56,6789.91,21.0,1,2,3,5
DNR-04222,8,643.86,80.48,195.0,0,0,4,8
DNR-04223,4,644.64,161.16,20.0,1,1,3,4
DNR-04224,2,1031.09,515.54,510.0,0,0,0,2
DNR-04225,0,0.0,0.0,,0,0,0,0
DNR-04226,5,627.22,125.44,166.0,0,0,3,5
DNR-04227,2,128.89,64.44,143.0,0,0,2,2
DNR-04228,3,673.97,224.66,182.0,0,0,1,3
DNR-04229,3,47490.26,15830.09,59.0,0,1,3,3
DNR-04230,5,731.71,146.34,48.0,0,2,4,5
DNR-04231,6,228.21,38.04,32.0,0,1,3,6
DNR-04232,4,1337.68,334.42,480.0,0,0,0,4
DNR-04233,2,1762.59,881.3,106.0,0,0,1,2
DNR-04234,5,2222.65,444.53,143.0,0,0,1,5
DNR-04235,2,198.28,99.14,534.0,0,0,0,2
DNR-04236,7,1695.19,242.17,247.0,0,0,1,7
DNR-04237,4,562.31,140.58,83.0,0,1,2,4
DNR-04238,6,139156.72,23192.79,46.0,0,1,4,6
DNR-04239,4,1931.78,482.94,400.0,0,0,0,4
DNR-04240,7,2726.65,389.52,217.0,0,0,2,7
DNR-04241,6,4594.53,765.76,107.0,0,0,2,6
DNR-04242,7,2917.4,416.77,32.0,0,1,1,7
DNR-04243,4,437.0,109.25,186.0,0,0,1,4
DNR-04244,5,670.58,134.12,675.0,0,0,0,5
DNR-04245,3,162.58,54.19,84.0,0,2,3,3
DNR-04246,6,1123.1,187.18,787.0,0,0,0,6
DNR-04247,3,231.81,77.27,31.0,0,3,3,3
DNR-04248,6,870.13,145.02,90.0,0,1,4,6
DNR-04249,1,26.28,26.28,509.0,0,0,0,1
DNR-04250,1,47376.37,47376.37,1375.0,0,0,0,1
DNR-04251,7,960.75,137.25,23.0,1,4,7,7
DNR-04252,6,353.36,58.89,491.0,0,0,0,6
DNR-04253,7,2982.04,426.01,1.0,1,1,3,7
DNR-04254,4,278.1,69.53,407.0,0,0,0,4
DNR-04255,6,1084.79,180.8,3.0,2,3,6,4
DNR-04256,1,14.19,14.19,843.0,0,0,0,1
DNR-04257,9,1413.17,157.02,22.0,1,2,9,9
DNR-04258,8,117465.41,14683.18,43.0,0,3,7,8
DNR-04259,2,62.63,31.32,202.0,0,0,2,2
DNR-04260,5,111148.3,22229.66,74.0,0,1,5,5
DNR-04261,8,819.8,102.48,23.0,1,1,1,8
DNR-04262,3,2292.85,764.28,195.0,0,0,1,3
DNR-04263,6,297.06,49.51,30.0,1,2,3,5
DNR-04264,1,24.16,24.16,314.0,0,0,1,1
DNR-04265,6,2956.16,492.69,41.0,0,1,1,6
DNR-04266,3,593.41,197.8,56.0,0,1,1,3
DNR-04267,4,531.24,132.81,61.0,0,1,1,4
DNR-04268,8,44207.0,5525.88,293.0,0,0,2,8
DNR-04269,2,473.27,236.64,45.0,0,1,2,2
DNR-04270,6,3004.04,500.67,135.0,0,0,2,6
DNR-04271,7,1856.92,265.27,12.0,1,2,2,6
DNR-04272,4,1972.83,493.21,2.0,2,2,4,4
DNR-04273,6,2305.2,384.2,1.0,2,2,6,6
DNR-04274,3,165.07,55.02,2.0,2,3,3,3
DNR-04275,6,1177.15,196.19,9.0,5,6,6,6
DNR-04276,7,1018.22,145.46,56.0,0,1,3,6
DNR-04277,3,224.39,74.8,113.0,0,0,1,3
DNR-04278,7,4659.02,665.57,54.0,0,1,7,6
DNR-04279,7,4768.39,681.2,14.0,1,2,7,7
DNR-04280,3,576.07,192.02,15.0,1,1,2,3
DNR-04281,2,2035.57,1017.78,295.0,0,0,1,2
DNR-04282,7,512.75,73.25,41.0,0,1,1,7
DNR-04283,5,405.87,81.17,11.0,1,5,5,5
DNR-04284,3,20470.46,6823.49,485.0,0,0,0,3
DNR-04285,1,44.11,44.11,295.0,0,0,1,1
DNR-04286,4,734.7,183.68,132.0,0,0,4,4
DNR-04287,2,179.13,89.56,205.0,0,0,1,2
DNR-04288,8,1017.87,127.23,8.0,1,1,3,8
DNR-04289,4,21922.66,5480.66,203.0,0,0,4,4
DNR-04290,8,41147.17,5143.4,152.0,0,0,4,8
DNR-04291,11,974.99,88.64,279.0,0,0,2,10
DNR-04292,9,42945.84,4771.76,87.0,0,1,2,8
DNR-04293,3,15072.8,5024.27,139.0,0,0,3,3
DNR-04294,5,979.0,195.8,109.0,0,0,2,4
DNR-04295,8,372.22,46.53,80.0,0,1,4,8
DNR-04296,5,534.74,106.95,61.0,0,2,5,5
DNR-04297,7,1163.16,166.17,45.0,0,1,3,7
DNR-04298,7,1048.93,149.85,13.0,1,3,7,5
DNR-04299,2,466.97,233.48,164.0,0,0,2,2
DNR-04300,8,1166.13,145.77,2.0,1,1,5,8
DNR-04301,7,2144.51,306.36,1.0,2,7,7,7
DNR-04302,3,1510.85,503.62,36.0,0,1,3,3
DNR-04303,5,296.54,59.31,544.0,0,0,0,5
DNR-04304,9,97498.82,10833.2,16.0,2,3,4,8
DNR-04305,8,905.31,113.16,37.0,0,2,8,5
DNR-04306,2,1369.25,684.62,187.0,0,0,2,2
DNR-04307,8,849.83,106.23,21.0,1,2,3,8
DNR-04308,6,137104.0,22850.67,23.0,1,1,2,6
DNR-04309,5,1885.36,377.07,46.0,0,1,2,5
DNR-04310,7,111820.81,15974.4,21.0,1,7,7,7
DNR-04311,8,546.76,68.34,42.0,0,3,8,8
DNR-04312,9,1283.41,142.6,233.0,0,0,1,9
DNR-04313,4,1491.72,372.93,143.0,0,0,2,4
DNR-04314,2,62.31,31.16,121.0,0,0,1,2
DNR-04315,9,1998.47,222.05,12.0,2,5,9,7
DNR-04316,2,109.9,54.95,878.0,0,0,0,2
DNR-04317,5,473.5,94.7,118.0,0,0,5,5
DNR-04318,7,1226.67,175.24,179.0,0,0,1,6
DNR-04319,2,268.91,134.45,50.0,0,1,2,2
DNR-04320,2,96.78,48.39,210.0,0,0,1,2
DNR-04321,4,2339.76,584.94,54.0,0,1,1,4
DNR-04322,3,215.52,71.84,196.0,0,0,1,3
DNR-04323,1,180.77,180.77,150.0,0,0,1,1
DNR-04324,8,7182.56,897.82,81.0,0,1,2,8
DNR-04325,11,3499.07,318.1,25.0,1,1,3,11
DNR-04326,3,104.86,34.95,7.0,1,2,2,3
DNR-04327,4,569.39,142.35,478.0,0,0,0,4
DNR-04328,2,27.61,13.8,51.0,0,1,2,2
DNR-04329,2,2744.75,1372.38,5.0,1,1,1,2
DNR-04330,7,3287.6,469.66,125.0,0,0,5,7
DNR-04331,4,624.58,156.14,504.0,0,0,0,4
DNR-04332,3,2481.01,827.0,16.0,1,1,3,3
DNR-04333,4,686.19,171.55,20.0,1,2,4,4
DNR-04334,5,760.74,152.15,306.0,0,0,2,5
DNR-04335,6,91141.8,15190.3,60.0,0,1,3,5
DNR-04336,6,2629.9,438.32,130.0,0,0,5,6
DNR-04337,5,595.36,119.07,505.0,0,0,0,5
DNR-04338,6,2967.33,494.56,38.0,0,1,2,6
DNR-04339,6,2732.72,455.45,171.0,0,0,1,6
DNR-04340,6,362.66,60.44,91.0,0,0,1,6
DNR-04341,3,190.43,63.48,225.0,0,0,1,3
DNR-04342,6,1408.46,234.74,301.0,0,0,1,5
DNR-04343,3,18988.42,6329.47,209.0,0,0,1,3
DNR-04344,3,198.44,66.15,18.0,1,2,2,3
DNR-04345,7,973.56,139.08,554.0,0,0,0,7
DNR-04346,4,345.49,86.37,10.0,2,4,4,3
DNR-04347,4,1275.5,318.88,25.0,1,4,4,4
DNR-04348,9,1187.97,132.0,102.0,0,0,6,9
DNR-04349,6,40137.55,6689.59,60.0,0,1,2,6
DNR-04350,5,3032.58,606.52,63.0,0,1,1,5
DNR-04351,8,115709.9,14463.74,72.0,0,1,1,8
DNR-04352,5,831.18,166.24,72.0,0,1,4,5
DNR-04353,4,1315.23,328.81,75.0,0,1,1,4
DNR-04354,7,2047.54,292.51,21.0,1,3,7,7
DNR-04355,7,43922.5,6274.64,17.0,1,1,6,6
DNR-04356,3,154.1,51.37,90.0,0,1,3,3
DNR-04357,7,770.94,110.13,67.0,0,2,7,7
DNR-04358,8,2735.7,341.96,39.0,0,1,3,7
DNR-04359,5,27611.59,5522.32,8.0,1,1,1,5
DNR-04360,1,45.01,45.01,158.0,0,0,1,1
DNR-04361,9,6430.88,714.54,75.0,0,1,3,9
DNR-04362,2,98.87,49.44,963.0,0,0,0,2
DNR-04363,6,110880.46,18480.08,508.0,0,0,0,6
DNR-04364,8,2828.84,353.6,240.0,0,0,2,8
DNR-04365,6,1562.17,260.36,51.0,0,3,6,6
DNR-04366,2,16893.18,8446.59,802.0,0,0,0,2
DNR-04367,6,3492.6,582.1,7.0,1,2,6,6
DNR-04368,6,927.36,154.56,11.0,1,3,6,6
DNR-04369,5,536.42,107.28,180.0,0,0,1,5
DNR-04370,4,900.96,225.24,35.0,0,1,4,4
DNR-04371,3,42117.8,14039.27,276.0,0,0,2,3
DNR-04372,4,829.08,207.27,45.0,0,1,3,4
DNR-04373,1,44.88,44.88,110.0,0,0,1,1
DNR-04374,9,1463.47,162.61,142.0,0,0,3,9
DNR-04375,4,3129.66,782.42,44.0,0,2,4,4
DNR-04376,2,134.63,67.32,509.0,0,0,0,2
DNR-04377,5,2497.24,499.45,66.0,0,2,4,5
DNR-04378,2,152.39,76.19,137.0,0,0,1,2
DNR-04379,6,2340.8,390.13,248.0,0,0,1,5
DNR-04380,6,828.66,138.11,755.0,0,0,0,6
DNR-04381,9,3074.06,341.56,152.0,0,0,1,9
DNR-04382,1,56.11,56.11,665.0,0,0,0,1
DNR-04383,5,549.39,109.88,19.0,1,1,2,4
DNR-04384,2,81.83,40.92,53.0,0,1,2,2
DNR-04385,7,1123.52,160.5,333.0,0,0,1,7
DNR-04386,6,2266.89,377.82,28.0,1,1,4,6
DNR-04387,7,1925.11,275.02,10.0,1,5,7,7
DNR-04388,6,2352.01,392.0,39.0,0,1,5,6
DNR-04389,7,1088.7,155.53,4.0,1,3,7,7
DNR-04390,3,919.22,306.41,89.0,0,1,2,3
DNR-04391,5,672.24,134.45,75.0,0,1,1,5
DNR-04392,4,732.11,183.03,59.0,0,1,1,4
DNR-04393,5,708.14,141.63,85.0,0,1,5,5
DNR-04394,3,21333.31,7111.1,256.0,0,0,1,3
DNR-04395,3,16785.72,5595.24,24.0,1,1,3,3
DNR-04396,5,1953.59,390.72,23.0,1,2,3,5
DNR-04397,3,284.09,94.7,312.0,0,0,2,3
DNR-04398,6,611.88,101.98,161.0,0,0,1,6
DNR-04399,6,2233.52,372.25,157.0,0,0,3,6
DNR-04400,6,3114.41,519.07,311.0,0,0,1,6
DNR-04401,9,782.72,86.97,100.0,0,0,2,9
DNR-04402,6,599.99,100.0,0.0,1,1,4,5
DNR-04403,4,2130.32,532.58,168.0,0,0,2,4
DNR-04404,7,2116.46,302.35,40.0,0,1,4,6
DNR-04405,7,2521.08,360.15,5.0,4,7,7,7
DNR-04406,8,4129.65,516.21,11.0,1,3,7,8
DNR-04407,8,2049.28,256.16,19.0,1,1,2,7
DNR-04408,1,12.54,12.54,657.0,0,0,0,1
DNR-04409,1,33.79,33.79,564.0,0,0,0,1
DNR-04410,3,61491.72,20497.24,207.0,0,0,2,3
DNR-04411,3,212.74,70.91,112.0,0,0,1,3
DNR-04412,4,241.15,60.29,151.0,0,0,1,4
DNR-04413,5,758.41,151.68,6.0,1,1,2,5
DNR-04414,9,39985.3,4442.81,11.0,2,3,5,9
DNR-04415,6,436.38,72.73,147.0,0,0,5,6
DNR-04416,4,528.17,132.04,64.0,0,1,3,4
DNR-04417,1,115.04,115.04,1304.0,0,0,0,1
DNR-04418,3,212.4,70.8,166.0,0,0,3,3
DNR-04419,3,100843.18,33614.39,2.0,1,3,3,3
DNR-04420,5,224.65,44.93,268.0,0,0,2,5
DNR-04421,3,537.0,179.0,184.0,0,0,2,3
DNR-04422,7,595.74,85.11,68.0,0,1,7,7
DNR-04423,6,351.0,58.5,103.0,0,0,6,6
DNR-04424,7,576.86,82.41,128.0,0,0,6,7
DNR-04425,4,437.52,109.38,296.0,0,0,1,4
DNR-04426,6,287.91,47.98,9.0,4,5,6,6
DNR-04427,2,151.78,75.89,34.0,0,1,2,2
DNR-04428,3,97.11,32.37,85.0,0,1,1,3
DNR-04429,6,1318.54,219.76,24.0,1,1,5,6
DNR-04430,10,2421.15,242.11,13.0,1,4,10,10
DNR-04431,1,9140.15,9140.15,22.0,1,1,1,1
DNR-04432,6,931.04,155.17,240.0,0,0,2,6
DNR-04433,5,25549.53,5109.91,13.0,3,5,5,5
DNR-04434,3,263.29,87.76,3.0,1,1,2,3
DNR-04435,4,693.95,173.49,503.0,0,0,0,4
DNR-04436,4,215.94,53.98,38.0,0,2,2,4
DNR-04437,4,26175.01,6543.75,132.0,0,0,4,4
DNR-04438,7,1502.9,214.7,48.0,0,1,3,7
DNR-04439,5,560.19,112.04,22.0,1,1,5,5
DNR-04440,6,1841.91,306.98,466.0,0,0,0,6
DNR-04441,4,488.08,122.02,7.0,1,2,2,4
DNR-04442,7,940.85,134.41,9.0,2,7,7,6
DNR-04443,7,1431.12,204.45,144.0,0,0,2,7
DNR-04444,3,475.39,158.46,1.0,3,3,3,3
DNR-04445,5,531.46,106.29,273.0,0,0,1,4
DNR-04446,5,857.92,171.58,126.0,0,0,2,4
DNR-04447,9,1628.04,180.89,0.0,2,3,9,8
DNR-04448,7,1010.12,144.3,39.0,0,2,5,7
DNR-04449,4,18226.6,4556.65,140.0,0,0,2,4
DNR-04450,6,38060.76,6343.46,19.0,1,2,4,6
DNR-04451,3,560.34,186.78,631.0,0,0,0,2
DNR-04452,9,1712.03,190.23,234.0,0,0,1,9
DNR-04453,4,836.54,209.14,119.0,0,0,1,4
DNR-04454,7,1240.47,177.21,233.0,0,0,2,7
DNR-04455,5,323.18,64.64,425.0,0,0,0,4
DNR-04456,2,91.59,45.8,258.0,0,0,1,2
DNR-04457,7,830.84,118.69,0.0,1,3,7,7
DNR-04458,5,255.55,51.11,6.0,2,5,5,5
DNR-04459,5,1780.62,356.12,12.0,2,3,5,5
DNR-04460,4,337.05,84.26,0.0,3,4,4,4
DNR-04461,4,978.82,244.7,512.0,0,0,0,4
DNR-04462,7,1701.23,243.03,171.0,0,0,3,7
DNR-04463,8,1707.88,213.48,3.0,1,2,6,8
DNR-04464,6,1774.82,295.8,100.0,0,0,1,5
DNR-04465,4,597.22,149.3,80.0,0,1,2,4
DNR-04466,6,505.39,84.23,286.0,0,0,2,6
DNR-04467,5,187.43,37.49,125.0,0,0,4,5
DNR-04468,6,432.18,72.03,157.0,0,0,1,6
DNR-04469,4,2561.23,640.31,17.0,1,2,3,4
DNR-04470,2,281.05,140.52,85.0,0,1,2,2
DNR-04471,3,125.97,41.99,289.0,0,0,1,3
DNR-04472,9,2974.54,330.5,15.0,1,2,6,9
DNR-04473,7,4639.04,662.72,159.0,0,0,1,7
DNR-04474,1,439.26,439.26,335.0,0,0,1,1
DNR-04475,3,1013.14,337.71,326.0,0,0,1,3
DNR-04476,3,2549.59,849.86,101.0,0,0,2,3
DNR-04477,6,2959.45,493.24,255.0,0,0,1,6
DNR-04478,2,86.03,43.02,687.0,0,0,0,2
DNR-04479,5,1670.81,334.16,15.0,1,3,5,5
DNR-04480,5,1993.83,398.77,183.0,0,0,5,5
DNR-04481,3,1802.42,600.81,723.0,0,0,0,3
DNR-04482,2,118.84,59.42,6.0,1,2,2,2
DNR-04483,3,289.69,96.56,137.0,0,0,3,3
DNR-04484,5,315.6,63.12,123.0,0,0,1,4
DNR-04485,2,10200.99,5100.5,93.0,0,0,1,2
DNR-04486,4,15135.29,3783.82,23.0,1,2,2,4
DNR-04487,12,2687.77,223.98,32.0,0,1,1,11
DNR-04488,4,1074.99,268.75,152.0,0,0,1,4
DNR-04489,5,1558.75,311.75,135.0,0,0,4,5
DNR-04490,1,1713.9,1713.9,238.0,0,0,1,1
DNR-04491,5,2347.22,469.44,47.0,0,1,3,4
DNR-04492,7,845.6,120.8,52.0,0,1,4,7
DNR-04493,4,1853.67,463.42,47.0,0,1,4,3
DNR-04494,4,2444.17,611.04,743.0,0,0,0,4
DNR-04495,5,458.82,91.76,25.0,2,2,5,5
DNR-04496,5,388.19,77.64,33.0,0,4,5,5
DNR-04497,5,2440.69,488.14,49.0,0,1,5,5
DNR-04498,8,1129.49,141.19,21.0,1,2,8,8
DNR-04499,5,4219.41,843.88,140.0,0,0,3,4
DNR-04500,6,1940.88,323.48,73.0,0,1,6,6
DNR-04501,4,318.52,79.63,26.0,1,1,2,4
DNR-04502,4,2754.85,688.71,49.0,0,1,1,4
DNR-04503,5,31375.84,6275.17,1.0,1,5,5,3
DNR-04504,2,558.24,279.12,255.0,0,0,1,2
DNR-04505,5,1025.39,205.08,1.0,3,5,5,4
DNR-04506,4,25991.27,6497.82,170.0,0,0,1,4
DNR-04507,3,531.61,177.2,82.0,0,3,3,3
DNR-04508,6,1632.42,272.07,129.0,0,0,3,6
DNR-04509,4,2522.89,630.72,74.0,0,1,2,4
DNR-04510,9,3514.19,390.47,4.0,2,5,9,9
DNR-04511,3,436.25,145.42,1137.0,0,0,0,3
DNR-04512,2,111.08,55.54,553.0,0,0,0,2
DNR-04513,5,2006.93,401.39,462.0,0,0,0,5
DNR-04514,4,2950.06,737.52,37.0,0,1,4,4
DNR-04515,2,1242.2,621.1,121.0,0,0,2,2
DNR-04516,1,22.93,22.93,399.0,0,0,0,1
DNR-04517,4,207.58,51.9,106.0,0,0,4,4
DNR-04518,6,1481.56,246.93,15.0,1,2,3,6
DNR-04519,6,412.35,68.73,131.0,0,0,2,6
DNR-04520,3,16037.14,5345.71,920.0,0,0,0,3
DNR-04521,3,46083.5,15361.17,764.0,0,0,0,3
DNR-04522,4,254.58,63.64,31.0,0,2,4,4
DNR-04523,4,2175.0,543.75,337.0,0,0,1,4
DNR-04524,2,211.45,105.72,77.0,0,1,2,2
DNR-04525,3,9033.45,3011.15,25.0,1,1,2,3
DNR-04526,5,589.1,117.82,17.0,1,4,5,5
DNR-04527,3,803.65,267.88,92.0,0,0,2,3
DNR-04528,5,359.04,71.81,408.0,0,0,0,5
DNR-04529,4,419.58,104.9,158.0,0,0,3,4
DNR-04530,7,174620.51,24945.79,4.0,2,6,7,7
DNR-04531,5,32480.47,6496.09,180.0,0,0,2,5
DNR-04532,4,191.75,47.94,253.0,0,0,1,4
DNR-04533,2,10110.01,5055.0,835.0,0,0,0,2
DNR-04534,3,2587.86,862.62,422.0,0,0,0,3
DNR-04535,3,553.06,184.35,40.0,0,3,3,3
DNR-04536,8,1417.65,177.21,97.0,0,0,3,8
DNR-04537,3,162.4,54.13,10.0,1,2,3,3
DNR-04538,5,1308.31,261.66,107.0,0,0,1,5
DNR-04539,4,312.32,78.08,76.0,0,1,4,4
DNR-04540,4,196.87,49.22,106.0,0,0,3,4
DNR-04541,3,195.53,65.18,38.0,0,1,1,3
DNR-04542,3,164.23,54.74,30.0,1,3,3,3
DNR-04543,7,92677.64,13239.66,90.0,0,1,3,7
DNR-04544,1,94.1,94.1,208.0,0,0,1,1
DNR-04545,6,70142.18,11690.36,168.0,0,0,5,6
DNR-04546,5,479.99,96.0,383.0,0,0,0,5
DNR-04547,7,4254.61,607.8,454.0,0,0,0,6
DNR-04548,4,16181.81,4045.45,594.0,0,0,0,4
DNR-04549,7,3769.77,538.54,110.0,0,0,2,7
DNR-04550,6,44024.94,7337.49,22.0,1,4,6,6
DNR-04551,5,244.17,48.83,31.0,0,3,5,5
DNR-04552,6,543.19,90.53,210.0,0,0,1,6
DNR-04553,4,22815.42,5703.86,59.0,0,2,2,3
DNR-04554,7,2699.94,385.71,26.0,1,1,4,7
DNR-04555,3,1373.04,457.68,26.0,1,2,2,3
DNR-04556,3,17527.35,5842.45,256.0,0,0,3,3
DNR-04557,7,820.34,117.19,6.0,3,6,7,7
DNR-04558,5,2186.02,437.2,795.0,0,0,0,5
DNR-04559,6,534.59,89.1,54.0,0,1,6,6
DNR-04560,4,2029.36,507.34,290.0,0,0,1,4
DNR-04561,7,350.25,50.04,220.0,0,0,3,6
DNR-04562,4,223.32,55.83,1148.0,0,0,0,4
DNR-04563,4,818.89,204.72,154.0,0,0,4,4
DNR-04564,5,3198.18,639.64,117.0,0,0,2,5
DNR-04565,4,1961.3,490.32,109.0,0,0,3,4
DNR-04566,5,238.52,47.7,1111.0,0,0,0,5
DNR-04567,5,625.97,125.19,621.0,0,0,0,5
DNR-04568,2,475.29,237.64,126.0,0,0,2,2
DNR-04569,2,229.76,114.88,96.0,0,0,2,2
DNR-04570,8,1279.65,159.96,10.0,1,3,8,8
DNR-04571,5,278.18,55.64,65.0,0,1,1,5
DNR-04572,6,4595.5,765.92,47.0,0,2,6,6
DNR-04573,6,37976.21,6329.37,458.0,0,0,0,6
DNR-04574,3,203.07,67.69,48.0,0,2,3,3
DNR-04575,3,1183.28,394.43,255.0,0,0,2,3
DNR-04576,2,232.52,116.26,836.0,0,0,0,2
DNR-04577,8,1967.28,245.91,88.0,0,1,3,8
DNR-04578,7,1428.86,204.12,211.0,0,0,2,7
DNR-04579,4,159.1,39.78,273.0,0,0,2,4
DNR-04580,5,535.32,107.06,213.0,0,0,2,5
DNR-04581,7,2511.67,358.81,180.0,0,0,2,7
DNR-04582,5,730.37,146.07,226.0,0,0,2,5
DNR-04583,3,261.14,87.05,36.0,0,1,3,3
DNR-04584,5,667.26,133.45,222.0,0,0,2,5
DNR-04585,6,1004.8,167.47,16.0,1,1,6,6
DNR-04586,5,657.44,131.49,41.0,0,2,4,4
DNR-04587,4,18894.64,4723.66,247.0,0,0,1,4
DNR-04588,6,1358.54,226.42,164.0,0,0,4,5
DNR-04589,7,2817.98,402.57,4.0,3,6,7,7
DNR-04590,5,657.7,131.54,185.0,0,0,2,5
DNR-04591,8,1494.12,186.76,4.0,1,1,5,8
DNR-04592,7,2552.43,364.63,22.0,1,3,7,7
DNR-04593,6,871.51,145.25,49.0,0,1,6,6
DNR-04594,5,348.52,69.7,31.0,0,2,4,5
DNR-04595,1,259.56,259.56,81.0,0,1,1,1
DNR-04596,7,922.43,131.78,29.0,1,5,7,6
DNR-04597,5,778.07,155.61,304.0,0,0,1,5
DNR-04598,5,825.77,165.15,49.0,0,3,5,5
DNR-04599,6,199210.57,33201.76,112.0,0,0,3,6
DNR-04600,5,1005.22,201.04,1.0,2,4,5,5
DNR-04601,6,557.9,92.98,237.0,0,0,1,6
DNR-04602,8,2299.82,287.48,6.0,3,8,8,7
DNR-04603,8,1547.63,193.45,0.0,6,8,8,8
DNR-04604,4,2021.88,505.47,136.0,0,0,4,4
DNR-04605,10,451.93,45.19,139.0,0,0,4,9
DNR-04606,6,173853.78,28975.63,223.0,0,0,1,6
DNR-04607,3,2796.88,932.29,6.0,1,1,1,3
DNR-04608,4,629.4,157.35,4.0,1,4,4,4
DNR-04609,5,83103.94,16620.79,136.0,0,0,2,5
DNR-04610,5,449.8,89.96,30.0,1,1,4,5
DNR-04611,7,3821.92,545.99,76.0,0,1,6,7
DNR-04612,5,1278.05,255.61,119.0,0,0,4,5
DNR-04613,1,393.39,393.39,366.0,0,0,0,1
DNR-04614,4,1641.37,410.34,137.0,0,0,3,4
DNR-04615,4,1627.61,406.9,103.0,0,0,1,4
DNR-04616,4,146.51,36.63,54.0,0,1,2,4
DNR-04617,4,518.49,129.62,443.0,0,0,0,4
DNR-04618,2,2345.59,1172.79,3.0,1,1,2,2
DNR-04619,7,1591.95,227.42,134.0,0,0,2,7
DNR-04620,11,781.44,71.04,12.0,2,5,11,11
DNR-04621,6,1115.53,185.92,97.0,0,0,4,6
DNR-04622,3,493.19,164.4,174.0,0,0,1,3
DNR-04623,6,764.36,127.39,21.0,1,3,6,6
DNR-04624,7,1238.11,176.87,39.0,0,2,6,6
DNR-04625,8,1843.9,230.49,362.0,0,0,1,8
DNR-04626,5,1106.45,221.29,57.0,0,1,1,4
DNR-04627,8,42608.03,5326.0,315.0,0,0,1,8
DNR-04628,4,17436.29,4359.07,301.0,0,0,2,4
DNR-04629,4,51818.82,12954.71,69.0,0,4,4,4
DNR-04630,2,75.78,37.89,601.0,0,0,0,2
DNR-04631,7,1380.43,197.2,15.0,1,1,3,7
DNR-04632,2,441.47,220.74,359.0,0,0,1,2
DNR-04633,5,110710.99,22142.2,79.0,0,1,3,5
DNR-04634,2,181.23,90.62,57.0,0,1,1,2
DNR-04635,7,653.85,93.41,355.0,0,0,1,7
DNR-04636,9,41036.37,4559.6,12.0,1,2,2,9
DNR-04637,8,469.17,58.65,2.0,4,8,8,7
DNR-04638,5,1084.22,216.84,97.0,0,0,3,4
DNR-04639,7,613.4,87.63,43.0,0,1,5,5
DNR-04640,6,775.83,129.3,90.0,0,1,4,6
DNR-04641,3,288.76,96.25,575.0,0,0,0,3
DNR-04642,2,18847.28,9423.64,638.0,0,0,0,2
DNR-04643,9,4594.28,510.48,29.0,1,2,7,8
DNR-04644,6,434.78,72.46,2.0,1,1,5,6
DNR-04645,7,1162.94,166.13,221.0,0,0,1,7
DNR-04646,5,2147.84,429.57,402.0,0,0,0,5
DNR-04647,6,5384.39,897.4,3.0,2,4,6,5
DNR-04648,3,196.11,65.37,1.0,1,2,3,3
DNR-04649,5,30909.15,6181.83,106.0,0,0,2,5
DNR-04650,9,1547.27,171.92,136.0,0,0,2,8
DNR-04651,7,607.89,86.84,293.0,0,0,1,7
DNR-04652,5,1794.2,358.84,292.0,0,0,1,3
DNR-04653,1,87.4,87.4,284.0,0,0,1,1
DNR-04654,2,110.95,55.47,294.0,0,0,1,2
DNR-04655,7,41054.53,5864.93,266.0,0,0,1,7
DNR-04656,6,1957.34,326.22,11.0,2,6,6,6
DNR-04657,5,362.78,72.56,434.0,0,0,0,5
DNR-04658,4,267.21,66.8,137.0,0,0,1,4
DNR-04659,4,226.98,56.74,455.0,0,0,0,4
DNR-04660,2,131.46,65.73,344.0,0,0,1,2
DNR-04661,8,658.41,82.3,399.0,0,0,0,8
DNR-04662,5,385.9,77.18,74.0,0,1,5,5
DNR-04663,3,75375.08,25125.03,1103.0,0,0,0,3
DNR-04664,10,116716.4,11671.64,133.0,0,0,3,10
DNR-04665,3,642.9,214.3,197.0,0,0,1,3
DNR-04666,5,994.71,198.94,288.0,0,0,1,5
DNR-04667,6,4211.85,701.98,41.0,0,2,6,6
DNR-04668,8,28434.36,3554.3,180.0,0,0,1,8
DNR-04669,6,872.23,145.37,16.0,1,3,6,6
DNR-04670,5,707.1,141.42,178.0,0,0,1,5
DNR-04671,4,349.76,87.44,56.0,0,1,1,4
DNR-04672,3,295.09,98.36,127.0,0,0,2,3
DNR-04673,8,676.91,84.61,2.0,4,8,8,8
DNR-04674,2,300.46,150.23,351.0,0,0,1,2
DNR-04675,4,414.74,103.68,19.0,1,1,2,4
DNR-04676,3,1026.21,342.07,114.0,0,0,3,3
DNR-04677,6,28421.86,4736.98,133.0,0,0,3,6
DNR-04678,5,297.89,59.58,140.0,0,0,3,4
DNR-04679,5,233.5,46.7,35.0,0,1,3,5
DNR-04680,7,1040.66,148.67,157.0,0,0,1,7
DNR-04681,5,2243.56,448.71,37.0,0,1,5,5
DNR-04682,8,467.54,58.44,16.0,2,2,7,8
DNR-04683,5,895.69,179.14,15.0,2,5,5,5
DNR-04684,9,1047.03,116.34,29.0,1,1,2,9
DNR-04685,3,360.68,120.23,516.0,0,0,0,3
DNR-04686,6,2141.6,356.93,336.0,0,0,1,6
DNR-04687,3,176.47,58.82,113.0,0,0,2,2
DNR-04688,3,1765.01,588.34,260.0,0,0,3,3
DNR-04689,5,19837.12,3967.42,207.0,0,0,1,5
DNR-04690,5,136440.58,27288.12,7.0,2,3,5,5
DNR-04691,2,182.31,91.16,209.0,0,0,2,2
DNR-04692,7,906.96,129.57,64.0,0,1,5,7
DNR-04693,6,621.58,103.6,68.0,0,1,2,6
DNR-04694,8,1248.59,156.07,87.0,0,1,4,7
DNR-04695,6,1349.2,224.87,30.0,1,2,5,6
DNR-04696,1,70.23,70.23,84.0,0,1,1,1
DNR-04697,5,589.74,117.95,46.0,0,1,1,5
DNR-04698,5,712.98,142.6,7.0,1,1,5,5
DNR-04699,6,27516.73,4586.12,19.0,1,5,6,6
DNR-04700,4,71136.24,17784.06,51.0,0,1,2,4
DNR-04701,6,264.31,44.05,85.0,0,1,1,6
DNR-04702,3,9336.32,3112.11,157.0,0,0,3,3
DNR-04703,3,77163.73,25721.24,68.0,0,1,3,3
DNR-04704,5,721.57,144.31,588.0,0,0,0,5
DNR-04705,5,192.59,38.52,182.0,0,0,2,5
DNR-04706,4,565.36,141.34,277.0,0,0,2,4
DNR-04707,8,46247.43,5780.93,142.0,0,0,4,8
DNR-04708,6,1793.77,298.96,230.0,0,0,1,6
DNR-04709,6,2684.53,447.42,46.0,0,2,5,6
DNR-04710,1,34.83,34.83,4.0,1,1,1,1
DNR-04711,4,301.65,75.41,21.0,1,1,4,4
DNR-04712,6,881.66,146.94,129.0,0,0,2,6
DNR-04713,5,27265.67,5453.13,211.0,0,0,1,5
DNR-04714,6,24026.71,4004.45,789.0,0,0,0,6
DNR-04715,2,372.28,186.14,148.0,0,0,2,2
DNR-04716,5,695.27,139.05,62.0,0,4,5,4
DNR-04717,7,413.11,59.02,44.0,0,1,7,7
DNR-04718,5,2188.94,437.79,151.0,0,0,4,5
DNR-04719,8,966.2,120.78,108.0,0,0,3,7
DNR-04720,5,1994.73,398.95,244.0,0,0,1,5
DNR-04721,5,2201.8,440.36,8.0,2,3,5,5
DNR-04722,7,2177.98,311.14,246.0,0,0,2,7
DNR-04723,3,213.67,71.22,531.0,0,0,0,3
DNR-04724,2,1698.32,849.16,46.0,0,1,2,2
DNR-04725,3,478.43,159.48,63.0,0,2,3,3
DNR-04726,5,2743.15,548.63,48.0,0,1,1,5
DNR-04727,3,165.0,55.0,139.0,0,0,3,3
DNR-04728,7,2959.53,422.79,18.0,1,2,6,7
DNR-04729,1,45.65,45.65,986.0,0,0,0,1
DNR-04730,7,2281.42,325.92,39.0,0,1,3,7
DNR-04731,3,20855.02,6951.67,194.0,0,0,1,3
DNR-04732,4,21975.67,5493.92,81.0,0,1,4,4
DNR-04733,6,102048.67,17008.11,486.0,0,0,0,6
DNR-04734,8,1386.23,173.28,12.0,1,2,4,7
DNR-04735,6,768.75,128.12,333.0,0,0,1,6
DNR-04736,3,172.16,57.39,33.0,0,1,2,3
DNR-04737,10,857.45,85.74,21.0,1,2,8,10
DNR-04738,2,97.18,48.59,374.0,0,0,0,2
DNR-04739,4,359.29,89.82,76.0,0,1,4,4
DNR-04740,4,473.7,118.43,50.0,0,1,4,4
DNR-04741,5,745.65,149.13,256.0,0,0,2,5
DNR-04742,6,1601.19,266.86,188.0,0,0,1,5
DNR-04743,7,1050.88,150.13,98.0,0,0,3,6
DNR-04744,7,3380.02,482.86,452.0,0,0,0,7
DNR-04745,8,1547.77,193.47,101.0,0,0,2,8
DNR-04746,6,2513.25,418.88,23.0,1,1,6,6
DNR-04747,2,111.61,55.8,360.0,0,0,1,2
DNR-04748,3,412.64,137.55,692.0,0,0,0,3
DNR-04749,2,175.2,87.6,1058.0,0,0,0,2
DNR-04750,5,2557.77,511.55,4.0,4,5,5,5
DNR-04751,4,417.15,104.29,43.0,0,1,1,4
DNR-04752,4,32241.25,8060.31,32.0,0,1,2,4
DNR-04753,5,347.63,69.53,114.0,0,0,1,5
DNR-04754,6,68655.42,11442.57,48.0,0,1,6,6
DNR-04755,1,62.4,62.4,210.0,0,0,1,1
DNR-04756,3,190.84,63.61,39.0,0,1,3,3
DNR-04757,4,31677.29,7919.32,44.0,0,1,3,4
DNR-04758,6,2619.03,436.5,34.0,0,4,6,6
DNR-04759,4,2110.17,527.54,61.0,0,1,4,4
DNR-04760,3,379.44,126.48,1048.0,0,0,0,3
DNR-04761,7,777.76,111.11,215.0,0,0,1,7
DNR-04762,3,378.62,126.21,169.0,0,0,1,2
DNR-04763,4,2620.12,655.03,19.0,1,1,2,4
DNR-04764,3,520.42,173.47,53.0,0,1,3,3
DNR-04765,7,2500.1,357.16,476.0,0,0,0,7
DNR-04766,6,311.38,51.9,314.0,0,0,1,6
DNR-04767,5,685.44,137.09,214.0,0,0,1,5
DNR-04768,6,1382.13,230.36,37.0,0,1,1,6
DNR-04769,8,1012.8,126.6,89.0,0,1,1,7
DNR-04770,7,992.76,141.82,319.0,0,0,2,7
DNR-04771,7,736.14,105.16,75.0,0,1,7,7
DNR-04772,8,2816.31,352.04,59.0,0,1,3,8
DNR-04773,6,729.39,121.56,4.0,4,6,6,6
DNR-04774,3,205.89,68.63,192.0,0,0,3,3
DNR-04775,3,2448.44,816.15,37.0,0,1,1,3
DNR-04776,3,8142.58,2714.19,283.0,0,0,1,3
DNR-04777,7,29744.92,4249.27,6.0,2,7,7,7
DNR-04778,9,3561.31,395.7,235.0,0,0,2,9
DNR-04779,7,2111.28,301.61,95.0,0,0,2,7
DNR-04780,2,549.97,274.98,120.0,0,0,2,2
DNR-04781,5,264.38,52.88,527.0,0,0,0,5
DNR-04782,2,506.23,253.12,402.0,0,0,0,2
DNR-04783,2,212.79,106.4,529.0,0,0,0,2
DNR-04784,7,34840.54,4977.22,1.0,3,7,7,6
DNR-04785,5,383.61,76.72,497.0,0,0,0,5
DNR-04786,7,524.85,74.98,45.0,0,1,7,7
DNR-04787,5,223.53,44.71,98.0,0,0,2,5
DNR-04788,7,2751.69,393.1,43.0,0,1,2,7
DNR-04789,7,2374.48,339.21,85.0,0,1,5,7
DNR-04790,5,224.62,44.92,77.0,0,1,5,5
DNR-04791,6,769.39,128.23,69.0,0,2,4,6
DNR-04792,1,123.26,123.26,1649.0,0,0,0,1
DNR-04793,0,0.0,0.0,,0,0,0,0
DNR-04794,3,304.19,101.4,145.0,0,0,1,3
DNR-04795,5,744.98,149.0,136.0,0,0,2,5
DNR-04796,5,2004.01,400.8,121.0,0,0,2,5
DNR-04797,3,412.26,137.42,269.0,0,0,1,3
DNR-04798,5,149442.84,29888.57,1.0,1,2,5,5
DNR-04799,7,1737.02,248.15,66.0,0,1,1,7
DNR-04800,6,852.32,142.05,97.0,0,0,2,6
DNR-04801,5,1543.03,308.61,77.0,0,1,2,5
DNR-04802,3,549.84,183.28,399.0,0,0,0,3
DNR-04803,5,557.52,111.5,170.0,0,0,1,5
DNR-04804,4,171.57,42.89,80.0,0,1,4,4
DNR-04805,7,1915.61,273.66,145.0,0,0,3,7
DNR-04806,8,1139.97,142.5,434.0,0,0,0,7
DNR-04807,6,1201.96,200.33,9.0,1,2,2,6
DNR-04808,6,4227.72,704.62,448.0,0,0,0,6
DNR-04809,5,722.17,144.43,281.0,0,0,2,5
DNR-04810,3,19544.61,6514.87,79.0,0,1,1,3
DNR-04811,8,698.57,87.32,65.0,0,1,1,8
DNR-04812,8,47138.44,5892.3,16.0,2,5,8,7
DNR-04813,2,242.62,121.31,559.0,0,0,0,2
DNR-04814,2,120.86,60.43,77.0,0,1,1,2
DNR-04815,5,1065.56,213.11,317.0,0,0,1,5
DNR-04816,4,292.63,73.16,211.0,0,0,3,4
DNR-04817,4,446.93,111.73,211.0,0,0,4,4
DNR-04818,2,118.36,59.18,489.0,0,0,0,2
DNR-04819,5,2562.51,512.5,85.0,0,1,2,5
DNR-04820,3,41904.02,13968.01,156.0,0,0,2,3
DNR-04821,5,2500.96,500.19,42.0,0,2,2,5
DNR-04822,4,139.29,34.82,168.0,0,0,3,4
DNR-04823,4,361.68,90.42,102.0,0,0,2,4
DNR-04824,6,399.55,66.59,51.0,0,1,3,6
DNR-04825,5,343.9,68.78,294.0,0,0,1,5
DNR-04826,3,1115.03,371.68,92.0,0,0,1,3
DNR-04827,8,382.35,47.79,24.0,1,2,5,8
DNR-04828,5,656.37,131.27,20.0,1,1,2,5
DNR-04829,3,569.17,189.72,255.0,0,0,1,3
DNR-04830,4,210.34,52.58,39.0,0,2,4,4
DNR-04831,6,463.21,77.2,49.0,0,1,5,5
DNR-04832,6,2864.42,477.4,10.0,1,2,4,6
DNR-04833,2,619.96,309.98,1.0,1,2,2,2
DNR-04834,11,1830.66,166.42,195.0,0,0,2,11
DNR-04835,4,900.64,225.16,5.0,1,3,4,4
DNR-04836,9,869.49,96.61,386.0,0,0,0,9
DNR-04837,4,635.21,158.8,2.0,3,4,4,4
DNR-04838,6,1886.13,314.35,50.0,0,1,6,6
DNR-04839,4,479.04,119.76,6.0,1,3,4,3
DNR-04840,5,622.83,124.57,0.0,1,1,5,5
DNR-04841,6,2860.27,476.71,7.0,1,2,3,6
DNR-04842,4,4701.79,1175.45,225.0,0,0,3,4
DNR-04843,1,4585.56,4585.56,67.0,0,1,1,1
DNR-04844,7,84054.02,12007.72,119.0,0,0,2,7
DNR-04845,11,4113.45,373.95,64.0,0,1,3,10
DNR-04846,6,236.58,39.43,118.0,0,0,3,6
DNR-04847,5,1001.42,200.28,228.0,0,0,3,4
DNR-04848,4,195.5,48.88,153.0,0,0,3,4
DNR-04849,3,2462.2,820.73,514.0,0,0,0,3
DNR-04850,5,599.84,119.97,30.0,1,1,2,5
DNR-04851,4,176.18,44.04,161.0,0,0,1,4
DNR-04852,1,2127.92,2127.92,429.0,0,0,0,1
DNR-04853,6,906.77,151.13,36.0,0,1,4,6
DNR-04854,5,2149.34,429.87,3.0,4,5,5,5
DNR-04855,0,0.0,0.0,,0,0,0,0
DNR-04856,8,3591.01,448.88,173.0,0,0,3,8
DNR-04857,6,995.7,165.95,74.0,0,1,1,6
DNR-04858,4,558.38,139.6,342.0,0,0,1,4
DNR-04859,3,76.15,25.38,215.0,0,0,3,3
DNR-04860,2,339.19,169.59,154.0,0,0,1,2
DNR-04861,8,441.23,55.15,115.0,0,0,6,7
DNR-04862,4,474.46,118.62,67.0,0,1,2,4
DNR-04863,9,853.84,94.87,58.0,0,1,3,9
DNR-04864,4,208.65,52.16,53.0,0,1,4,4
DNR-04865,5,568.01,113.6,223.0,0,0,2,5
DNR-04866,4,1023.0,255.75,106.0,0,0,1,3
DNR-04867,2,181.27,90.64,429.0,0,0,0,2
DNR-04868,6,827.21,137.87,304.0,0,0,1,6
DNR-04869,2,48700.67,24350.34,1027.0,0,0,0,2
DNR-04870,5,2513.09,502.62,29.0,1,1,1,5
DNR-04871,5,1495.59,299.12,46.0,0,1,1,5
DNR-04872,10,1840.9,184.09,151.0,0,0,1,10
DNR-04873,6,55163.75,9193.96,247.0,0,0,1,6
DNR-04874,3,394.87,131.62,365.0,0,0,1,3
DNR-04875,6,1274.24,212.37,71.0,0,1,6,6
DNR-04876,3,218.11,72.7,238.0,0,0,2,3
DNR-04877,3,1122.52,374.17,6.0,1,1,1,3
DNR-04878,9,2577.49,286.39,370.0,0,0,0,8
DNR-04879,5,617.27,123.45,388.0,0,0,0,5
DNR-04880,1,56.23,56.23,490.0,0,0,0,1
DNR-04881,2,139.73,69.87,432.0,0,0,0,2
DNR-04882,10,8710.71,871.07,3.0,3,6,10,10
DNR-04883,3,476.59,158.86,3.0,1,1,3,3
DNR-04884,2,1032.88,516.44,796.0,0,0,0,2
DNR-04885,7,1550.94,221.56,95.0,0,0,4,7
DNR-04886,7,955.35,136.48,23.0,1,1,5,7
DNR-04887,3,120.89,40.3,7.0,1,1,1,3
DNR-04888,3,12342.81,4114.27,1349.0,0,0,0,3
DNR-04889,6,859.13,143.19,175.0,0,0,4,5
DNR-04890,6,337.02,56.17,546.0,0,0,0,6
DNR-04891,11,821.32,74.67,7.0,6,11,11,10
DNR-04892,3,88.24,29.41,501.0,0,0,0,3
DNR-04893,6,4682.59,780.43,256.0,0,0,1,5
DNR-04894,2,84.99,42.5,51.0,0,1,2,2
DNR-04895,6,1260.2,210.03,58.0,0,3,4,6
DNR-04896,8,3139.62,392.45,1.0,1,2,5,8
DNR-04897,9,2164.14,240.46,58.0,0,1,5,9
DNR-04898,4,274.13,68.53,219.0,0,0,1,4
DNR-04899,4,2803.89,700.97,247.0,0,0,1,4
DNR-04900,4,18454.37,4613.59,115.0,0,0,3,4
DNR-04901,3,2302.83,767.61,350.0,0,0,1,3
DNR-04902,3,998.73,332.91,247.0,0,0,2,3
DNR-04903,2,152.47,76.24,77.0,0,2,2,2
DNR-04904,6,69342.4,11557.07,57.0,0,2,4,6
DNR-04905,5,523.71,104.74,39.0,0,1,2,5
DNR-04906,6,1010.62,168.44,208.0,0,0,1,6
DNR-04907,3,18099.72,6033.24,1032.0,0,0,0,3
DNR-04908,4,1265.41,316.35,90.0,0,1,2,4
DNR-04909,3,728.32,242.77,303.0,0,0,1,3
DNR-04910,5,1301.8,260.36,195.0,0,0,2,5
DNR-04911,4,2570.06,642.52,249.0,0,0,3,4
DNR-04912,9,1301.69,144.63,137.0,0,0,4,9
DNR-04913,5,2228.67,445.73,11.0,1,3,5,4
DNR-04914,6,1218.54,203.09,52.0,0,1,6,6
DNR-04915,3,203.16,67.72,27.0,1,1,3,3
DNR-04916,1,21089.4,21089.4,1270.0,0,0,0,1
DNR-04917,4,445.59,111.4,43.0,0,3,4,4
DNR-04918,3,1460.34,486.78,50.0,0,1,3,3
DNR-04919,2,9021.34,4510.67,173.0,0,0,2,2
DNR-04920,5,2181.54,436.31,148.0,0,0,2,5
DNR-04921,2,166.51,83.26,130.0,0,0,1,2
DNR-04922,4,89147.41,22286.85,133.0,0,0,2,4
DNR-04923,1,20817.34,20817.34,177.0,0,0,1,1
DNR-04924,2,554.44,277.22,65.0,0,2,2,2
DNR-04925,7,770.52,110.07,99.0,0,0,3,7
DNR-04926,6,2017.72,336.29,23.0,1,6,6,6
DNR-04927,5,2182.4,436.48,149.0,0,0,2,5
DNR-04928,4,67938.11,16984.53,591.0,0,0,0,4
DNR-04929,7,1042.62,148.95,2.0,2,5,5,7
DNR-04930,11,4456.49,405.14,50.0,0,1,8,11
DNR-04931,5,3156.37,631.27,491.0,0,0,0,5
DNR-04932,10,129711.36,12971.14,19.0,1,2,8,10
DNR-04933,6,963.5,160.58,252.0,0,0,2,6
DNR-04934,4,231.81,57.95,66.0,0,1,4,4
DNR-04935,5,775.21,155.04,39.0,0,1,5,5
DNR-04936,2,375.24,187.62,338.0,0,0,1,2
DNR-04937,3,458.15,152.72,150.0,0,0,1,3
DNR-04938,4,314.94,78.74,114.0,0,0,1,4
DNR-04939,4,2752.51,688.13,298.0,0,0,1,4
DNR-04940,1,9754.46,9754.46,158.0,0,0,1,1
DNR-04941,6,256.14,42.69,23.0,1,1,1,6
DNR-04942,6,3099.25,516.54,0.0,1,2,2,6
DNR-04943,4,159.34,39.84,199.0,0,0,1,4
DNR-04944,9,1842.86,204.76,2.0,1,1,4,9
DNR-04945,3,873.14,291.05,367.0,0,0,0,3
DNR-04946,3,2876.27,958.76,407.0,0,0,0,3
DNR-04947,6,1235.23,205.87,3.0,2,2,3,6
DNR-04948,4,164.4,41.1,46.0,0,1,1,4
DNR-04949,3,46730.93,15576.98,179.0,0,0,2,3
DNR-04950,7,2178.58,311.23,29.0,1,1,2,7
DNR-04951,6,575.2,95.87,327.0,0,0,1,6
DNR-04952,3,136.36,45.45,713.0,0,0,0,3
DNR-04953,5,2462.17,492.43,190.0,0,0,3,5
DNR-04954,5,772.96,154.59,144.0,0,0,4,5
DNR-04955,2,64287.96,32143.98,972.0,0,0,0,2
DNR-04956,3,379.6,126.53,536.0,0,0,0,3
DNR-04957,3,853.94,284.65,285.0,0,0,2,3
DNR-04958,5,2188.75,437.75,15.0,1,3,5,5
DNR-04959,6,759.31,126.55,78.0,0,1,6,6
DNR-04960,3,1274.48,424.83,429.0,0,0,0,3
DNR-04961,2,173.57,86.78,47.0,0,1,2,2
DNR-04962,4,19587.67,4896.92,104.0,0,0,2,4
DNR-04963,8,1543.56,192.94,55.0,0,3,8,7
DNR-04964,10,563.32,56.33,4.0,1,1,6,10
DNR-04965,10,2650.07,265.01,14.0,4,10,10,9
DNR-04966,4,248.17,62.04,13.0,1,2,4,4
DNR-04967,5,1257.59,251.52,149.0,0,0,1,5
DNR-04968,1,72.29,72.29,767.0,0,0,0,1
DNR-04969,4,269.64,67.41,62.0,0,1,1,3
DNR-04970,9,2921.72,324.64,16.0,3,3,6,9
DNR-04971,8,39126.69,4890.84,20.0,1,1,2,8
DNR-04972,8,3051.18,381.4,29.0,1,1,2,8
DNR-04973,5,1005.92,201.18,25.0,2,2,2,5
DNR-04974,4,2185.95,546.49,4.0,1,3,4,4
DNR-04975,4,189.05,47.26,52.0,0,2,2,4
DNR-04976,3,573.92,191.31,215.0,0,0,2,3
DNR-04977,5,95055.97,19011.19,7.0,2,2,5,5
DNR-04978,6,662.87,110.48,34.0,0,1,4,6
DNR-04979,6,1461.11,243.52,21.0,1,1,3,6
DNR-04980,5,1377.44,275.49,43.0,0,1,1,5
DNR-04981,8,1821.54,227.69,19.0,1,3,8,8
DNR-04982,5,205.79,41.16,320.0,0,0,1,5
DNR-04983,8,2025.48,253.18,3.0,6,8,8,7
DNR-04984,5,416.8,83.36,418.0,0,0,0,5
DNR-04985,6,949.8,158.3,251.0,0,0,1,6
DNR-04986,10,1643.91,164.39,53.0,0,1,3,10
DNR-04987,5,1983.65,396.73,121.0,0,0,2,5
DNR-04988,7,896.69,128.1,16.0,1,2,3,7
DNR-04989,7,979.17,139.88,76.0,0,1,5,7
DNR-04990,5,518.04,103.61,582.0,0,0,0,4
DNR-04991,3,130.91,43.64,69.0,0,1,2,3
DNR-04992,3,188.44,62.81,166.0,0,0,2,3
DNR-04993,2,146.67,73.33,146.0,0,0,2,2
DNR-04994,4,588.91,147.23,129.0,0,0,2,4
DNR-04995,2,189.28,94.64,6.0,2,2,2,2
DNR-04996,4,196.06,49.02,81.0,0,1,2,4
DNR-04997,4,548.31,137.08,299.0,0,0,1,4
DNR-04998,6,781.86,130.31,37.0,0,1,3,6
DNR-04999,2,1787.04,893.52,25.0,1,1,2,2
DNR-05000,3,32340.16,10780.05,41.0,0,3,3,3
DNR-05001,6,583.63,97.27,50.0,0,1,1,6
DNR-05002,5,962.53,192.51,9.0,1,1,1,5
DNR-05003,4,1443.37,360.84,233.0,0,0,1,4
DNR-05004,5,1386.42,277.28,31.0,0,5,5,5
DNR-05005,3,90.01,30.0,202.0,0,0,3,3
DNR-05006,7,663.29,94.76,325.0,0,0,2,7
DNR-05007,3,231.25,77.08,644.0,0,0,0,3
DNR-05008,8,419.47,52.43,15.0,3,8,8,8
DNR-05009,5,77980.47,15596.09,418.0,0,0,0,5
DNR-05010,9,553.52,61.5,53.0,0,1,4,9
DNR-05011,6,2935.9,489.32,407.0,0,0,0,6
DNR-05012,4,2189.49,547.37,637.0,0,0,0,4
DNR-05013,6,968.83,161.47,108.0,0,0,3,6
DNR-05014,7,104070.85,14867.26,25.0,1,5,7,7
DNR-05015,6,409.98,68.33,34.0,0,3,4,6
DNR-05016,8,3734.8,466.85,47.0,0,2,3,8
DNR-05017,4,462.7,115.68,15.0,1,1,3,4
DNR-05018,8,47079.81,5884.98,191.0,0,0,3,8
DNR-05019,4,357.98,89.5,406.0,0,0,0,4
DNR-05020,5,295.28,59.06,21.0,3,5,5,5
DNR-05021,7,752.59,107.51,349.0,0,0,1,5
DNR-05022,4,222.9,55.72,17.0,1,3,4,4
DNR-05023,13,3341.44,257.03,191.0,0,0,1,13
DNR-05024,5,2190.01,438.0,39.0,0,2,5,5
DNR-05025,6,1313.97,219.0,47.0,0,1,2,6
DNR-05026,1,339.74,339.74,16.0,1,1,1,1
DNR-05027,4,139964.36,34991.09,41.0,0,1,2,4
DNR-05028,8,110609.46,13826.18,41.0,0,2,5,8
DNR-05029,5,313.85,62.77,635.0,0,0,0,5
DNR-05030,5,157.19,31.44,31.0,0,1,1,5
DNR-05031,5,2548.16,509.63,101.0,0,0,2,5
DNR-05032,4,345.59,86.4,189.0,0,0,3,4
DNR-05033,8,637.78,79.72,226.0,0,0,2,8
DNR-05034,4,380.0,95.0,177.0,0,0,1,4
DNR-05035,4,196.8,49.2,77.0,0,1,2,4
DNR-05036,6,116802.65,19467.11,39.0,0,1,6,6
DNR-05037,7,957.15,136.74,10.0,3,4,7,7
DNR-05038,6,2761.76,460.29,33.0,0,2,6,6
DNR-05039,7,830.54,118.65,65.0,0,2,2,7
DNR-05040,9,1549.12,172.12,222.0,0,0,5,9
DNR-05041,9,3490.74,387.86,103.0,0,0,3,9
DNR-05042,7,1876.7,268.1,100.0,0,0,4,7
DNR-05043,3,189.32,63.11,62.0,0,1,1,3
DNR-05044,3,540.41,180.14,558.0,0,0,0,3
DNR-05045,7,870.66,124.38,59.0,0,1,4,6
DNR-05046,3,281.07,93.69,117.0,0,0,2,3
DNR-05047,3,486.26,162.09,323.0,0,0,1,3
DNR-05048,7,2956.3,422.33,38.0,0,1,2,7
DNR-05049,7,1698.8,242.69,2.0,1,4,7,7
DNR-05050,10,44808.09,4480.81,64.0,0,2,10,10
DNR-05051,5,404.51,80.9,109.0,0,0,1,5
DNR-05052,5,141254.94,28250.99,323.0,0,0,1,5
DNR-05053,4,71250.05,17812.51,27.0,1,1,4,4
DNR-05054,8,1705.35,213.17,296.0,0,0,1,8
DNR-05055,9,1909.18,212.13,97.0,0,0,5,9
DNR-05056,3,504.36,168.12,442.0,0,0,0,3
DNR-05057,2,63.97,31.98,119.0,0,0,1,2
DNR-05058,3,4498.56,1499.52,61.0,0,1,3,3
DNR-05059,5,1841.14,368.23,653.0,0,0,0,5
DNR-05060,8,3059.05,382.38,16.0,1,3,6,7
DNR-05061,6,2318.57,386.43,31.0,0,3,6,6
DNR-05062,7,504.37,72.05,52.0,0,2,2,7
DNR-05063,8,1253.88,156.74,22.0,1,2,4,7
DNR-05064,6,2776.63,462.77,89.0,0,1,2,6
DNR-05065,5,916.48,183.3,30.0,1,2,2,5
DNR-05066,4,2245.59,561.4,9.0,1,1,2,4
DNR-05067,8,1538.05,192.26,1.0,5,8,8,8
DNR-05068,4,1646.89,411.72,81.0,0,1,2,4
DNR-05069,3,427.79,142.6,158.0,0,0,1,3
DNR-05070,6,578.47,96.41,109.0,0,0,3,5
DNR-05071,6,850.33,141.72,7.0,3,3,6,6
DNR-05072,5,483.56,96.71,153.0,0,0,5,5
DNR-05073,3,2584.8,861.6,54.0,0,1,2,3
DNR-05074,4,173.95,43.49,306.0,0,0,1,4
DNR-05075,2,754.57,377.28,491.0,0,0,0,2
DNR-05076,6,1831.95,305.32,572.0,0,0,0,6
DNR-05077,4,885.59,221.4,202.0,0,0,1,4
DNR-05078,4,1629.61,407.4,43.0,0,1,4,4
DNR-05079,6,693.28,115.55,198.0,0,0,2,6
DNR-05080,5,3026.35,605.27,0.0,1,3,5,5
DNR-05081,8,1612.3,201.54,0.0,1,1,2,8
DNR-05082,4,299.56,74.89,141.0,0,0,1,4
DNR-05083,2,125.1,62.55,114.0,0,0,2,2
DNR-05084,5,621.44,124.29,110.0,0,0,4,5
DNR-05085,4,311.64,77.91,100.0,0,0,3,4
DNR-05086,3,140.03,46.68,388.0,0,0,0,3
DNR-05087,2,1732.37,866.18,271.0,0,0,1,2
DNR-05088,4,158496.59,39624.15,4.0,2,4,4,4
DNR-05089,4,401.28,100.32,130.0,0,0,4,4
DNR-05090,5,84833.81,16966.76,115.0,0,0,5,5
DNR-05091,5,851.24,170.25,888.0,0,0,0,5
DNR-05092,3,35405.29,11801.76,231.0,0,0,1,3
DNR-05093,2,135.55,67.78,81.0,0,1,2,2
DNR-05094,4,211.23,52.81,183.0,0,0,1,4
DNR-05095,2,96.51,48.26,955.0,0,0,0,2
DNR-05096,2,441.7,220.85,190.0,0,0,2,2
DNR-05097,6,738.98,123.16,4.0,1,2,6,6
DNR-05098,4,4695.72,1173.93,518.0,0,0,0,4
DNR-05099,8,816.18,102.02,11.0,1,1,4,8
DNR-05100,4,466.26,116.57,19.0,1,1,2,4
DNR-05101,6,388.22,64.7,35.0,0,2,6,6
DNR-05102,6,1390.23,231.7,138.0,0,0,2,5
DNR-05103,6,893.61,148.94,266.0,0,0,1,6
DNR-05104,4,267.65,66.91,77.0,0,1,2,4
DNR-05105,5,640.98,128.2,15.0,1,2,5,5
DNR-05106,1,134.08,134.08,644.0,0,0,0,1
DNR-05107,7,710.84,101.55,27.0,1,1,1,6
DNR-05108,5,782.3,156.46,107.0,0,0,4,5
DNR-05109,4,586.55,146.64,103.0,0,0,1,4
DNR-05110,5,1632.06,326.41,382.0,0,0,0,5
DNR-05111,5,545.44,109.09,421.0,0,0,0,5
DNR-05112,10,99530.46,9953.05,111.0,0,0,2,9
DNR-05113,3,96015.29,32005.1,91.0,0,0,3,3
DNR-05114,4,595.4,148.85,423.0,0,0,0,4
DNR-05115,2,2307.57,1153.79,49.0,0,1,1,2
DNR-05116,4,529.94,132.49,8.0,2,4,4,4
DNR-05117,12,151544.47,12628.71,39.0,0,1,1,12
DNR-05118,7,386.66,55.24,16.0,2,3,4,7
DNR-05119,4,229.43,57.36,17.0,1,1,3,4
DNR-05120,1,44.49,44.49,396.0,0,0,0,1
DNR-05121,8,501.28,62.66,30.0,1,3,6,8
DNR-05122,4,2538.52,634.63,46.0,0,1,4,4
DNR-05123,4,361.55,90.39,373.0,0,0,0,4
DNR-05124,6,609.4,101.57,294.0,0,0,1,6
DNR-05125,7,73135.8,10447.97,18.0,1,1,7,6
DNR-05126,6,771.77,128.63,199.0,0,0,1,6
DNR-05127,4,447.26,111.82,54.0,0,2,4,4
DNR-05128,6,764.74,127.46,109.0,0,0,2,6
DNR-05129,4,817.74,204.44,17.0,1,1,2,4
DNR-05130,3,1253.09,417.7,19.0,1,1,1,3
DNR-05131,8,1569.93,196.24,233.0,0,0,1,8
DNR-05132,1,66.45,66.45,108.0,0,0,1,1
DNR-05133,5,276.59,55.32,415.0,0,0,0,4
DNR-05134,6,383.73,63.96,165.0,0,0,1,5
DNR-05135,4,263.26,65.82,724.0,0,0,0,4
DNR-05136,3,196.13,65.38,440.0,0,0,0,3
DNR-05137,4,30561.57,7640.39,188.0,0,0,2,4
DNR-05138,0,0.0,0.0,,0,0,0,0
DNR-05139,6,2114.18,352.36,40.0,0,4,6,5
DNR-05140,6,528.35,88.06,17.0,1,2,6,6
DNR-05141,5,969.01,193.8,278.0,0,0,1,4
DNR-05142,3,2257.95,752.65,301.0,0,0,1,3
DNR-05143,7,3639.0,519.86,122.0,0,0,2,7
DNR-05144,3,369.77,123.26,204.0,0,0,2,3
DNR-05145,3,593.08,197.69,5.0,1,1,3,3
DNR-05146,5,257.22,51.44,109.0,0,0,5,5
DNR-05147,2,86.23,43.11,614.0,0,0,0,2
DNR-05148,4,67711.94,16927.98,317.0,0,0,1,4
DNR-05149,3,197.45,65.82,287.0,0,0,1,3
DNR-05150,5,1006.1,201.22,215.0,0,0,1,4
DNR-05151,4,673.83,168.46,163.0,0,0,2,4
DNR-05152,2,8413.18,4206.59,3.0,1,1,1,2
DNR-05153,8,26238.39,3279.8,28.0,1,1,3,8
DNR-05154,3,152.49,50.83,82.0,0,1,1,3
DNR-05155,2,539.05,269.52,27.0,1,1,2,2
DNR-05156,6,2079.1,346.52,257.0,0,0,1,6
DNR-05157,4,25658.48,6414.62,18.0,3,4,4,4
DNR-05158,4,1502.91,375.73,229.0,0,0,1,4
DNR-05159,8,834.81,104.35,10.0,1,2,3,8
DNR-05160,6,1771.63,295.27,11.0,1,3,6,6
DNR-05161,6,271.32,45.22,101.0,0,0,2,6
DNR-05162,5,32757.99,6551.6,13.0,1,1,2,5
DNR-05163,5,2595.87,519.17,75.0,0,1,3,5
DNR-05164,4,830.75,207.69,25.0,1,1,4,4
DNR-05165,5,536.89,107.38,17.0,1,2,4,5
DNR-05166,2,68210.39,34105.2,617.0,0,0,0,2
DNR-05167,5,786.23,157.25,274.0,0,0,2,5
DNR-05168,7,30114.18,4302.03,210.0,0,0,4,6
DNR-05169,4,3081.03,770.26,263.0,0,0,1,4
DNR-05170,4,313.81,78.45,25.0,1,1,3,4
DNR-05171,4,562.85,140.71,335.0,0,0,2,4
DNR-05172,7,100233.8,14319.11,107.0,0,0,3,7
DNR-05173,6,75312.06,12552.01,17.0,1,2,2,6
DNR-05174,1,4163.72,4163.72,305.0,0,0,1,1
DNR-05175,5,1740.61,348.12,54.0,0,5,5,5
DNR-05176,3,2093.38,697.79,173.0,0,0,1,3
DNR-05177,1,54.56,54.56,776.0,0,0,0,1
DNR-05178,7,930.95,132.99,69.0,0,1,5,7
DNR-05179,4,1349.27,337.32,108.0,0,0,2,4
DNR-05180,3,68.67,22.89,217.0,0,0,2,3
DNR-05181,4,2258.09,564.52,185.0,0,0,2,4
DNR-05182,5,633.74,126.75,4.0,1,2,5,5
DNR-05183,2,153.91,76.96,80.0,0,1,1,2
DNR-05184,5,2352.25,470.45,118.0,0,0,1,5
DNR-05185,4,93246.35,23311.59,52.0,0,3,4,4
DNR-05186,2,198.22,99.11,19.0,1,1,2,2
DNR-05187,2,770.55,385.28,541.0,0,0,0,2
DNR-05188,8,532.29,66.54,1.0,1,1,7,7
DNR-05189,7,752.53,107.5,144.0,0,0,1,7
DNR-05190,2,8473.51,4236.76,128.0,0,0,2,2
DNR-05191,6,1408.49,234.75,454.0,0,0,0,5
DNR-05192,7,2632.67,376.1,18.0,2,4,7,7
DNR-05193,7,178.13,25.45,153.0,0,0,1,7
DNR-05194,9,1426.9,158.54,286.0,0,0,1,9
DNR-05195,6,281.2,46.87,4.0,4,6,6,6
DNR-05196,4,247.51,61.88,21.0,1,1,4,4
DNR-05197,8,905.9,113.24,3.0,1,1,1,7
DNR-05198,3,406.66,135.55,13.0,1,1,1,3
DNR-05199,2,307.13,153.56,391.0,0,0,0,2
DNR-05200,6,870.15,145.02,85.0,0,1,2,6
DNR-05201,5,275.06,55.01,180.0,0,0,5,5
DNR-05202,3,11809.76,3936.59,698.0,0,0,0,3
DNR-05203,8,695.36,86.92,73.0,0,1,4,7
DNR-05204,3,341.81,113.94,177.0,0,0,2,2
DNR-05205,4,1746.91,436.73,239.0,0,0,1,4
DNR-05206,4,1188.14,297.03,72.0,0,1,1,4
DNR-05207,5,1822.05,364.41,670.0,0,0,0,5
DNR-05208,9,1201.0,133.44,71.0,0,2,9,9
DNR-05209,1,1080.73,1080.73,248.0,0,0,1,1
DNR-05210,6,881.41,146.9,92.0,0,0,4,5
DNR-05211,6,749.08,124.85,12.0,1,1,3,6
DNR-05212,3,246.07,82.02,200.0,0,0,2,3
DNR-05213,7,1040.39,148.63,4.0,1,2,3,6
DNR-05214,3,185.47,61.82,346.0,0,0,1,2
DNR-05215,3,548.72,182.91,177.0,0,0,1,3
DNR-05216,4,700.99,175.25,283.0,0,0,1,4
DNR-05217,9,1095.01,121.67,6.0,1,2,6,9
DNR-05218,4,243.55,60.89,328.0,0,0,2,3
DNR-05219,7,34840.82,4977.26,109.0,0,0,7,7
DNR-05220,5,526.06,105.21,74.0,0,1,4,3
DNR-05221,9,62009.87,6889.99,139.0,0,0,5,9
DNR-05222,9,1375.57,152.84,35.0,0,1,4,8
DNR-05223,3,2987.96,995.99,148.0,0,0,1,3
DNR-05224,6,2297.18,382.86,146.0,0,0,1,6
DNR-05225,5,529.46,105.89,75.0,0,1,1,5
DNR-05226,1,54.35,54.35,1324.0,0,0,0,1
DNR-05227,4,192.3,48.08,59.0,0,1,2,4
DNR-05228,6,5119.91,853.32,100.0,0,0,3,6
DNR-05229,5,3057.32,611.46,8.0,1,1,2,5
DNR-05230,4,178.9,44.72,26.0,2,2,4,4
DNR-05231,5,780.63,156.13,62.0,0,1,2,4
DNR-05232,2,148.48,74.24,1646.0,0,0,0,2
DNR-05233,0,0.0,0.0,,0,0,0,0
DNR-05234,2,198.44,99.22,408.0,0,0,0,2
DNR-05235,6,1283.86,213.98,30.0,1,3,6,4
DNR-05236,7,2030.06,290.01,59.0,0,2,7,7
DNR-05237,4,581.29,145.32,246.0,0,0,1,4
DNR-05238,5,122631.36,24526.27,32.0,0,2,5,5
DNR-05239,5,481.92,96.38,5.0,2,5,5,5
DNR-05240,5,307.3,61.46,8.0,1,1,5,4
DNR-05241,6,2474.43,412.4,286.0,0,0,2,6
DNR-05242,7,641.75,91.68,86.0,0,1,5,7
DNR-05243,4,1675.69,418.92,80.0,0,1,4,4
DNR-05244,5,2371.38,474.28,138.0,0,0,2,5
DNR-05245,3,159.59,53.2,428.0,0,0,0,3
DNR-05246,7,3581.66,511.67,439.0,0,0,0,7
DNR-05247,6,1122.17,187.03,235.0,0,0,1,6
DNR-05248,8,489.84,61.23,0.0,2,2,4,6
DNR-05249,4,1328.15,332.04,73.0,0,1,4,4
DNR-05250,3,297.34,99.11,364.0,0,0,1,3
DNR-05251,5,822.3,164.46,232.0,0,0,3,5
DNR-05252,2,157.06,78.53,193.0,0,0,1,2
DNR-05253,1,56.16,56.16,6.0,1,1,1,1
DNR-05254,6,2309.18,384.86,79.0,0,1,3,6
DNR-05255,8,51347.2,6418.4,306.0,0,0,4,7
DNR-05256,7,213044.08,30434.87,59.0,0,2,7,7
DNR-05257,6,2352.12,392.02,298.0,0,0,1,6
DNR-05258,4,307.12,76.78,873.0,0,0,0,4
DNR-05259,3,567.98,189.33,263.0,0,0,1,3
DNR-05260,2,139.58,69.79,22.0,1,2,2,2
DNR-05261,7,90949.23,12992.75,12.0,2,3,6,7
DNR-05262,8,47759.19,5969.9,29.0,1,1,6,8
DNR-05263,3,56153.9,18717.97,629.0,0,0,0,3
DNR-05264,4,512.56,128.14,22.0,1,1,2,4
DNR-05265,4,135.63,33.91,38.0,0,2,4,3
DNR-05266,2,473.61,236.8,726.0,0,0,0,2
DNR-05267,3,135.86,45.29,610.0,0,0,0,3
DNR-05268,5,862.4,172.48,105.0,0,0,1,4
DNR-05269,9,1054.51,117.17,40.0,0,1,1,8
DNR-05270,6,419.6,69.93,28.0,1,1,6,6
DNR-05271,5,695.83,139.17,10.0,3,5,5,5
DNR-05272,6,742.81,123.8,118.0,0,0,4,6
DNR-05273,8,2656.91,332.11,65.0,0,1,4,8
DNR-05274,4,2728.22,682.06,203.0,0,0,1,4
DNR-05275,1,2103.66,2103.66,102.0,0,0,1,1
DNR-05276,2,502.75,251.38,27.0,1,2,2,2
DNR-05277,6,38871.23,6478.54,126.0,0,0,1,6
DNR-05278,4,2490.83,622.71,19.0,1,1,1,4
DNR-05279,4,792.6,198.15,20.0,1,1,3,3
DNR-05280,7,1859.72,265.67,228.0,0,0,2,6
DNR-05281,4,1592.52,398.13,9.0,2,3,4,3
DNR-05282,9,114772.26,12752.47,450.0,0,0,0,7
DNR-05283,4,641.42,160.35,31.0,0,1,1,4
DNR-05284,10,2818.38,281.84,44.0,0,1,5,10
DNR-05285,1,95.24,95.24,1276.0,0,0,0,1
DNR-05286,5,222.12,44.42,198.0,0,0,2,5
DNR-05287,8,3065.29,383.16,34.0,0,1,3,8
DNR-05288,8,54805.21,6850.65,480.0,0,0,0,7
DNR-05289,2,104.22,52.11,265.0,0,0,1,2
DNR-05290,6,385.88,64.31,40.0,0,1,3,6
DNR-05291,2,97.78,48.89,58.0,0,1,2,2
DNR-05292,5,245.34,49.07,894.0,0,0,0,5
DNR-05293,7,627.99,89.71,151.0,0,0,3,7
DNR-05294,4,497.15,124.29,100.0,0,0,3,4
DNR-05295,5,74246.15,14849.23,11.0,3,5,5,5
DNR-05296,8,3040.42,380.05,177.0,0,0,3,8
DNR-05297,6,2695.32,449.22,225.0,0,0,2,6
DNR-05298,8,764.31,95.54,240.0,0,0,1,8
DNR-05299,3,458.5,152.83,120.0,0,0,1,3
DNR-05300,5,152719.14,30543.83,78.0,0,1,3,5
DNR-05301,5,617.29,123.46,76.0,0,1,5,5
DNR-05302,3,3969.64,1323.21,192.0,0,0,1,3
DNR-05303,6,2247.43,374.57,83.0,0,1,1,6
DNR-05304,2,406.02,203.01,614.0,0,0,0,2
DNR-05305,3,419.22,139.74,338.0,0,0,1,3
DNR-05306,5,851.44,170.29,31.0,0,4,5,5
DNR-05307,3,31494.15,10498.05,280.0,0,0,1,3
DNR-05308,6,736.22,122.7,720.0,0,0,0,6
DNR-05309,1,191.82,191.82,32.0,0,1,1,1
DNR-05310,4,1329.24,332.31,82.0,0,1,1,3
DNR-05311,4,686.58,171.64,6.0,1,1,2,4
DNR-05312,6,1968.94,328.16,160.0,0,0,1,6
DNR-05313,2,664.15,332.08,932.0,0,0,0,2
DNR-05314,5,405.69,81.14,146.0,0,0,2,4
DNR-05315,2,832.27,416.14,1337.0,0,0,0,2
DNR-05316,8,231260.87,28907.61,212.0,0,0,3,8
DNR-05317,6,297.94,49.66,12.0,1,2,5,6
DNR-05318,1,25.55,25.55,1124.0,0,0,0,1
DNR-05319,3,363.3,121.1,95.0,0,0,3,2
DNR-05320,3,1045.61,348.54,44.0,0,2,3,3
DNR-05321,4,2243.66,560.92,3.0,1,1,3,4
DNR-05322,5,20414.72,4082.94,428.0,0,0,0,5
DNR-05323,5,370.41,74.08,91.0,0,0,5,5
DNR-05324,4,192.85,48.21,62.0,0,2,4,3
DNR-05325,0,0.0,0.0,,0,0,0,0
DNR-05326,7,60360.95,8622.99,79.0,0,1,3,7
DNR-05327,6,674.31,112.38,56.0,0,1,2,6
DNR-05328,7,1412.96,201.85,223.0,0,0,1,7
DNR-05329,3,29659.01,9886.34,81.0,0,1,2,3
DNR-05330,3,364.22,121.41,39.0,0,1,2,3
DNR-05331,7,3086.94,440.99,3.0,2,2,3,7
DNR-05332,4,2771.43,692.86,29.0,1,1,1,4
DNR-05333,9,1583.39,175.93,316.0,0,0,2,9
DNR-05334,4,1867.45,466.86,2.0,1,2,4,4
DNR-05335,10,3835.7,383.57,129.0,0,0,4,10
DNR-05336,4,1280.86,320.21,184.0,0,0,1,4
DNR-05337,3,18149.26,6049.75,9.0,1,1,1,3
DNR-05338,5,2775.55,555.11,115.0,0,0,1,5
DNR-05339,6,851.61,141.94,254.0,0,0,1,5
DNR-05340,5,183805.21,36761.04,39.0,0,1,1,5
DNR-05341,9,2203.06,244.78,0.0,1,2,8,9
DNR-05342,5,721.1,144.22,57.0,0,1,2,5
DNR-05343,3,382.28,127.43,123.0,0,0,1,3
DNR-05344,12,3753.6,312.8,59.0,0,4,9,11
DNR-05345,13,1775.73,136.59,34.0,0,2,5,13
DNR-05346,6,657.61,109.6,201.0,0,0,3,6
DNR-05347,2,15892.78,7946.39,251.0,0,0,1,2
DNR-05348,5,85814.91,17162.98,5.0,1,1,2,5
DNR-05349,1,375.92,375.92,167.0,0,0,1,1
DNR-05350,3,114.21,38.07,493.0,0,0,0,3
DNR-05351,2,77.0,38.5,685.0,0,0,0,2
DNR-05352,5,535.86,107.17,13.0,1,2,5,5
DNR-05353,6,22824.46,3804.08,12.0,2,2,5,6
DNR-05354,4,225.84,56.46,179.0,0,0,1,4
DNR-05355,2,56.38,28.19,90.0,0,1,2,2
DNR-05356,4,759.01,189.75,64.0,0,2,4,4
DNR-05357,2,5614.33,2807.16,1017.0,0,0,0,2
DNR-05358,3,233.48,77.83,309.0,0,0,1,3
DNR-05359,6,1770.2,295.03,215.0,0,0,1,6
DNR-05360,8,2234.13,279.27,240.0,0,0,1,8
DNR-05361,6,898.58,149.76,10.0,1,2,6,5
DNR-05362,4,678.83,169.71,101.0,0,0,1,3
DNR-05363,5,1733.42,346.68,46.0,0,2,3,5
DNR-05364,5,866.78,173.36,101.0,0,0,1,5
DNR-05365,3,584.12,194.71,260.0,0,0,1,3
DNR-05366,4,381.37,95.34,118.0,0,0,1,4
DNR-05367,2,159.33,79.67,372.0,0,0,0,2
DNR-05368,4,587.93,146.98,172.0,0,0,1,4
DNR-05369,4,3402.6,850.65,22.0,1,2,4,4
DNR-05370,5,714.84,142.97,921.0,0,0,0,5
DNR-05371,4,2182.49,545.62,586.0,0,0,0,4
DNR-05372,7,763.3,109.04,6.0,1,1,3,5
DNR-05373,2,6503.42,3251.71,668.0,0,0,0,2
DNR-05374,4,349.91,87.48,22.0,1,1,1,4
DNR-05375,5,829.7,165.94,39.0,0,3,5,5
DNR-05376,10,4179.61,417.96,23.0,1,1,4,8
DNR-05377,1,215.72,215.72,318.0,0,0,1,1
DNR-05378,8,2659.5,332.44,161.0,0,0,2,8
DNR-05379,5,857.49,171.5,87.0,0,1,2,5
DNR-05380,5,286.18,57.24,1.0,1,2,4,5
DNR-05381,6,744.5,124.08,17.0,1,6,6,5
DNR-05382,4,433.75,108.44,1.0,1,2,4,4
DNR-05383,4,1169.64,292.41,135.0,0,0,2,4
DNR-05384,5,649.52,129.9,153.0,0,0,4,5
DNR-05385,8,804.56,100.57,74.0,0,1,4,8
DNR-05386,5,2700.09,540.02,268.0,0,0,1,5
DNR-05387,4,185.54,46.39,18.0,2,3,4,4
DNR-05388,4,958.47,239.62,243.0,0,0,1,4
DNR-05389,6,342.3,57.05,87.0,0,1,2,6
DNR-05390,4,12636.4,3159.1,102.0,0,0,2,4
DNR-05391,4,35404.23,8851.06,137.0,0,0,3,4
DNR-05392,4,159.54,39.88,71.0,0,2,2,4
DNR-05393,0,0.0,0.0,,0,0,0,0
DNR-05394,2,140.92,70.46,165.0,0,0,1,2
DNR-05395,3,579.73,193.24,599.0,0,0,0,3
DNR-05396,7,211668.85,30238.41,17.0,1,1,7,7
DNR-05397,4,126.67,31.67,0.0,1,1,4,4
DNR-05398,11,3098.39,281.67,163.0,0,0,3,11
DNR-05399,6,39151.32,6525.22,3.0,1,2,6,5
DNR-05400,4,199.34,49.83,19.0,2,4,4,4
DNR-05401,3,843.1,281.03,304.0,0,0,1,3
DNR-05402,3,611.66,203.89,14.0,1,1,2,3
DNR-05403,7,1958.04,279.72,270.0,0,0,1,7
DNR-05404,3,1267.12,422.37,202.0,0,0,1,3
DNR-05405,2,12685.3,6342.65,593.0,0,0,0,2
DNR-05406,7,2119.3,302.76,729.0,0,0,0,7
DNR-05407,2,131.07,65.54,66.0,0,1,2,2
DNR-05408,4,1543.64,385.91,585.0,0,0,0,4
DNR-05409,8,626.91,78.36,67.0,0,1,4,7
DNR-05410,5,252.8,50.56,595.0,0,0,0,5
DNR-05411,4,249.97,62.49,27.0,1,1,4,4
DNR-05412,4,235.34,58.84,139.0,0,0,2,4
DNR-05413,6,803.63,133.94,324.0,0,0,1,6
DNR-05414,6,288.79,48.13,364.0,0,0,1,6
DNR-05415,10,1641.99,164.2,93.0,0,0,2,10
DNR-05416,6,3364.85,560.81,88.0,0,1,6,6
DNR-05417,1,66.17,66.17,242.0,0,0,1,1
DNR-05418,5,2357.29,471.46,483.0,0,0,0,5
DNR-05419,3,1878.57,626.19,715.0,0,0,0,3
DNR-05420,10,1721.52,172.15,33.0,0,3,10,10
DNR-05421,5,1024.81,204.96,625.0,0,0,0,5
DNR-05422,5,491.46,98.29,10.0,1,2,3,5
DNR-05423,1,350.84,350.84,122.0,0,0,1,1
DNR-05424,7,1344.39,192.06,254.0,0,0,1,7
DNR-05425,2,105.29,52.64,212.0,0,0,1,2
DNR-05426,1,26.99,26.99,1424.0,0,0,0,1
DNR-05427,3,1584.75,528.25,596.0,0,0,0,3
DNR-05428,4,412.88,103.22,86.0,0,1,2,4
DNR-05429,6,732.44,122.07,183.0,0,0,3,6
DNR-05430,9,820.31,91.15,149.0,0,0,1,8
DNR-05431,5,739.21,147.84,73.0,0,2,2,5
DNR-05432,6,690.77,115.13,297.0,0,0,1,6
DNR-05433,5,78182.82,15636.56,112.0,0,0,2,5
DNR-05434,2,112.4,56.2,106.0,0,0,2,2
DNR-05435,7,284.26,40.61,368.0,0,0,0,7
DNR-05436,7,949.7,135.67,5.0,1,2,5,7
DNR-05437,4,2820.08,705.02,67.0,0,1,3,4
DNR-05438,3,428.28,142.76,80.0,0,1,1,3
DNR-05439,5,88643.22,17728.64,388.0,0,0,0,5
DNR-05440,5,647.67,129.53,48.0,0,2,3,5
DNR-05441,8,1171.04,146.38,755.0,0,0,0,8
DNR-05442,6,952.04,158.67,36.0,0,6,6,6
DNR-05443,4,74708.41,18677.1,19.0,1,1,3,4
DNR-05444,4,13900.55,3475.14,115.0,0,0,4,4
DNR-05445,6,1383.35,230.56,490.0,0,0,0,6
DNR-05446,6,2259.04,376.51,66.0,0,3,4,6
DNR-05447,1,400.26,400.26,45.0,0,1,1,1
DNR-05448,2,210.12,105.06,597.0,0,0,0,2
DNR-05449,4,611.61,152.9,186.0,0,0,2,4
DNR-05450,3,232.45,77.48,97.0,0,0,2,3
DNR-05451,5,316.49,63.3,261.0,0,0,1,3
DNR-05452,2,207.84,103.92,9.0,1,1,2,2
DNR-05453,5,408.79,81.76,31.0,0,1,5,5
DNR-05454,3,219.48,73.16,135.0,0,0,1,3
DNR-05455,4,21346.07,5336.52,221.0,0,0,1,3
DNR-05456,6,493.28,82.21,174.0,0,0,1,6
DNR-05457,6,714.79,119.13,376.0,0,0,0,5
DNR-05458,4,168.82,42.2,31.0,0,2,4,4
DNR-05459,3,236.93,78.98,809.0,0,0,0,3
DNR-05460,5,676.78,135.36,1048.0,0,0,0,5
DNR-05461,3,153.71,51.24,8.0,1,3,3,3
DNR-05462,6,1727.92,287.99,60.0,0,1,5,6
DNR-05463,3,1480.68,493.56,216.0,0,0,1,3
DNR-05464,4,863.82,215.96,3.0,1,1,1,4
DNR-05465,3,138.53,46.18,12.0,1,1,3,3
DNR-05466,4,314.15,78.54,26.0,1,1,4,4
DNR-05467,6,33132.97,5522.16,4.0,1,4,6,6
DNR-05468,3,16144.41,5381.47,47.0,0,1,1,3
DNR-05469,7,288.88,41.27,1.0,1,1,1,7
DNR-05470,0,0.0,0.0,,0,0,0,0
DNR-05471,7,41784.17,5969.17,153.0,0,0,3,6
DNR-05472,2,346.05,173.02,13.0,1,1,2,2
DNR-05473,6,526.12,87.69,557.0,0,0,0,6
DNR-05474,11,3214.66,292.24,60.0,0,1,5,11
DNR-05475,5,36864.99,7373.0,28.0,1,1,5,5
DNR-05476,4,824.44,206.11,12.0,1,3,4,4
DNR-05477,4,16770.41,4192.6,22.0,1,2,3,4
DNR-05478,5,957.69,191.54,214.0,0,0,1,5
DNR-05479,12,2053.46,171.12,22.0,1,1,3,11
DNR-05480,2,1829.9,914.95,40.0,0,2,2,2
DNR-05481,8,40223.23,5027.9,139.0,0,0,2,8
DNR-05482,5,259.21,51.84,42.0,0,1,2,4
DNR-05483,4,484.68,121.17,172.0,0,0,2,4
DNR-05484,4,305.56,76.39,743.0,0,0,0,4
DNR-05485,7,451.82,64.55,101.0,0,0,6,7
DNR-05486,1,73.31,73.31,954.0,0,0,0,1
DNR-05487,5,2818.15,563.63,9.0,1,1,5,5
DNR-05488,4,1436.19,359.05,234.0,0,0,1,4
DNR-05489,7,1591.61,227.37,6.0,1,7,7,7
DNR-05490,2,381.22,190.61,444.0,0,0,0,2
DNR-05491,4,2623.31,655.83,4.0,1,1,3,4
DNR-05492,5,497.02,99.4,304.0,0,0,1,5
DNR-05493,8,3880.42,485.05,47.0,0,2,6,8
DNR-05494,6,347.25,57.88,47.0,0,1,6,6
DNR-05495,2,40.33,20.16,38.0,0,1,2,2
DNR-05496,4,174.6,43.65,328.0,0,0,1,4
DNR-05497,4,12934.46,3233.62,75.0,0,1,2,4
DNR-05498,4,1556.15,389.04,477.0,0,0,0,4
DNR-05499,7,691.12,98.73,80.0,0,2,7,7
DNR-05500,5,2574.93,514.99,30.0,1,1,2,4
DNR-05501,3,380.14,126.71,196.0,0,0,1,3
DNR-05502,4,455.58,113.9,85.0,0,1,3,4
DNR-05503,7,441.2,63.03,108.0,0,0,7,7
DNR-05504,4,249.58,62.4,3.0,1,2,4,4
DNR-05505,5,394.03,78.81,80.0,0,1,2,4
DNR-05506,5,849.35,169.87,111.0,0,0,3,5
DNR-05507,7,2323.14,331.88,0.0,3,7,7,7
DNR-05508,4,12930.3,3232.58,161.0,0,0,1,4
DNR-05509,5,144105.82,28821.16,31.0,0,1,4,5
DNR-05510,4,416.02,104.0,358.0,0,0,1,4
DNR-05511,9,4452.6,494.73,77.0,0,1,3,9
DNR-05512,3,1876.14,625.38,205.0,0,0,1,3
DNR-05513,8,2857.5,357.19,40.0,0,1,2,8
DNR-05514,6,1096.23,182.7,124.0,0,0,2,6
DNR-05515,4,383.7,95.92,68.0,0,1,4,4
DNR-05516,8,1077.8,134.73,15.0,1,2,2,7
DNR-05517,7,807.94,115.42,134.0,0,0,4,7
DNR-05518,6,1273.35,212.22,397.0,0,0,0,5
DNR-05519,5,659.19,131.84,134.0,0,0,1,5
DNR-05520,3,929.62,309.87,299.0,0,0,1,3
DNR-05521,3,390.75,130.25,20.0,1,2,2,3
DNR-05522,3,930.51,310.17,109.0,0,0,3,3
DNR-05523,5,19426.85,3885.37,7.0,1,1,3,5
DNR-05524,6,2976.55,496.09,31.0,0,1,3,6
DNR-05525,3,12005.54,4001.85,118.0,0,0,1,3
DNR-05526,4,2008.37,502.09,69.0,0,1,3,3
DNR-05527,6,1269.85,211.64,235.0,0,0,2,6
DNR-05528,3,3110.44,1036.81,12.0,1,1,3,3
DNR-05529,5,190.21,38.04,16.0,1,1,4,5
DNR-05530,4,2236.5,559.12,15.0,1,2,3,4
DNR-05531,5,278.84,55.77,27.0,1,2,5,4
DNR-05532,8,1033.93,129.24,202.0,0,0,2,8
DNR-05533,1,16.01,16.01,104.0,0,0,1,1
DNR-05534,2,1166.21,583.1,1190.0,0,0,0,2
DNR-05535,8,507.92,63.49,4.0,3,6,8,8
DNR-05536,5,313.93,62.79,14.0,2,3,5,5
DNR-05537,2,134.16,67.08,384.0,0,0,0,2
DNR-05538,7,1808.06,258.29,275.0,0,0,2,5
DNR-05539,5,342.11,68.42,15.0,4,5,5,5
DNR-05540,8,447.0,55.88,119.0,0,0,2,8
DNR-05541,3,185.64,61.88,77.0,0,1,2,3
DNR-05542,5,263.31,52.66,437.0,0,0,0,5
DNR-05543,4,1328.44,332.11,246.0,0,0,1,4
DNR-05544,4,334.95,83.74,113.0,0,0,4,4
DNR-05545,2,132.23,66.11,95.0,0,0,1,2
DNR-05546,5,391.58,78.32,166.0,0,0,5,5
DNR-05547,2,218.85,109.42,108.0,0,0,2,2
DNR-05548,7,915.88,130.84,5.0,1,1,7,7
DNR-05549,8,1070.76,133.84,264.0,0,0,4,8
DNR-05550,5,312.25,62.45,722.0,0,0,0,5
DNR-05551,5,2610.49,522.1,111.0,0,0,5,5
DNR-05552,4,508.01,127.0,118.0,0,0,1,4
DNR-05553,4,20543.75,5135.94,114.0,0,0,3,4
DNR-05554,3,1520.87,506.96,164.0,0,0,1,3
DNR-05555,5,350.23,70.05,67.0,0,1,3,5
DNR-05556,3,397.15,132.38,118.0,0,0,2,3
DNR-05557,6,628.0,104.67,167.0,0,0,1,6
DNR-05558,7,3114.42,444.92,20.0,1,2,3,7
DNR-05559,7,3096.66,442.38,110.0,0,0,3,7
DNR-05560,3,1085.04,361.68,20.0,1,2,2,3
DNR-05561,5,1647.41,329.48,1055.0,0,0,0,5
DNR-05562,7,656.92,93.85,2.0,2,2,6,7
DNR-05563,3,136.85,45.62,1.0,1,1,3,3
DNR-05564,7,1022.71,146.1,10.0,2,3,7,7
DNR-05565,9,275012.15,30556.91,101.0,0,0,4,8
DNR-05566,3,15478.4,5159.47,2.0,3,3,3,3
DNR-05567,5,333.93,66.79,39.0,0,3,5,5
DNR-05568,8,5036.16,629.52,118.0,0,0,2,8
DNR-05569,3,12484.68,4161.56,486.0,0,0,0,3
DNR-05570,1,97.23,97.23,89.0,0,1,1,1
DNR-05571,5,39638.54,7927.71,18.0,1,2,5,5
DNR-05572,4,378.79,94.7,203.0,0,0,1,3
DNR-05573,7,2049.96,292.85,84.0,0,1,5,7
DNR-05574,6,3065.2,510.87,48.0,0,2,4,6
DNR-05575,6,1906.89,317.82,352.0,0,0,1,6
DNR-05576,2,343.31,171.66,31.0,0,1,2,2
DNR-05577,5,376.79,75.36,344.0,0,0,1,5
DNR-05578,4,195.15,48.79,83.0,0,1,3,4
DNR-05579,3,479.15,159.72,343.0,0,0,1,3
DNR-05580,6,588.49,98.08,261.0,0,0,1,6
DNR-05581,9,61652.65,6850.29,20.0,1,1,4,9
DNR-05582,4,927.64,231.91,495.0,0,0,0,4
DNR-05583,4,366.34,91.58,108.0,0,0,4,4
DNR-05584,3,2282.32,760.77,3.0,1,1,1,2
DNR-05585,4,2131.24,532.81,57.0,0,1,2,4
DNR-05586,4,557.47,139.37,137.0,0,0,2,4
DNR-05587,1,142.48,142.48,753.0,0,0,0,1
DNR-05588,3,337.08,112.36,75.0,0,1,3,3
DNR-05589,4,557.31,139.33,405.0,0,0,0,4
DNR-05590,6,383.42,63.9,145.0,0,0,2,5
DNR-05591,4,1950.58,487.64,32.0,0,1,1,4
DNR-05592,6,25482.85,4247.14,5.0,2,4,5,6
DNR-05593,4,1287.36,321.84,144.0,0,0,3,4
DNR-05594,5,869.14,173.83,36.0,0,3,5,5
DNR-05595,5,21678.31,4335.66,0.0,1,3,5,5
DNR-05596,7,1963.89,280.56,91.0,0,0,5,7
DNR-05597,8,601.53,75.19,93.0,0,0,3,8
DNR-05598,8,967.83,120.98,661.0,0,0,0,7
DNR-05599,4,2348.85,587.21,97.0,0,0,3,4
DNR-05600,4,219.38,54.84,45.0,0,1,1,4
DNR-05601,6,816.87,136.15,133.0,0,0,2,5
DNR-05602,5,25789.12,5157.82,42.0,0,1,4,5
DNR-05603,2,430.57,215.28,17.0,1,1,2,2
DNR-05604,6,3210.96,535.16,302.0,0,0,1,6
DNR-05605,8,1099.45,137.43,13.0,1,2,6,8
DNR-05606,4,204.81,51.2,28.0,1,1,1,4
DNR-05607,3,83.42,27.81,69.0,0,1,3,3
DNR-05608,5,1043.67,208.73,40.0,0,1,1,5
DNR-05609,10,3158.35,315.84,2.0,2,4,10,9
DNR-05610,4,554.08,138.52,255.0,0,0,2,4
DNR-05611,2,103.08,51.54,621.0,0,0,0,2
DNR-05612,3,311.89,103.96,28.0,1,1,2,3
DNR-05613,5,24215.21,4843.04,141.0,0,0,5,5
DNR-05614,5,21945.9,4389.18,396.0,0,0,0,5
DNR-05615,5,641.6,128.32,79.0,0,1,3,5
DNR-05616,3,175.39,58.46,39.0,0,1,1,3
DNR-05617,8,965.63,120.7,62.0,0,2,4,8
DNR-05618,7,709.07,101.3,342.0,0,0,1,6
DNR-05619,4,307.67,76.92,257.0,0,0,2,4
DNR-05620,5,2009.32,401.86,44.0,0,1,5,5
DNR-05621,5,428.65,85.73,20.0,2,3,5,5
DNR-05622,6,2374.99,395.83,32.0,0,1,3,6
DNR-05623,5,2141.5,428.3,80.0,0,1,4,5
DNR-05624,5,23945.03,4789.01,194.0,0,0,3,5
DNR-05625,7,434.75,62.11,38.0,0,2,7,7
DNR-05626,3,17363.31,5787.77,316.0,0,0,1,3
DNR-05627,3,464.89,154.96,1319.0,0,0,0,3
DNR-05628,1,31.54,31.54,861.0,0,0,0,1
DNR-05629,2,92.88,46.44,154.0,0,0,2,2
DNR-05630,3,23106.29,7702.1,481.0,0,0,0,3
DNR-05631,6,23940.01,3990.0,24.0,1,1,2,5
DNR-05632,4,122.53,30.63,126.0,0,0,4,4
DNR-05633,6,961.64,160.27,22.0,1,1,6,6
DNR-05634,6,1137.82,189.64,14.0,1,1,2,6
DNR-05635,4,27963.54,6990.88,8.0,1,1,2,3
DNR-05636,6,2606.24,434.37,157.0,0,0,2,6
DNR-05637,7,1619.49,231.36,16.0,1,2,4,7
DNR-05638,5,2856.84,571.37,63.0,0,1,1,5
DNR-05639,6,22594.47,3765.75,249.0,0,0,1,6
DNR-05640,5,342.73,68.55,516.0,0,0,0,5
DNR-05641,5,3046.35,609.27,361.0,0,0,1,5
DNR-05642,2,60.16,30.08,53.0,0,1,2,2
DNR-05643,7,821.14,117.31,18.0,1,2,2,7
DNR-05644,7,716.13,102.3,120.0,0,0,3,7
DNR-05645,4,755.55,188.89,161.0,0,0,1,4
DNR-05646,3,695.89,231.96,23.0,1,1,3,3
DNR-05647,5,21848.68,4369.74,82.0,0,1,4,5
DNR-05648,6,858.6,143.1,3.0,3,6,6,5
DNR-05649,7,970.08,138.58,114.0,0,0,5,7
DNR-05650,8,959.5,119.94,170.0,0,0,3,6
DNR-05651,6,95828.2,15971.37,272.0,0,0,2,6
DNR-05652,8,795.19,99.4,97.0,0,0,4,7
DNR-05653,8,629.96,78.74,10.0,1,2,5,8
DNR-05654,3,131.55,43.85,13.0,1,2,3,3
DNR-05655,5,1145.35,229.07,9.0,1,1,1,5
DNR-05656,6,388.92,64.82,111.0,0,0,3,6
DNR-05657,5,917.84,183.57,217.0,0,0,4,5
DNR-05658,5,1922.08,384.42,5.0,2,2,3,5
DNR-05659,3,293.3,97.77,60.0,0,1,1,3
DNR-05660,3,2024.39,674.8,216.0,0,0,3,3
DNR-05661,5,310.21,62.04,1.0,1,3,5,5
DNR-05662,6,375.17,62.53,436.0,0,0,0,6
DNR-05663,8,3189.27,398.66,3.0,4,6,8,8
DNR-05664,6,1448.28,241.38,548.0,0,0,0,6
DNR-05665,7,649.78,92.83,186.0,0,0,2,6
DNR-05666,6,530.48,88.41,92.0,0,0,2,6
DNR-05667,9,994.13,110.46,114.0,0,0,4,9
DNR-05668,5,272.43,54.49,30.0,1,1,1,5
DNR-05669,7,1028.78,146.97,428.0,0,0,0,7
DNR-05670,2,99.35,49.68,321.0,0,0,2,2
DNR-05671,4,36566.1,9141.52,492.0,0,0,0,4
DNR-05672,3,200.02,66.67,125.0,0,0,3,3
DNR-05673,3,2725.8,908.6,11.0,1,1,2,3
DNR-05674,3,569.85,189.95,30.0,1,1,1,3
DNR-05675,6,488.4,81.4,0.0,1,1,1,6
DNR-05676,4,2426.77,606.69,5.0,4,4,4,4
DNR-05677,10,57642.09,5764.21,5.0,4,10,10,9
DNR-05678,8,88746.66,11093.33,188.0,0,0,1,8
DNR-05679,3,967.86,322.62,5.0,1,1,1,3
DNR-05680,9,2555.96,284.0,9.0,3,9,9,9
DNR-05681,5,353.89,70.78,32.0,0,1,2,5
DNR-05682,4,10724.3,2681.08,44.0,0,1,3,4
DNR-05683,8,738.27,92.28,5.0,7,8,8,8
DNR-05684,4,567.96,141.99,256.0,0,0,2,4
DNR-05685,4,198.95,49.74,240.0,0,0,2,4
DNR-05686,6,584.99,97.5,275.0,0,0,3,6
DNR-05687,6,2444.81,407.47,410.0,0,0,0,5
DNR-05688,4,464.19,116.05,53.0,0,1,1,4
DNR-05689,5,306.03,61.21,0.0,1,1,2,5
DNR-05690,8,514.87,64.36,478.0,0,0,0,8
DNR-05691,4,182.88,45.72,30.0,1,1,2,4
DNR-05692,5,488.34,97.67,246.0,0,0,2,5
DNR-05693,5,456.51,91.3,455.0,0,0,0,4
DNR-05694,5,20746.84,4149.37,26.0,1,4,5,5
DNR-05695,6,5424.45,904.08,11.0,1,2,3,5
DNR-05696,1,13.08,13.08,549.0,0,0,0,1
DNR-05697,4,22042.74,5510.68,25.0,1,1,3,3
DNR-05698,7,640.23,91.46,251.0,0,0,1,7
DNR-05699,5,311.36,62.27,102.0,0,0,5,5
DNR-05700,9,139529.64,15503.29,9.0,1,1,1,8
DNR-05701,6,104938.6,17489.77,9.0,1,2,5,6
DNR-05702,1,461.87,461.87,160.0,0,0,1,1
DNR-05703,1,1914.0,1914.0,145.0,0,0,1,1
DNR-05704,5,947.7,189.54,416.0,0,0,0,5
DNR-05705,3,18626.84,6208.95,378.0,0,0,0,3
DNR-05706,5,482.67,96.53,0.0,4,5,5,5
DNR-05707,5,625.91,125.18,30.0,1,2,5,5
DNR-05708,4,623.4,155.85,86.0,0,1,2,4
DNR-05709,5,1797.38,359.48,60.0,0,1,5,5
DNR-05710,1,91.8,91.8,1227.0,0,0,0,1
DNR-05711,0,0.0,0.0,,0,0,0,0
DNR-05712,3,191.91,63.97,35.0,0,1,3,3
DNR-05713,5,993.51,198.7,352.0,0,0,1,5
DNR-05714,4,1763.7,440.92,60.0,0,1,2,4
DNR-05715,3,126.71,42.24,334.0,0,0,1,3
DNR-05716,2,416.9,208.45,165.0,0,0,1,2
DNR-05717,6,2456.75,409.46,506.0,0,0,0,6
DNR-05718,5,2388.74,477.75,7.0,2,3,4,5
DNR-05719,1,91.33,91.33,347.0,0,0,1,1
DNR-05720,3,590.75,196.92,5.0,1,1,1,3
DNR-05721,6,1097.24,182.87,33.0,0,1,2,6
DNR-05722,5,1318.24,263.65,126.0,0,0,5,5
DNR-05723,7,863.27,123.32,47.0,0,1,7,7
DNR-05724,9,3313.81,368.2,178.0,0,0,4,8
DNR-05725,5,263.05,52.61,6.0,3,4,5,5
DNR-05726,8,1232.62,154.08,543.0,0,0,0,8
DNR-05727,8,2539.56,317.44,26.0,1,1,2,8
DNR-05728,7,985.48,140.78,44.0,0,1,2,7
DNR-05729,3,177.38,59.13,96.0,0,0,1,3
DNR-05730,10,1200.33,120.03,8.0,2,2,5,10
DNR-05731,3,1372.78,457.59,52.0,0,1,3,3
DNR-05732,4,549.02,137.26,29.0,1,1,2,4
DNR-05733,6,604.28,100.71,8.0,3,6,6,6
DNR-05734,7,927.94,132.56,19.0,1,1,2,7
DNR-05735,4,4060.25,1015.06,143.0,0,0,2,4
DNR-05736,8,552.45,69.06,337.0,0,0,1,7
DNR-05737,3,452.69,150.9,432.0,0,0,0,3
DNR-05738,3,240.3,80.1,256.0,0,0,1,3
DNR-05739,8,927.26,115.91,100.0,0,0,7,8
DNR-05740,3,80285.09,26761.7,110.0,0,0,1,3
DNR-05741,6,2843.26,473.88,202.0,0,0,3,5
DNR-05742,2,11136.05,5568.02,12.0,1,2,2,2
DNR-05743,4,432.06,108.02,304.0,0,0,1,3
DNR-05744,7,3520.02,502.86,14.0,2,5,7,7
DNR-05745,6,536.03,89.34,162.0,0,0,2,6
DNR-05746,6,663.59,110.6,21.0,1,1,3,6
DNR-05747,6,694.41,115.74,49.0,0,1,2,6
DNR-05748,0,0.0,0.0,,0,0,0,0
DNR-05749,6,201.11,33.52,482.0,0,0,0,6
DNR-05750,3,19052.43,6350.81,60.0,0,1,1,3
DNR-05751,3,1580.14,526.71,56.0,0,1,1,3
DNR-05752,4,228.21,57.05,144.0,0,0,1,4
DNR-05753,4,1673.12,418.28,57.0,0,1,3,4
DNR-05754,7,1076.42,153.77,0.0,2,2,4,7
DNR-05755,4,158.34,39.58,79.0,0,1,2,4
DNR-05756,1,19.65,19.65,484.0,0,0,0,1
DNR-05757,7,1712.5,244.64,23.0,1,1,6,7
DNR-05758,4,2528.43,632.11,8.0,1,1,3,4
DNR-05759,8,46032.37,5754.05,11.0,1,1,3,7
DNR-05760,5,542.66,108.53,132.0,0,0,5,5
DNR-05761,7,2817.27,402.47,86.0,0,1,5,7
DNR-05762,5,245.28,49.06,58.0,0,1,2,5
DNR-05763,4,45114.56,11278.64,1.0,2,3,4,4
DNR-05764,3,2459.3,819.77,97.0,0,0,2,3
DNR-05765,4,988.98,247.24,270.0,0,0,2,4
DNR-05766,4,212.89,53.22,204.0,0,0,1,2
DNR-05767,8,870.81,108.85,266.0,0,0,3,8
DNR-05768,1,3303.2,3303.2,634.0,0,0,0,1
DNR-05769,4,201.37,50.34,653.0,0,0,0,4
DNR-05770,6,594.43,99.07,1.0,1,2,6,5
DNR-05771,3,215.02,71.67,36.0,0,1,3,3
DNR-05772,4,258.67,64.67,34.0,0,1,1,4
DNR-05773,7,274.94,39.28,8.0,4,7,7,7
DNR-05774,9,1713.56,190.4,106.0,0,0,1,9
DNR-05775,8,393.49,49.19,0.0,1,1,3,7
DNR-05776,4,358.7,89.68,261.0,0,0,2,4
DNR-05777,14,405693.12,28978.08,23.0,1,2,4,12
DNR-05778,5,319.61,63.92,149.0,0,0,5,5
DNR-05779,6,1035.75,172.62,83.0,0,1,3,6
DNR-05780,4,200.54,50.14,7.0,1,1,1,4
DNR-05781,7,676.34,96.62,23.0,1,3,3,7
DNR-05782,6,321.68,53.61,134.0,0,0,3,6
DNR-05783,4,506.14,126.54,16.0,2,2,4,4
DNR-05784,7,7601.23,1085.89,158.0,0,0,1,7
DNR-05785,10,2577.29,257.73,45.0,0,1,3,9
DNR-05786,7,1660.53,237.22,141.0,0,0,2,7
DNR-05787,6,726.64,121.11,88.0,0,1,3,6
DNR-05788,7,672.15,96.02,289.0,0,0,1,6
DNR-05789,6,3496.91,582.82,17.0,1,1,4,6
DNR-05790,7,103476.63,14782.38,159.0,0,0,3,7
DNR-05791,3,338.89,112.96,120.0,0,0,2,3
DNR-05792,5,833.23,166.65,144.0,0,0,5,5
DNR-05793,6,1031.09,171.85,60.0,0,2,6,6
DNR-05794,6,30553.66,5092.28,74.0,0,1,2,6
DNR-05795,1,11.92,11.92,792.0,0,0,0,1
DNR-05796,4,816.47,204.12,0.0,1,2,2,4
DNR-05797,4,637.95,159.49,42.0,0,1,3,4
DNR-05798,5,680.07,136.01,2.0,4,5,5,5
DNR-05799,6,596.17,99.36,91.0,0,0,2,5
DNR-05800,7,1863.83,266.26,141.0,0,0,7,7
DNR-05801,6,1719.54,286.59,147.0,0,0,6,6
DNR-05802,6,693.69,115.62,111.0,0,0,2,6
DNR-05803,4,2343.74,585.94,42.0,0,1,2,3
DNR-05804,2,155.11,77.56,65.0,0,1,2,2
DNR-05805,8,1837.52,229.69,85.0,0,1,1,8
DNR-05806,8,548.3,68.54,54.0,0,1,4,8
DNR-05807,2,79.72,39.86,482.0,0,0,0,2
DNR-05808,8,2952.39,369.05,45.0,0,2,6,8
DNR-05809,3,967.65,322.55,36.0,0,2,3,3
DNR-05810,4,482.56,120.64,47.0,0,1,1,4
DNR-05811,6,709.96,118.33,196.0,0,0,2,6
DNR-05812,4,213.21,53.3,75.0,0,1,3,3
DNR-05813,10,1207.47,120.75,155.0,0,0,3,10
DNR-05814,2,376.41,188.2,59.0,0,2,2,2
DNR-05815,4,417.61,104.4,284.0,0,0,1,4
DNR-05816,5,2319.47,463.89,49.0,0,1,1,5
DNR-05817,4,564.98,141.24,582.0,0,0,0,4
DNR-05818,6,865.53,144.26,157.0,0,0,3,6
DNR-05819,5,67029.48,13405.9,304.0,0,0,2,5
DNR-05820,3,2001.79,667.26,648.0,0,0,0,3
DNR-05821,3,4010.61,1336.87,48.0,0,1,2,3
DNR-05822,4,6483.95,1620.99,320.0,0,0,1,4
DNR-05823,3,1088.08,362.69,508.0,0,0,0,3
DNR-05824,3,1062.83,354.28,133.0,0,0,2,3
DNR-05825,11,118968.45,10815.31,54.0,0,1,1,10
DNR-05826,6,1424.56,237.43,15.0,1,1,2,6
DNR-05827,2,99.25,49.62,439.0,0,0,0,2
DNR-05828,0,0.0,0.0,,0,0,0,0
DNR-05829,10,1332.39,133.24,13.0,1,3,4,9
DNR-05830,7,894.38,127.77,47.0,0,1,2,6
DNR-05831,9,653.93,72.66,6.0,7,9,9,9
DNR-05832,4,198.42,49.6,16.0,1,1,2,4
DNR-05833,6,306.0,51.0,65.0,0,1,1,6
DNR-05834,2,32885.32,16442.66,168.0,0,0,2,2
DNR-05835,8,2744.1,343.01,102.0,0,0,2,7
DNR-05836,5,31621.99,6324.4,77.0,0,1,5,5
DNR-05837,0,0.0,0.0,,0,0,0,0
DNR-05838,2,29469.59,14734.8,188.0,0,0,2,2
DNR-05839,4,3062.29,765.57,71.0,0,1,1,4
DNR-05840,7,2122.92,303.27,33.0,0,2,7,7
DNR-05841,8,103103.51,12887.94,35.0,0,1,4,6
DNR-05842,4,185.02,46.26,235.0,0,0,1,4
DNR-05843,3,1126.4,375.47,452.0,0,0,0,3
DNR-05844,5,3095.42,619.08,205.0,0,0,3,5
DNR-05845,4,352.65,88.16,24.0,1,2,4,4
DNR-05846,3,487.09,162.36,58.0,0,1,1,3
DNR-05847,7,24688.71,3526.96,52.0,0,2,3,7
DNR-05848,6,3854.44,642.41,135.0,0,0,3,5
DNR-05849,8,746.78,93.35,216.0,0,0,1,8
DNR-05850,7,1762.21,251.74,4.0,1,1,3,7
DNR-05851,11,1946.35,176.94,61.0,0,1,4,11
DNR-05852,3,151.68,50.56,328.0,0,0,1,3
DNR-05853,6,1261.46,210.24,25.0,1,1,3,5
DNR-05854,5,287.21,57.44,137.0,0,0,2,4
DNR-05855,7,646.71,92.39,76.0,0,1,6,7
DNR-05856,8,1394.66,174.33,16.0,2,3,5,8
DNR-05857,3,337.33,112.44,14.0,1,3,3,2
DNR-05858,6,2628.73,438.12,38.0,0,1,4,6
DNR-05859,8,3802.18,475.27,556.0,0,0,0,8
DNR-05860,8,1866.86,233.36,363.0,0,0,1,7
DNR-05861,2,440.89,220.45,1114.0,0,0,0,2
DNR-05862,5,4526.41,905.28,130.0,0,0,2,5
DNR-05863,2,352.61,176.3,624.0,0,0,0,1
DNR-05864,5,453.78,90.76,1.0,1,1,2,5
DNR-05865,4,366.06,91.52,103.0,0,0,2,4
DNR-05866,3,469.09,156.36,656.0,0,0,0,3
DNR-05867,4,544.37,136.09,139.0,0,0,1,4
DNR-05868,5,1952.16,390.43,43.0,0,1,4,5
DNR-05869,1,337.99,337.99,95.0,0,0,1,1
DNR-05870,5,1013.74,202.75,313.0,0,0,1,5
DNR-05871,6,322.82,53.8,1.0,1,1,1,6
DNR-05872,5,13623.49,2724.7,142.0,0,0,1,4
DNR-05873,2,2445.54,1222.77,112.0,0,0,1,2
DNR-05874,7,832.7,118.96,166.0,0,0,5,7
DNR-05875,3,1822.36,607.45,62.0,0,1,3,3
DNR-05876,4,1802.06,450.52,811.0,0,0,0,4
DNR-05877,5,699.08,139.82,81.0,0,1,1,5
DNR-05878,5,1333.92,266.78,111.0,0,0,3,5
DNR-05879,7,870.86,124.41,237.0,0,0,4,7
DNR-05880,5,254.53,50.91,73.0,0,1,3,5
DNR-05881,9,2010.55,223.39,20.0,1,2,9,9
DNR-05882,4,343.24,85.81,19.0,1,1,2,4
DNR-05883,7,3474.84,496.41,1.0,1,3,7,7
DNR-05884,7,3126.78,446.68,12.0,2,5,7,7
DNR-05885,8,919.74,114.97,19.0,1,2,5,8
DNR-05886,2,143.38,71.69,614.0,0,0,0,2
DNR-05887,3,438.21,146.07,243.0,0,0,1,3
DNR-05888,5,1735.26,347.05,41.0,0,4,5,5
DNR-05889,2,83.09,41.54,997.0,0,0,0,2
DNR-05890,8,2527.02,315.88,179.0,0,0,1,8
DNR-05891,9,958.12,106.46,36.0,0,1,3,9
DNR-05892,4,262.58,65.65,151.0,0,0,2,3
DNR-05893,6,518.65,86.44,1.0,1,3,6,6
DNR-05894,3,143.69,47.9,300.0,0,0,1,3
DNR-05895,6,2974.84,495.81,349.0,0,0,1,6
DNR-05896,9,950.38,105.6,218.0,0,0,1,8
DNR-05897,10,1193.54,119.35,399.0,0,0,0,9
DNR-05898,6,909.47,151.58,19.0,2,3,6,6
DNR-05899,7,777.54,111.08,76.0,0,1,2,7
DNR-05900,6,364.49,60.75,386.0,0,0,0,6
DNR-05901,4,3317.16,829.29,413.0,0,0,0,4
DNR-05902,8,662.09,82.76,560.0,0,0,0,8
DNR-05903,4,950.07,237.52,4.0,3,4,4,4
DNR-05904,6,141181.08,23530.18,69.0,0,1,2,5
DNR-05905,9,2817.29,313.03,89.0,0,1,6,8
DNR-05906,4,2787.41,696.85,199.0,0,0,3,4
DNR-05907,8,2623.51,327.94,24.0,1,2,7,8
DNR-05908,6,24306.74,4051.12,241.0,0,0,2,6
DNR-05909,2,113.19,56.6,787.0,0,0,0,2
DNR-05910,6,4796.75,799.46,206.0,0,0,1,6
DNR-05911,8,2539.79,317.47,31.0,0,1,3,8
DNR-05912,4,673.22,168.3,60.0,0,2,3,4
DNR-05913,11,538.27,48.93,55.0,0,1,4,11
DNR-05914,5,2369.09,473.82,43.0,0,1,5,5
DNR-05915,5,324.81,64.96,13.0,1,2,2,5
DNR-05916,7,2060.22,294.32,0.0,1,4,7,6
DNR-05917,5,1212.96,242.59,82.0,0,1,1,5
DNR-05918,7,65862.02,9408.86,18.0,1,1,2,6
DNR-05919,11,1162.6,105.69,133.0,0,0,3,10
DNR-05920,2,116.97,58.48,548.0,0,0,0,2
DNR-05921,2,41.75,20.88,36.0,0,2,2,2
DNR-05922,3,651.19,217.06,89.0,0,1,2,3
DNR-05923,7,44332.08,6333.15,299.0,0,0,1,7
DNR-05924,9,56431.03,6270.11,113.0,0,0,1,8
DNR-05925,10,514.25,51.42,230.0,0,0,3,9
DNR-05926,8,835.38,104.42,43.0,0,1,2,8
DNR-05927,4,368.91,92.23,97.0,0,0,3,4
DNR-05928,2,2008.33,1004.17,435.0,0,0,0,2
DNR-05929,5,433.36,86.67,271.0,0,0,2,5
DNR-05930,4,243.19,60.8,121.0,0,0,3,4
DNR-05931,7,1734.79,247.83,127.0,0,0,3,7
DNR-05932,11,2689.21,244.47,6.0,3,5,11,10
DNR-05933,6,1084.37,180.73,208.0,0,0,1,6
DNR-05934,4,1748.87,437.22,30.0,1,1,4,4
DNR-05935,3,134.32,44.77,77.0,0,1,2,3
DNR-05936,4,370.87,92.72,177.0,0,0,2,4
DNR-05937,6,29191.23,4865.2,9.0,2,6,6,6
DNR-05938,4,450.26,112.56,136.0,0,0,1,4
DNR-05939,4,302.06,75.52,257.0,0,0,1,4
DNR-05940,5,468.82,93.76,476.0,0,0,0,5
DNR-05941,7,561.38,80.2,1.0,1,1,1,6
DNR-05942,2,9443.8,4721.9,351.0,0,0,1,2
DNR-05943,6,2633.86,438.98,263.0,0,0,2,6
DNR-05944,6,411.04,68.51,322.0,0,0,1,6
DNR-05945,7,3377.21,482.46,74.0,0,1,7,6
DNR-05946,5,460.1,92.02,68.0,0,1,3,5
DNR-05947,3,180.86,60.29,103.0,0,0,1,3
DNR-05948,6,710.55,118.43,122.0,0,0,3,5
DNR-05949,4,78174.53,19543.63,84.0,0,1,1,4
DNR-05950,3,201.62,67.21,182.0,0,0,1,3
DNR-05951,5,424.83,84.97,54.0,0,1,5,5
DNR-05952,2,462.23,231.12,927.0,0,0,0,2
DNR-05953,6,499.1,83.18,34.0,0,3,6,5
DNR-05954,6,2455.68,409.28,114.0,0,0,3,5
DNR-05955,6,874.37,145.73,13.0,2,2,4,6
DNR-05956,12,1635.4,136.28,482.0,0,0,0,12
DNR-05957,4,607.88,151.97,484.0,0,0,0,4
DNR-05958,4,1100.84,275.21,125.0,0,0,2,4
DNR-05959,7,2085.24,297.89,34.0,0,1,4,7
DNR-05960,7,2034.4,290.63,102.0,0,0,2,7
DNR-05961,3,67952.52,22650.84,240.0,0,0,1,3
DNR-05962,9,1392.24,154.69,116.0,0,0,1,9
DNR-05963,3,548.36,182.79,460.0,0,0,0,3
DNR-05964,10,4582.4,458.24,248.0,0,0,2,10
DNR-05965,8,863.81,107.98,91.0,0,0,3,8
DNR-05966,7,763.38,109.05,44.0,0,1,3,7
DNR-05967,6,36969.49,6161.58,120.0,0,0,3,6
DNR-05968,4,324.76,81.19,209.0,0,0,2,4
DNR-05969,6,1071.19,178.53,341.0,0,0,1,6
DNR-05970,8,995.4,124.42,79.0,0,1,5,8
DNR-05971,6,32421.48,5403.58,21.0,1,2,6,6
DNR-05972,6,2567.06,427.84,160.0,0,0,3,6
DNR-05973,4,223.06,55.76,248.0,0,0,2,4
DNR-05974,3,20191.33,6730.44,49.0,0,1,2,2
DNR-05975,5,711.84,142.37,62.0,0,1,1,4
DNR-05976,2,385.62,192.81,53.0,0,2,2,2
DNR-05977,4,526.7,131.68,78.0,0,2,4,4
DNR-05978,7,376.19,53.74,1.0,5,7,7,5
DNR-05979,5,532.47,106.49,20.0,1,2,3,5
DNR-05980,6,1386.2,231.03,55.0,0,1,4,5
DNR-05981,4,245.38,61.34,18.0,1,2,3,4
DNR-05982,3,692.01,230.67,177.0,0,0,2,3
DNR-05983,4,748.75,187.19,14.0,1,1,4,4
DNR-05984,4,453.12,113.28,220.0,0,0,2,4
DNR-05985,5,129697.65,25939.53,296.0,0,0,2,4
DNR-05986,1,67.05,67.05,1022.0,0,0,0,1
DNR-05987,4,569.15,142.29,21.0,1,4,4,4
DNR-05988,4,89195.94,22298.98,53.0,0,1,2,4
DNR-05989,6,877.58,146.26,55.0,0,1,6,6
DNR-05990,3,488.37,162.79,177.0,0,0,3,3
DNR-05991,2,59630.24,29815.12,400.0,0,0,0,2
DNR-05992,4,19407.63,4851.91,345.0,0,0,1,4
DNR-05993,5,467.8,93.56,19.0,1,1,2,5
DNR-05994,6,1594.79,265.8,6.0,1,2,2,6
DNR-05995,3,498.85,166.28,334.0,0,0,1,3
DNR-05996,7,400.19,57.17,174.0,0,0,2,7
DNR-05997,6,3127.54,521.26,13.0,2,4,6,6
DNR-05998,6,208519.88,34753.31,132.0,0,0,2,6
DNR-05999,7,678.67,96.95,3.0,4,7,7,7
DNR-06000,6,786.28,131.05,115.0,0,0,1,5
DNR-06001,9,1286.43,142.94,41.0,0,1,4,8
DNR-06002,6,870.53,145.09,389.0,0,0,0,6
DNR-06003,4,883.9,220.98,25.0,1,2,3,4
DNR-06004,2,435.21,217.6,229.0,0,0,1,2
DNR-06005,2,545.55,272.77,177.0,0,0,2,2
DNR-06006,5,878.78,175.76,3.0,1,3,5,5
DNR-06007,7,1270.6,181.51,58.0,0,2,7,6
DNR-06008,5,3340.24,668.05,92.0,0,0,2,5
DNR-06009,6,40032.18,6672.03,135.0,0,0,2,5
DNR-06010,6,1081.68,180.28,123.0,0,0,3,6
DNR-06011,8,45787.01,5723.38,29.0,1,2,3,8
DNR-06012,6,325.08,54.18,12.0,1,3,6,6
DNR-06013,5,4113.91,822.78,17.0,2,3,5,5
DNR-06014,6,2517.45,419.58,86.0,0,1,2,5
DNR-06015,8,4186.2,523.28,21.0,1,8,8,8
DNR-06016,3,1471.64,490.55,814.0,0,0,0,3
DNR-06017,2,81.26,40.63,24.0,1,1,1,2
DNR-06018,3,913.26,304.42,64.0,0,2,3,3
DNR-06019,4,250.87,62.72,227.0,0,0,2,4
DNR-06020,2,30024.17,15012.08,154.0,0,0,2,2
DNR-06021,5,955.88,191.18,46.0,0,1,2,5
DNR-06022,5,3423.84,684.77,1.0,5,5,5,5
DNR-06023,5,2432.21,486.44,44.0,0,1,1,5
DNR-06024,3,668.51,222.84,130.0,0,0,1,3
DNR-06025,4,2201.39,550.35,27.0,1,1,3,4
DNR-06026,8,3351.96,419.0,337.0,0,0,1,8
DNR-06027,4,407.01,101.75,88.0,0,1,2,4
DNR-06028,6,1091.65,181.94,156.0,0,0,2,6
DNR-06029,4,380.07,95.02,543.0,0,0,0,3
DNR-06030,4,313.6,78.4,85.0,0,1,3,4
DNR-06031,3,202.96,67.65,181.0,0,0,3,3
DNR-06032,4,89265.44,22316.36,72.0,0,1,4,4
DNR-06033,3,84341.16,28113.72,41.0,0,1,1,3
DNR-06034,5,574.17,114.83,12.0,1,2,2,5
DNR-06035,4,69266.92,17316.73,8.0,2,4,4,3
DNR-06036,4,23371.23,5842.81,20.0,1,1,2,4
DNR-06037,6,1680.23,280.04,160.0,0,0,2,5
DNR-06038,4,303.95,75.99,889.0,0,0,0,4
DNR-06039,7,987.69,141.1,396.0,0,0,0,7
DNR-06040,4,23609.04,5902.26,18.0,1,2,4,4
DNR-06041,4,678.53,169.63,570.0,0,0,0,4
DNR-06042,5,789.71,157.94,27.0,1,1,5,5
DNR-06043,3,735.35,245.12,92.0,0,0,1,3
DNR-06044,2,2395.57,1197.78,311.0,0,0,1,2
DNR-06045,6,26626.62,4437.77,341.0,0,0,1,6
DNR-06046,5,169751.98,33950.4,36.0,0,1,4,5
DNR-06047,2,181.44,90.72,67.0,0,1,2,2
DNR-06048,5,3628.78,725.76,44.0,0,5,5,5
DNR-06049,6,45314.43,7552.4,70.0,0,1,4,6
DNR-06050,1,103.35,103.35,419.0,0,0,0,1
DNR-06051,3,176.82,58.94,13.0,1,1,3,3
DNR-06052,2,8668.13,4334.07,290.0,0,0,2,2
DNR-06053,8,3231.11,403.89,359.0,0,0,1,8
DNR-06054,5,1611.52,322.3,415.0,0,0,0,5
DNR-06055,4,481.22,120.3,158.0,0,0,1,3
DNR-06056,3,173.04,57.68,108.0,0,0,2,3
DNR-06057,7,518.12,74.02,30.0,1,1,3,6
DNR-06058,7,337.9,48.27,79.0,0,1,3,7
DNR-06059,7,1863.43,266.2,19.0,2,3,7,6
DNR-06060,4,607.07,151.77,41.0,0,1,2,4
DNR-06061,3,56101.2,18700.4,3.0,1,3,3,3
DNR-06062,6,78969.05,13161.51,58.0,0,1,6,6
DNR-06063,7,1917.21,273.89,198.0,0,0,1,7
DNR-06064,4,2480.19,620.05,10.0,1,2,2,4
DNR-06065,1,9927.4,9927.4,778.0,0,0,0,1
DNR-06066,6,132563.98,22094.0,402.0,0,0,0,5
DNR-06067,3,1050.97,350.32,166.0,0,0,2,3
DNR-06068,3,231.13,77.04,538.0,0,0,0,3
DNR-06069,7,2267.9,323.99,217.0,0,0,1,7
DNR-06070,5,894.93,178.99,59.0,0,1,1,5
DNR-06071,3,123.33,41.11,15.0,1,2,2,3
DNR-06072,4,957.9,239.48,45.0,0,4,4,3
DNR-06073,8,319.82,39.98,13.0,3,5,8,7
DNR-06074,2,1144.79,572.4,975.0,0,0,0,2
DNR-06075,4,972.57,243.14,247.0,0,0,2,4
DNR-06076,11,272526.01,24775.09,19.0,1,2,9,11
DNR-06077,4,257.1,64.28,30.0,1,2,4,3
DNR-06078,7,917.62,131.09,6.0,3,7,7,7
DNR-06079,5,2756.01,551.2,8.0,1,1,1,5
DNR-06080,6,731.55,121.92,7.0,1,2,6,6
DNR-06081,4,107344.36,26836.09,35.0,0,1,4,4
DNR-06082,5,1126.44,225.29,9.0,2,4,5,5
DNR-06083,4,1206.26,301.56,50.0,0,1,3,4
DNR-06084,3,8856.63,2952.21,104.0,0,0,3,3
DNR-06085,4,2793.49,698.37,24.0,1,2,4,4
DNR-06086,3,2062.7,687.57,330.0,0,0,1,3
DNR-06087,4,2533.39,633.35,391.0,0,0,0,4
DNR-06088,6,1194.33,199.06,51.0,0,1,2,6
DNR-06089,3,2336.72,778.91,175.0,0,0,1,3
DNR-06090,5,741.09,148.22,75.0,0,1,1,5
DNR-06091,4,2227.91,556.98,623.0,0,0,0,4
DNR-06092,1,6125.46,6125.46,89.0,0,1,1,1
DNR-06093,6,2828.84,471.47,47.0,0,2,6,5
DNR-06094,3,108.25,36.08,1005.0,0,0,0,3
DNR-06095,5,2431.02,486.2,28.0,1,1,2,4
DNR-06096,1,97.64,97.64,1014.0,0,0,0,1
DNR-06097,4,104095.71,26023.93,62.0,0,1,4,4
DNR-06098,5,248.67,49.73,145.0,0,0,5,5
DNR-06099,1,68.41,68.41,958.0,0,0,0,1
DNR-06100,5,374.22,74.84,55.0,0,2,5,4
DNR-06101,4,192.28,48.07,32.0,0,4,4,4
DNR-06102,5,320.09,64.02,19.0,1,1,2,5
DNR-06103,5,633.22,126.64,325.0,0,0,2,5
DNR-06104,8,1510.8,188.85,40.0,0,3,8,8
DNR-06105,6,891.1,148.52,21.0,1,1,2,6
DNR-06106,4,396.15,99.04,28.0,1,1,2,4
DNR-06107,4,384.17,96.04,282.0,0,0,2,4
DNR-06108,4,441.36,110.34,192.0,0,0,1,4
DNR-06109,3,40019.41,13339.8,485.0,0,0,0,3
DNR-06110,4,118.64,29.66,47.0,0,1,2,4
DNR-06111,8,1624.49,203.06,80.0,0,2,3,8
DNR-06112,2,105.27,52.64,73.0,0,1,2,2
DNR-06113,8,41724.89,5215.61,86.0,0,1,4,8
DNR-06114,9,39188.08,4354.23,147.0,0,0,2,8
DNR-06115,6,4432.2,738.7,207.0,0,0,4,6
DNR-06116,7,2793.62,399.09,24.0,1,1,2,7
DNR-06117,3,105.11,35.04,431.0,0,0,0,3
DNR-06118,10,910.27,91.03,11.0,1,7,10,9
DNR-06119,4,268.17,67.04,1.0,1,1,3,4
DNR-06120,3,18205.99,6068.66,225.0,0,0,2,3
DNR-06121,2,148.64,74.32,20.0,1,1,2,2
DNR-06122,4,269.08,67.27,65.0,0,1,4,4
DNR-06123,9,3279.16,364.35,15.0,1,1,3,8
DNR-06124,5,345.29,69.06,13.0,1,2,4,5
DNR-06125,4,1571.91,392.98,31.0,0,4,4,4
DNR-06126,4,992.21,248.05,287.0,0,0,1,4
DNR-06127,2,186.88,93.44,75.0,0,2,2,2
DNR-06128,7,1575.7,225.1,9.0,1,2,7,5
DNR-06129,9,752.27,83.59,56.0,0,1,4,9
DNR-06130,7,792.63,113.23,194.0,0,0,1,6
DNR-06131,3,1141.04,380.35,7.0,2,2,3,3
DNR-06132,3,146.88,48.96,127.0,0,0,2,3
DNR-06133,3,3756.32,1252.11,430.0,0,0,0,3
DNR-06134,5,19572.93,3914.59,107.0,0,0,2,5
DNR-06135,6,833.42,138.9,299.0,0,0,1,6
DNR-06136,2,144.04,72.02,687.0,0,0,0,2
DNR-06137,3,362.62,120.87,32.0,0,3,3,3
DNR-06138,4,27907.9,6976.98,11.0,1,3,4,4
DNR-06139,5,409.03,81.81,136.0,0,0,1,4
DNR-06140,8,611.87,76.48,50.0,0,3,8,7
DNR-06141,8,2192.31,274.04,71.0,0,1,2,7
DNR-06142,2,77.25,38.62,286.0,0,0,1,2
DNR-06143,2,376.01,188.0,620.0,0,0,0,2
DNR-06144,4,584.39,146.1,385.0,0,0,0,4
DNR-06145,3,10357.33,3452.44,145.0,0,0,1,3
DNR-06146,5,1840.81,368.16,10.0,1,1,5,5
DNR-06147,2,318.05,159.02,631.0,0,0,0,2
DNR-06148,1,1129.59,1129.59,1281.0,0,0,0,1
DNR-06149,8,39595.86,4949.48,91.0,0,0,1,8
DNR-06150,7,3252.67,464.67,209.0,0,0,1,7
DNR-06151,6,37916.79,6319.46,384.0,0,0,0,6
DNR-06152,8,2018.79,252.35,255.0,0,0,3,8
DNR-06153,9,830.74,92.3,78.0,0,1,1,9
DNR-06154,1,27.32,27.32,310.0,0,0,1,1
DNR-06155,8,4272.6,534.08,289.0,0,0,1,8
DNR-06156,4,214.36,53.59,504.0,0,0,0,4
DNR-06157,8,2482.26,310.28,166.0,0,0,1,8
DNR-06158,7,924.57,132.08,536.0,0,0,0,7
DNR-06159,3,126.34,42.11,208.0,0,0,1,3
DNR-06160,4,194.46,48.62,688.0,0,0,0,4
DNR-06161,6,402.34,67.06,95.0,0,0,1,5
DNR-06162,8,41707.69,5213.46,72.0,0,1,5,8
DNR-06163,4,121686.95,30421.74,212.0,0,0,1,4
DNR-06164,5,678.86,135.77,18.0,1,1,3,5
DNR-06165,0,0.0,0.0,,0,0,0,0
DNR-06166,7,1321.75,188.82,109.0,0,0,1,7
DNR-06167,5,181182.7,36236.54,159.0,0,0,2,5
DNR-06168,2,1226.37,613.19,354.0,0,0,1,2
DNR-06169,5,1826.33,365.27,652.0,0,0,0,5
DNR-06170,6,325.36,54.23,97.0,0,0,4,6
DNR-06171,5,215.26,43.05,111.0,0,0,3,4
DNR-06172,8,587.63,73.45,112.0,0,0,6,8
DNR-06173,2,137.22,68.61,64.0,0,1,1,2
DNR-06174,4,23115.56,5778.89,550.0,0,0,0,4
DNR-06175,4,54283.82,13570.96,62.0,0,1,1,4
DNR-06176,4,2375.21,593.8,272.0,0,0,1,4
DNR-06177,4,2608.91,652.23,1.0,1,3,4,4
DNR-06178,6,822.55,137.09,339.0,0,0,1,6
DNR-06179,8,1224.82,153.1,194.0,0,0,2,8
DNR-06180,1,6264.49,6264.49,348.0,0,0,1,1
DNR-06181,4,237.68,59.42,5.0,2,3,4,4
DNR-06182,6,468.41,78.07,26.0,1,1,5,6
DNR-06183,5,754.64,150.93,10.0,2,5,5,5
DNR-06184,9,397.49,44.17,399.0,0,0,0,9
DNR-06185,5,571.7,114.34,265.0,0,0,1,5
DNR-06186,3,2221.65,740.55,26.0,1,1,2,3
DNR-06187,3,145.7,48.57,38.0,0,1,3,3
DNR-06188,2,348.13,174.06,790.0,0,0,0,2
DNR-06189,6,870.66,145.11,194.0,0,0,1,6
DNR-06190,1,40.05,40.05,376.0,0,0,0,1
DNR-06191,7,108706.63,15529.52,73.0,0,1,2,7
DNR-06192,4,659.4,164.85,328.0,0,0,1,3
DNR-06193,3,166.0,55.33,272.0,0,0,1,3
DNR-06194,4,2388.23,597.06,276.0,0,0,1,4
DNR-06195,1,46.18,46.18,418.0,0,0,0,1
DNR-06196,10,2289.75,228.98,14.0,2,6,10,8
DNR-06197,3,492.66,164.22,416.0,0,0,0,3
DNR-06198,5,372.75,74.55,62.0,0,1,1,5
DNR-06199,6,39717.11,6619.52,15.0,3,6,6,6
DNR-06200,5,21656.97,4331.39,63.0,0,2,3,5
DNR-06201,5,302.91,60.58,260.0,0,0,1,5
DNR-06202,6,2549.47,424.91,35.0,0,2,5,6
DNR-06203,6,1888.17,314.7,192.0,0,0,2,6
DNR-06204,5,255.04,51.01,94.0,0,0,3,5
DNR-06205,3,183.26,61.09,299.0,0,0,1,3
DNR-06206,6,1726.9,287.82,82.0,0,1,3,6
DNR-06207,3,763.36,254.45,13.0,1,1,3,3
DNR-06208,3,638.62,212.87,220.0,0,0,3,3
DNR-06209,6,2557.17,426.2,197.0,0,0,1,6
DNR-06210,2,357.24,178.62,28.0,1,1,1,2
DNR-06211,5,25535.56,5107.11,27.0,1,1,2,5
DNR-06212,5,2881.78,576.36,215.0,0,0,2,5
DNR-06213,5,462.26,92.45,30.0,1,1,4,5
DNR-06214,4,694.53,173.63,351.0,0,0,1,4
DNR-06215,3,1729.19,576.4,200.0,0,0,2,3
DNR-06216,11,4738.13,430.74,19.0,2,3,11,11
DNR-06217,3,1914.72,638.24,10.0,1,1,2,3
DNR-06218,3,394.31,131.44,29.0,1,2,2,3
DNR-06219,4,40094.93,10023.73,22.0,1,1,1,4
DNR-06220,6,3992.04,665.34,72.0,0,2,5,5
DNR-06221,3,247.26,82.42,247.0,0,0,1,3
DNR-06222,5,837.09,167.42,53.0,0,1,2,5
DNR-06223,5,47996.1,9599.22,105.0,0,0,2,5
DNR-06224,8,1446.31,180.79,137.0,0,0,2,8
DNR-06225,9,2453.29,272.59,15.0,1,1,9,9
DNR-06226,3,1087.53,362.51,94.0,0,0,2,3
DNR-06227,7,809.04,115.58,46.0,0,1,3,7
DNR-06228,1,91.79,91.79,192.0,0,0,1,1
DNR-06229,7,1436.88,205.27,95.0,0,0,2,6
DNR-06230,2,37.08,18.54,974.0,0,0,0,2
DNR-06231,5,345.52,69.1,5.0,5,5,5,5
DNR-06232,4,561.46,140.36,243.0,0,0,1,4
DNR-06233,6,691.24,115.21,7.0,1,6,6,6
DNR-06234,5,1829.56,365.91,315.0,0,0,2,5
DNR-06235,4,552.04,138.01,425.0,0,0,0,4
DNR-06236,5,935.23,187.05,127.0,0,0,2,5
DNR-06237,7,2421.37,345.91,93.0,0,0,7,7
DNR-06238,5,23261.54,4652.31,196.0,0,0,1,5
DNR-06239,7,34108.82,4872.69,61.0,0,2,5,7
DNR-06240,9,558.13,62.01,52.0,0,1,4,9
DNR-06241,2,256.91,128.46,368.0,0,0,0,2
DNR-06242,5,775.47,155.09,43.0,0,3,5,5
DNR-06243,7,3054.92,436.42,199.0,0,0,2,7
DNR-06244,6,395.84,65.97,43.0,0,4,6,6
DNR-06245,3,1683.94,561.31,713.0,0,0,0,3
DNR-06246,6,569.71,94.95,10.0,1,2,6,6
DNR-06247,7,799.75,114.25,212.0,0,0,2,7
DNR-06248,7,526.03,75.15,82.0,0,1,1,7
DNR-06249,3,581.51,193.84,64.0,0,1,3,3
DNR-06250,4,461.07,115.27,107.0,0,0,1,4
DNR-06251,2,494.39,247.2,47.0,0,2,2,2
DNR-06252,5,2296.55,459.31,72.0,0,1,2,5
DNR-06253,3,194.07,64.69,31.0,0,1,2,3
DNR-06254,1,33.88,33.88,236.0,0,0,1,1
DNR-06255,5,34908.78,6981.76,249.0,0,0,1,5
DNR-06256,6,731.51,121.92,56.0,0,2,5,6
DNR-06257,6,2825.25,470.88,105.0,0,0,1,6
DNR-06258,4,1955.42,488.86,304.0,0,0,1,4
DNR-06259,4,1148.82,287.2,49.0,0,1,4,4
DNR-06260,8,201641.03,25205.13,354.0,0,0,1,8
DNR-06261,3,1787.03,595.68,749.0,0,0,0,3
DNR-06262,7,710.84,101.55,180.0,0,0,2,6
DNR-06263,4,356.64,89.16,207.0,0,0,1,4
DNR-06264,3,510.46,170.15,495.0,0,0,0,3
DNR-06265,7,49649.4,7092.77,239.0,0,0,1,7
DNR-06266,4,3575.22,893.8,118.0,0,0,1,4
DNR-06267,4,2121.94,530.48,5.0,1,1,1,4
DNR-06268,7,41180.76,5882.97,4.0,1,1,1,7
DNR-06269,3,591.2,197.07,48.0,0,1,2,3
DNR-06270,2,68.7,34.35,63.0,0,1,2,2
DNR-06271,3,796.92,265.64,575.0,0,0,0,2
DNR-06272,7,2793.61,399.09,41.0,0,2,5,7
DNR-06273,2,192.18,96.09,40.0,0,2,2,2
DNR-06274,5,1360.83,272.17,145.0,0,0,4,5
DNR-06275,6,465.02,77.5,107.0,0,0,4,6
DNR-06276,9,2720.93,302.33,130.0,0,0,1,9
DNR-06277,7,1529.97,218.57,309.0,0,0,1,7
DNR-06278,6,2422.44,403.74,231.0,0,0,2,6
DNR-06279,4,809.52,202.38,39.0,0,1,3,4
DNR-06280,4,121.12,30.28,18.0,4,4,4,4
DNR-06281,7,660.86,94.41,109.0,0,0,2,7
DNR-06282,7,2068.57,295.51,2.0,1,2,5,7
DNR-06283,6,1573.1,262.18,542.0,0,0,0,6
DNR-06284,7,661.96,94.57,220.0,0,0,2,7
DNR-06285,7,1155.33,165.05,91.0,0,0,6,7
DNR-06286,2,7357.64,3678.82,153.0,0,0,2,2
DNR-06287,6,737.88,122.98,66.0,0,1,2,6
DNR-06288,4,443.73,110.93,522.0,0,0,0,4
DNR-06289,4,453.65,113.41,248.0,0,0,1,4
DNR-06290,4,1035.18,258.8,138.0,0,0,1,4
DNR-06291,8,4005.42,500.68,28.0,1,8,8,8
DNR-06292,8,1327.46,165.93,62.0,0,1,4,8
DNR-06293,4,250.3,62.58,86.0,0,1,1,4
DNR-06294,1,15.49,15.49,236.0,0,0,1,1
DNR-06295,6,519.88,86.65,6.0,1,6,6,6
DNR-06296,6,33120.06,5520.01,635.0,0,0,0,5
DNR-06297,8,38086.86,4760.86,17.0,1,1,8,7
DNR-06298,2,12064.55,6032.28,174.0,0,0,2,2
DNR-06299,6,1946.18,324.36,217.0,0,0,2,6
DNR-06300,3,483.05,161.02,226.0,0,0,1,3
DNR-06301,7,698.5,99.79,117.0,0,0,5,6
DNR-06302,7,33633.44,4804.78,145.0,0,0,2,7
DNR-06303,5,1043.94,208.79,144.0,0,0,1,4
DNR-06304,7,5375.43,767.92,48.0,0,2,5,7
DNR-06305,5,205.92,41.18,124.0,0,0,3,4
DNR-06306,3,384.57,128.19,788.0,0,0,0,3
DNR-06307,7,642.05,91.72,111.0,0,0,3,7
DNR-06308,5,1399.17,279.83,37.0,0,1,4,5
DNR-06309,3,1774.55,591.52,185.0,0,0,2,3
DNR-06310,9,2388.22,265.36,72.0,0,1,3,9
DNR-06311,7,95471.39,13638.77,0.0,1,2,2,7
DNR-06312,5,527.58,105.52,115.0,0,0,3,5
DNR-06313,9,1839.46,204.38,169.0,0,0,4,9
DNR-06314,1,308.25,308.25,72.0,0,1,1,1
DNR-06315,9,1681.06,186.78,46.0,0,1,2,9
DNR-06316,5,1577.15,315.43,42.0,0,3,5,5
DNR-06317,5,1408.82,281.76,32.0,0,1,3,4
DNR-06318,2,316.35,158.18,712.0,0,0,0,2
DNR-06319,5,1040.36,208.07,62.0,0,1,5,5
DNR-06320,4,236.31,59.08,63.0,0,1,2,4
DNR-06321,3,130.99,43.66,293.0,0,0,1,3
DNR-06322,8,4685.95,585.74,119.0,0,0,1,8
DNR-06323,7,830.16,118.59,19.0,1,2,7,7
DNR-06324,4,219.52,54.88,6.0,1,1,3,4
DNR-06325,4,1978.06,494.52,14.0,1,4,4,4
DNR-06326,1,43.62,43.62,498.0,0,0,0,1
DNR-06327,4,2291.56,572.89,24.0,1,2,4,4
DNR-06328,4,14957.19,3739.3,38.0,0,2,3,4
DNR-06329,4,271.96,67.99,8.0,1,2,4,4
DNR-06330,6,883.34,147.22,28.0,1,4,6,6
DNR-06331,7,615.44,87.92,25.0,1,4,7,6
DNR-06332,2,76.71,38.35,293.0,0,0,1,2
DNR-06333,5,753.97,150.79,17.0,1,2,5,5
DNR-06334,7,41228.32,5889.76,22.0,2,3,7,7
DNR-06335,7,1227.53,175.36,9.0,3,5,7,7
DNR-06336,7,615.84,87.98,65.0,0,1,4,5
DNR-06337,8,2620.54,327.57,49.0,0,2,8,7
DNR-06338,3,59104.57,19701.52,228.0,0,0,1,3
DNR-06339,2,547.63,273.82,533.0,0,0,0,2
DNR-06340,5,912.48,182.5,139.0,0,0,4,5
DNR-06341,8,194955.35,24369.42,44.0,0,2,4,8
DNR-06342,6,1960.64,326.77,22.0,1,1,2,5
DNR-06343,4,615.72,153.93,376.0,0,0,0,4
DNR-06344,7,3131.02,447.29,57.0,0,1,2,7
DNR-06345,3,21162.31,7054.1,48.0,0,1,2,3
DNR-06346,11,1654.73,150.43,12.0,3,4,8,10
DNR-06347,2,31.53,15.76,70.0,0,1,1,2
DNR-06348,2,162.68,81.34,907.0,0,0,0,2
DNR-06349,9,559.69,62.19,121.0,0,0,4,9
DNR-06350,7,1115.29,159.33,48.0,0,1,4,7
DNR-06351,2,28.55,14.27,1227.0,0,0,0,2
DNR-06352,1,2174.85,2174.85,395.0,0,0,0,1
DNR-06353,1,307.13,307.13,914.0,0,0,0,1
DNR-06354,3,926.05,308.68,1.0,2,2,3,3
DNR-06355,9,2353.72,261.52,144.0,0,0,3,8
DNR-06356,2,1412.05,706.02,109.0,0,0,2,2
DNR-06357,5,781.87,156.37,532.0,0,0,0,5
DNR-06358,5,1758.2,351.64,523.0,0,0,0,5
DNR-06359,11,1406.02,127.82,175.0,0,0,1,11
DNR-06360,5,472.95,94.59,102.0,0,0,4,5
DNR-06361,7,88712.81,12673.26,131.0,0,0,3,7
DNR-06362,5,1536.63,307.33,12.0,4,5,5,5
DNR-06363,2,393.49,196.74,318.0,0,0,1,2
DNR-06364,4,3538.34,884.58,13.0,1,1,2,4
DNR-06365,4,59820.18,14955.04,15.0,1,3,3,4
DNR-06366,5,1709.7,341.94,110.0,0,0,2,5
DNR-06367,4,306.71,76.68,162.0,0,0,2,4
DNR-06368,5,544.57,108.91,443.0,0,0,0,4
DNR-06369,7,1082.88,154.7,27.0,2,7,7,7
DNR-06370,5,735.79,147.16,151.0,0,0,2,5
DNR-06371,9,2057.36,228.6,201.0,0,0,2,9
DNR-06372,5,463.7,92.74,41.0,0,1,1,5
DNR-06373,6,1153.43,192.24,85.0,0,1,1,6
DNR-06374,4,3744.27,936.07,504.0,0,0,0,4
DNR-06375,7,1609.38,229.91,21.0,1,2,3,6
DNR-06376,5,175130.4,35026.08,245.0,0,0,2,5
DNR-06377,4,539.33,134.83,96.0,0,0,1,4
DNR-06378,7,2287.4,326.77,196.0,0,0,1,7
DNR-06379,11,3400.68,309.15,107.0,0,0,4,9
DNR-06380,8,2189.64,273.7,22.0,1,2,4,8
DNR-06381,8,662.16,82.77,80.0,0,1,2,8
DNR-06382,3,19898.39,6632.8,30.0,1,1,2,3
DNR-06383,5,992.19,198.44,34.0,0,4,5,4
DNR-06384,2,1415.49,707.74,281.0,0,0,1,2
DNR-06385,8,39196.18,4899.52,11.0,1,2,2,7
DNR-06386,4,350.97,87.74,344.0,0,0,1,4
DNR-06387,5,544.65,108.93,313.0,0,0,1,5
DNR-06388,7,2734.49,390.64,2.0,3,3,7,7
DNR-06389,2,225.26,112.63,36.0,0,1,2,2
DNR-06390,7,95210.92,13601.56,22.0,1,2,7,7
DNR-06391,5,239.75,47.95,4.0,4,5,5,4
DNR-06392,2,539.18,269.59,471.0,0,0,0,2
DNR-06393,7,824.9,117.84,88.0,0,1,3,7
DNR-06394,2,105.01,52.5,671.0,0,0,0,2
DNR-06395,5,147654.33,29530.87,82.0,0,1,1,5
DNR-06396,7,3062.28,437.47,353.0,0,0,1,7
DNR-06397,5,1256.62,251.32,101.0,0,0,4,5
DNR-06398,5,506.33,101.27,51.0,0,1,2,5
DNR-06399,2,138.22,69.11,504.0,0,0,0,2
DNR-06400,3,2024.7,674.9,629.0,0,0,0,3
DNR-06401,4,1311.02,327.76,281.0,0,0,2,4
DNR-06402,11,2334.89,212.26,108.0,0,0,4,10
DNR-06403,3,333.2,111.07,166.0,0,0,1,3
DNR-06404,1,62.8,62.8,252.0,0,0,1,1
DNR-06405,1,34.6,34.6,194.0,0,0,1,1
DNR-06406,3,223.47,74.49,28.0,1,2,3,3
DNR-06407,2,117.35,58.68,457.0,0,0,0,2
DNR-06408,7,1804.47,257.78,373.0,0,0,0,6
DNR-06409,7,180120.72,25731.53,6.0,2,7,7,6
DNR-06410,3,189.4,63.13,175.0,0,0,3,3
DNR-06411,6,2047.41,341.24,85.0,0,1,6,6
DNR-06412,4,617.87,154.47,371.0,0,0,0,4
DNR-06413,3,137.75,45.92,414.0,0,0,0,3
DNR-06414,4,604.89,151.22,75.0,0,1,3,4
DNR-06415,6,3179.79,529.96,62.0,0,1,3,6
DNR-06416,6,4224.39,704.06,21.0,1,1,1,6
DNR-06417,7,3145.97,449.42,410.0,0,0,0,7
DNR-06418,4,1081.6,270.4,163.0,0,0,3,4
DNR-06419,7,48243.17,6891.88,210.0,0,0,2,7
DNR-06420,5,437.62,87.52,51.0,0,1,3,5
DNR-06421,6,75145.07,12524.18,1.0,1,1,6,6
DNR-06422,7,2085.85,297.98,285.0,0,0,1,6
DNR-06423,6,3626.76,604.46,196.0,0,0,3,6
DNR-06424,2,158.06,79.03,364.0,0,0,1,2
DNR-06425,4,186.9,46.72,161.0,0,0,2,4
DNR-06426,6,753.52,125.59,355.0,0,0,1,5
DNR-06427,5,774.2,154.84,65.0,0,1,2,4
DNR-06428,6,1758.06,293.01,7.0,1,2,6,6
DNR-06429,4,666.75,166.69,82.0,0,1,2,4
DNR-06430,3,97778.44,32592.81,250.0,0,0,1,3
DNR-06431,6,106617.54,17769.59,20.0,1,2,4,6
DNR-06432,4,278.61,69.65,66.0,0,1,2,4
DNR-06433,3,145.29,48.43,75.0,0,1,3,3
DNR-06434,2,165.21,82.6,55.0,0,1,1,2
DNR-06435,7,889.68,127.1,28.0,1,1,3,7
DNR-06436,5,1303.27,260.65,90.0,0,1,1,5
DNR-06437,6,343.94,57.32,13.0,1,1,3,6
DNR-06438,4,238.54,59.64,30.0,1,2,4,4
DNR-06439,3,1019.87,339.96,3.0,2,3,3,3
DNR-06440,4,238.85,59.71,475.0,0,0,0,4
DNR-06441,6,2629.03,438.17,95.0,0,0,1,6
DNR-06442,4,1097.23,274.31,194.0,0,0,3,4
DNR-06443,5,1302.27,260.45,12.0,1,5,5,5
DNR-06444,7,1006.0,143.71,133.0,0,0,3,7
DNR-06445,2,74059.36,37029.68,100.0,0,0,1,2
DNR-06446,2,106.44,53.22,1.0,1,1,1,2
DNR-06447,5,59823.69,11964.74,234.0,0,0,2,5
DNR-06448,3,120.04,40.01,12.0,2,3,3,3
DNR-06449,7,652.67,93.24,94.0,0,0,7,7
DNR-06450,4,512.48,128.12,60.0,0,1,3,4
DNR-06451,5,321.49,64.3,15.0,2,2,5,5
DNR-06452,4,1406.31,351.58,76.0,0,1,1,4
DNR-06453,1,92.32,92.32,1632.0,0,0,0,1
DNR-06454,8,602.79,75.35,6.0,1,1,4,8
DNR-06455,1,86.93,86.93,13.0,1,1,1,1
DNR-06456,7,1871.91,267.42,22.0,1,1,5,7
DNR-06457,8,1123.74,140.47,3.0,3,5,8,7
DNR-06458,7,345.72,49.39,82.0,0,1,2,7
DNR-06459,6,1133.37,188.9,0.0,4,6,6,6
DNR-06460,5,676.87,135.37,11.0,2,2,5,5
DNR-06461,8,4924.64,615.58,8.0,1,1,6,7
DNR-06462,5,170399.74,34079.95,58.0,0,1,1,5
DNR-06463,1,90.87,90.87,256.0,0,0,1,1
DNR-06464,5,883.27,176.65,474.0,0,0,0,5
DNR-06465,4,2146.13,536.53,51.0,0,3,4,4
DNR-06466,4,1273.59,318.4,623.0,0,0,0,4
DNR-06467,8,4547.25,568.41,81.0,0,1,5,8
DNR-06468,9,3761.42,417.94,18.0,1,1,4,9
DNR-06469,5,752.25,150.45,9.0,1,1,1,5
DNR-06470,6,1551.34,258.56,11.0,2,5,6,6
DNR-06471,10,2310.56,231.06,40.0,0,1,3,8
DNR-06472,3,409.59,136.53,152.0,0,0,3,3
DNR-06473,9,1345.26,149.47,36.0,0,3,6,8
DNR-06474,4,464.18,116.04,214.0,0,0,1,3
DNR-06475,4,383.24,95.81,84.0,0,1,4,4
DNR-06476,6,504.4,84.07,21.0,1,2,4,6
DNR-06477,5,232.35,46.47,83.0,0,1,3,5
DNR-06478,2,2252.37,1126.18,25.0,1,1,2,2
DNR-06479,7,1178.27,168.32,61.0,0,1,2,7
DNR-06480,3,1220.64,406.88,21.0,1,1,1,3
DNR-06481,6,692.53,115.42,130.0,0,0,2,5
DNR-06482,5,1142.52,228.5,16.0,2,5,5,4
DNR-06483,3,910.22,303.41,375.0,0,0,0,3
DNR-06484,5,158369.76,31673.95,128.0,0,0,5,5
DNR-06485,5,22773.0,4554.6,147.0,0,0,3,5
DNR-06486,2,129.36,64.68,325.0,0,0,1,2
DNR-06487,5,169.67,33.93,25.0,1,1,3,5
DNR-06488,2,95.61,47.8,7.0,1,1,1,2
DNR-06489,6,897.48,149.58,111.0,0,0,4,6
DNR-06490,6,4440.76,740.13,14.0,2,6,6,6
DNR-06491,7,1154.58,164.94,3.0,3,7,7,7
DNR-06492,5,28332.83,5666.57,24.0,1,5,5,4
DNR-06493,4,480.31,120.08,123.0,0,0,2,4
DNR-06494,7,341.61,48.8,263.0,0,0,1,7
DNR-06495,1,57.54,57.54,199.0,0,0,1,1
DNR-06496,6,620.39,103.4,20.0,1,3,5,6
DNR-06497,8,548.02,68.5,15.0,1,3,8,7
DNR-06498,4,2125.28,531.32,223.0,0,0,1,4
DNR-06499,0,0.0,0.0,,0,0,0,0
DNR-06500,5,1494.73,298.95,500.0,0,0,0,5
DNR-06501,3,27936.21,9312.07,81.0,0,1,3,3
DNR-06502,7,45356.1,6479.44,1.0,1,1,7,7
DNR-06503,6,1021.8,170.3,406.0,0,0,0,6
DNR-06504,5,2250.71,450.14,56.0,0,1,1,5
DNR-06505,3,217.51,72.5,149.0,0,0,2,3
DNR-06506,5,576.22,115.24,13.0,5,5,5,5
DNR-06507,6,29222.06,4870.34,292.0,0,0,1,6
DNR-06508,4,301.13,75.28,24.0,2,2,2,4
DNR-06509,4,1606.27,401.57,259.0,0,0,1,4
DNR-06510,5,663.67,132.73,325.0,0,0,2,4
DNR-06511,5,1798.84,359.77,65.0,0,1,1,5
DNR-06512,3,162.04,54.01,439.0,0,0,0,3
DNR-06513,4,541.91,135.48,1002.0,0,0,0,4
DNR-06514,5,1484.79,296.96,342.0,0,0,2,5
DNR-06515,7,768.52,109.79,7.0,2,4,7,7
DNR-06516,3,18816.52,6272.17,305.0,0,0,1,3
DNR-06517,4,2058.63,514.66,234.0,0,0,2,3
DNR-06518,4,223.25,55.81,121.0,0,0,2,4
DNR-06519,4,171.55,42.89,887.0,0,0,0,4
DNR-06520,2,381.96,190.98,130.0,0,0,2,2
DNR-06521,4,686.57,171.64,55.0,0,1,1,4
DNR-06522,7,990.06,141.44,12.0,1,1,1,7
DNR-06523,3,3251.24,1083.75,182.0,0,0,3,3
DNR-06524,9,1366.82,151.87,187.0,0,0,2,9
DNR-06525,9,1317.84,146.43,0.0,6,8,9,8
DNR-06526,1,72.73,72.73,416.0,0,0,0,1
DNR-06527,5,76818.56,15363.71,9.0,1,5,5,5
DNR-06528,4,494.26,123.57,251.0,0,0,1,4
DNR-06529,3,355.65,118.55,59.0,0,2,3,3
DNR-06530,12,3730.65,310.89,131.0,0,0,5,12
DNR-06531,6,3933.82,655.64,44.0,0,1,6,6
DNR-06532,7,2560.33,365.76,53.0,0,1,2,7
DNR-06533,3,144.08,48.03,648.0,0,0,0,3
DNR-06534,1,16.94,16.94,506.0,0,0,0,1
DNR-06535,2,109.5,54.75,153.0,0,0,2,2
DNR-06536,6,1232.71,205.45,17.0,2,6,6,6
DNR-06537,3,440.85,146.95,445.0,0,0,0,3
DNR-06538,5,385.33,77.07,205.0,0,0,1,5
DNR-06539,5,2240.39,448.08,44.0,0,1,5,5
DNR-06540,7,1043.0,149.0,45.0,0,2,5,7
DNR-06541,8,1701.79,212.72,147.0,0,0,3,8
DNR-06542,8,3628.95,453.62,108.0,0,0,2,8
DNR-06543,5,1592.48,318.5,54.0,0,1,2,5
DNR-06544,9,4189.22,465.47,147.0,0,0,4,8
DNR-06545,3,169.75,56.58,201.0,0,0,3,3
DNR-06546,7,2583.4,369.06,73.0,0,2,4,7
DNR-06547,2,217.71,108.85,236.0,0,0,1,2
DNR-06548,3,2585.52,861.84,484.0,0,0,0,3
DNR-06549,4,497.87,124.47,47.0,0,1,1,4
DNR-06550,2,95.48,47.74,936.0,0,0,0,2
DNR-06551,6,1592.0,265.33,37.0,0,2,6,6
DNR-06552,7,825.44,117.92,7.0,4,5,7,7
DNR-06553,6,1471.22,245.2,180.0,0,0,3,6
DNR-06554,7,62786.19,8969.46,17.0,1,1,3,7
DNR-06555,4,1515.67,378.92,162.0,0,0,2,4
DNR-06556,3,17791.42,5930.47,98.0,0,0,3,3
DNR-06557,7,1095.45,156.49,232.0,0,0,2,7
DNR-06558,6,2297.84,382.97,30.0,1,1,2,6
DNR-06559,2,851.15,425.58,88.0,0,1,1,2
DNR-06560,5,801.0,160.2,91.0,0,0,5,5
DNR-06561,3,405.52,135.17,155.0,0,0,3,2
DNR-06562,4,397.41,99.35,53.0,0,2,4,4
DNR-06563,1,34.8,34.8,293.0,0,0,1,1
DNR-06564,5,370.58,74.12,36.0,0,2,5,5
DNR-06565,8,2800.25,350.03,626.0,0,0,0,8
DNR-06566,2,340.61,170.3,1.0,1,1,1,2
DNR-06567,2,151.96,75.98,72.0,0,1,2,2
DNR-06568,6,460.63,76.77,170.0,0,0,1,6
DNR-06569,4,383.95,95.99,49.0,0,1,1,4
DNR-06570,1,295.54,295.54,1053.0,0,0,0,1
DNR-06571,2,17158.25,8579.12,114.0,0,0,2,2
DNR-06572,3,159.04,53.01,6.0,1,3,3,3
DNR-06573,4,913.49,228.37,308.0,0,0,1,4
DNR-06574,5,407.43,81.49,35.0,0,1,3,5
DNR-06575,3,902.78,300.93,79.0,0,1,2,3
DNR-06576,2,172.62,86.31,1081.0,0,0,0,2
DNR-06577,8,1398.24,174.78,879.0,0,0,0,8
DNR-06578,6,432.96,72.16,57.0,0,1,6,6
DNR-06579,5,2318.05,463.61,280.0,0,0,1,5
DNR-06580,5,702.32,140.46,122.0,0,0,2,5
DNR-06581,9,699.71,77.75,1.0,1,1,1,9
DNR-06582,7,700.37,100.05,0.0,6,7,7,4
DNR-06583,4,1165.66,291.42,171.0,0,0,2,4
DNR-06584,13,4038.75,310.67,1.0,1,2,6,12
DNR-06585,8,622.15,77.77,280.0,0,0,1,8
DNR-06586,6,1394.83,232.47,332.0,0,0,1,5
DNR-06587,9,1057.24,117.47,168.0,0,0,2,9
DNR-06588,6,370.87,61.81,14.0,1,1,3,6
DNR-06589,5,327.59,65.52,55.0,0,2,4,5
DNR-06590,4,4532.75,1133.19,225.0,0,0,1,4
DNR-06591,5,67237.21,13447.44,148.0,0,0,1,5
DNR-06592,7,948.94,135.56,26.0,1,2,7,7
DNR-06593,3,520.99,173.66,254.0,0,0,1,3
DNR-06594,2,484.47,242.24,578.0,0,0,0,2
DNR-06595,2,2470.33,1235.16,649.0,0,0,0,2
DNR-06596,4,417.38,104.34,75.0,0,1,3,4
DNR-06597,0,0.0,0.0,,0,0,0,0
DNR-06598,3,195.49,65.16,1548.0,0,0,0,3
DNR-06599,7,727.18,103.88,42.0,0,2,5,7
DNR-06600,7,4605.54,657.93,178.0,0,0,2,7
DNR-06601,2,66.93,33.47,11.0,1,1,1,2
DNR-06602,5,839.47,167.89,29.0,1,1,5,5
DNR-06603,2,143.24,71.62,60.0,0,1,2,2
DNR-06604,3,671.0,223.67,813.0,0,0,0,3
DNR-06605,3,2472.28,824.09,10.0,1,1,3,3
DNR-06606,3,1589.82,529.94,405.0,0,0,0,3
DNR-06607,6,510.09,85.02,194.0,0,0,4,6
DNR-06608,6,135346.34,22557.72,146.0,0,0,3,5
DNR-06609,7,953.18,136.17,162.0,0,0,7,6
DNR-06610,12,6135.46,511.29,3.0,1,2,12,12
DNR-06611,3,96.11,32.04,34.0,0,2,3,3
DNR-06612,3,123.87,41.29,754.0,0,0,0,3
DNR-06613,2,1349.4,674.7,9.0,1,1,2,2
DNR-06614,7,887.39,126.77,70.0,0,1,7,6
DNR-06615,3,16771.92,5590.64,71.0,0,1,3,3
DNR-06616,5,958.66,191.73,65.0,0,1,1,5
DNR-06617,3,163.52,54.51,505.0,0,0,0,3
DNR-06618,4,902.64,225.66,147.0,0,0,4,4
DNR-06619,6,1370.36,228.39,9.0,1,4,6,6
DNR-06620,8,1640.0,205.0,44.0,0,1,2,8
DNR-06621,6,270.81,45.14,30.0,1,1,3,6
DNR-06622,1,375.71,375.71,1443.0,0,0,0,1
DNR-06623,6,2479.06,413.18,1.0,6,6,6,6
DNR-06624,3,183.19,61.06,243.0,0,0,2,3
DNR-06625,6,2449.71,408.28,547.0,0,0,0,5
DNR-06626,3,211.97,70.66,216.0,0,0,1,3
DNR-06627,3,2492.4,830.8,456.0,0,0,0,3
DNR-06628,6,702.86,117.14,96.0,0,0,6,6
DNR-06629,6,388.67,64.78,281.0,0,0,1,6
DNR-06630,9,3396.96,377.44,19.0,1,2,4,9
DNR-06631,4,382.05,95.51,238.0,0,0,1,4
DNR-06632,4,105199.92,26299.98,37.0,0,2,2,4
DNR-06633,3,1654.8,551.6,173.0,0,0,1,3
DNR-06634,3,1576.43,525.48,368.0,0,0,0,3
DNR-06635,7,111170.65,15881.52,2.0,6,7,7,7
DNR-06636,7,2739.47,391.35,78.0,0,1,3,5
DNR-06637,4,576.02,144.0,711.0,0,0,0,4
DNR-06638,6,927.49,154.58,81.0,0,1,6,5
DNR-06639,8,32052.04,4006.5,4.0,3,8,8,8
DNR-06640,10,851.68,85.17,23.0,1,6,10,8
DNR-06641,8,43181.43,5397.68,209.0,0,0,2,8
DNR-06642,6,657.94,109.66,142.0,0,0,3,6
DNR-06643,4,24821.27,6205.32,25.0,1,1,2,4
DNR-06644,4,303.25,75.81,6.0,1,2,2,4
DNR-06645,4,18031.73,4507.93,17.0,1,1,4,4
DNR-06646,5,2114.17,422.83,259.0,0,0,3,5
DNR-06647,5,207.57,41.51,111.0,0,0,2,5
DNR-06648,5,924.32,184.86,259.0,0,0,1,5
DNR-06649,4,2749.98,687.5,205.0,0,0,4,4
DNR-06650,3,442.55,147.52,60.0,0,2,3,3
DNR-06651,10,2962.37,296.24,20.0,1,1,3,9
DNR-06652,7,653.51,93.36,292.0,0,0,1,7
DNR-06653,8,953.82,119.23,1.0,5,8,8,8
DNR-06654,4,789.35,197.34,217.0,0,0,2,4
DNR-06655,5,671.39,134.28,671.0,0,0,0,4
DNR-06656,3,644.05,214.68,151.0,0,0,2,3
DNR-06657,4,619.39,154.85,67.0,0,1,2,4
DNR-06658,4,249.93,62.48,22.0,2,4,4,4
DNR-06659,8,3228.47,403.56,187.0,0,0,3,8
DNR-06660,6,38267.2,6377.87,74.0,0,1,3,6
DNR-06661,6,27849.74,4641.62,7.0,1,1,4,6
DNR-06662,3,207.34,69.11,753.0,0,0,0,3
DNR-06663,8,1912.37,239.05,13.0,2,3,8,8
DNR-06664,5,664.86,132.97,398.0,0,0,0,5
DNR-06665,3,1287.74,429.25,71.0,0,1,3,3
DNR-06666,4,2109.36,527.34,38.0,0,2,2,4
DNR-06667,3,124.8,41.6,35.0,0,2,3,3
DNR-06668,3,485.82,161.94,274.0,0,0,1,3
DNR-06669,4,176.85,44.21,154.0,0,0,2,3
DNR-06670,6,1854.98,309.16,14.0,1,1,4,6
DNR-06671,3,206.96,68.99,531.0,0,0,0,3
DNR-06672,6,1477.39,246.23,97.0,0,0,6,6
DNR-06673,5,320.96,64.19,459.0,0,0,0,5
DNR-06674,4,751.24,187.81,229.0,0,0,1,4
DNR-06675,5,317.63,63.53,332.0,0,0,2,5
DNR-06676,9,520.42,57.82,10.0,1,1,1,8
DNR-06677,6,987.82,164.64,5.0,1,2,6,5
DNR-06678,4,197.3,49.32,11.0,4,4,4,4
DNR-06679,5,794.24,158.85,213.0,0,0,1,5
DNR-06680,7,2696.05,385.15,234.0,0,0,2,6
DNR-06681,6,1990.95,331.82,55.0,0,1,4,5
DNR-06682,4,652.97,163.24,340.0,0,0,1,4
DNR-06683,5,376.76,75.35,75.0,0,1,2,5
DNR-06684,2,91.93,45.96,99.0,0,0,1,2
DNR-06685,4,552.12,138.03,2.0,1,1,2,4
DNR-06686,6,424.99,70.83,22.0,1,1,6,6
DNR-06687,8,718.85,89.86,69.0,0,1,8,8
DNR-06688,1,374.52,374.52,75.0,0,1,1,1
DNR-06689,5,476.72,95.34,54.0,0,2,5,5
DNR-06690,3,128.22,42.74,207.0,0,0,1,3
DNR-06691,5,2305.78,461.16,394.0,0,0,0,5
DNR-06692,6,181840.26,30306.71,24.0,1,1,3,6
DNR-06693,7,721.78,103.11,46.0,0,3,7,6
DNR-06694,7,1155.82,165.12,25.0,1,2,4,6
DNR-06695,2,485.38,242.69,92.0,0,0,2,2
DNR-06696,5,879.05,175.81,19.0,1,1,1,5
DNR-06697,8,3027.13,378.39,2.0,1,1,2,7
DNR-06698,3,901.74,300.58,221.0,0,0,1,3
DNR-06699,4,580.47,145.12,554.0,0,0,0,4
DNR-06700,5,447.27,89.45,13.0,1,4,5,5
DNR-06701,9,1796.18,199.58,203.0,0,0,1,9
DNR-06702,6,3031.92,505.32,8.0,2,5,6,6
DNR-06703,5,674.76,134.95,91.0,0,0,1,4
DNR-06704,10,27538.34,2753.83,82.0,0,1,4,10
DNR-06705,11,2119.58,192.69,23.0,2,4,11,10
DNR-06706,6,633.29,105.55,66.0,0,2,3,6
DNR-06707,3,17013.18,5671.06,679.0,0,0,0,3
DNR-06708,3,1911.15,637.05,6.0,1,2,3,3
DNR-06709,5,304.53,60.91,216.0,0,0,1,5
DNR-06710,8,1464.82,183.1,20.0,1,2,4,8
DNR-06711,3,1749.06,583.02,89.0,0,1,3,3
DNR-06712,6,333.01,55.5,181.0,0,0,3,6
DNR-06713,4,150.78,37.7,11.0,3,4,4,3
DNR-06714,4,459.86,114.96,38.0,0,1,1,4
DNR-06715,5,615.58,123.12,145.0,0,0,1,5
DNR-06716,4,434.93,108.73,88.0,0,1,4,4
DNR-06717,5,522.56,104.51,253.0,0,0,3,5
DNR-06718,4,252.93,63.23,172.0,0,0,1,4
DNR-06719,12,3616.6,301.38,47.0,0,2,12,12
DNR-06720,4,839.74,209.94,47.0,0,3,4,4
DNR-06721,6,780.14,130.02,5.0,1,2,4,6
DNR-06722,5,316.84,63.37,8.0,3,5,5,4
DNR-06723,9,615.67,68.41,19.0,1,2,5,9
DNR-06724,5,218.63,43.73,9.0,1,2,4,5
DNR-06725,7,856.38,122.34,2.0,2,2,7,7
DNR-06726,10,934.87,93.49,1.0,1,4,10,10
DNR-06727,7,1436.1,205.16,106.0,0,0,1,7
DNR-06728,6,3139.81,523.3,47.0,0,1,2,4
DNR-06729,2,316.99,158.5,14.0,1,2,2,2
DNR-06730,5,2557.6,511.52,133.0,0,0,1,5
DNR-06731,5,394.03,78.81,137.0,0,0,4,5
DNR-06732,4,24121.27,6030.32,152.0,0,0,2,4
DNR-06733,1,93.38,93.38,38.0,0,1,1,1
DNR-06734,7,795.49,113.64,205.0,0,0,2,6
DNR-06735,0,0.0,0.0,,0,0,0,0
DNR-06736,5,184.62,36.92,12.0,2,5,5,5
DNR-06737,7,2465.11,352.16,437.0,0,0,0,7
DNR-06738,5,663.6,132.72,272.0,0,0,3,3
DNR-06739,6,605.05,100.84,17.0,3,6,6,6
DNR-06740,8,1101.48,137.68,243.0,0,0,1,8
DNR-06741,3,1884.22,628.07,9.0,1,2,3,3
DNR-06742,5,282.4,56.48,17.0,2,2,5,5
DNR-06743,4,3334.79,833.7,266.0,0,0,1,4
DNR-06744,3,2466.12,822.04,285.0,0,0,1,3
DNR-06745,5,1314.71,262.94,66.0,0,1,2,5
DNR-06746,7,831.49,118.78,250.0,0,0,1,7
DNR-06747,7,3590.79,512.97,323.0,0,0,1,7
DNR-06748,6,248.77,41.46,109.0,0,0,2,6
DNR-06749,10,2508.81,250.88,66.0,0,1,7,9
DNR-06750,6,695.14,115.86,246.0,0,0,1,6
DNR-06751,2,10805.42,5402.71,30.0,1,1,2,2
DNR-06752,4,108406.06,27101.52,70.0,0,1,1,4
DNR-06753,4,2598.97,649.74,289.0,0,0,1,4
DNR-06754,7,1000.31,142.9,51.0,0,1,5,7
DNR-06755,3,546.09,182.03,234.0,0,0,1,3
DNR-06756,8,49270.4,6158.8,238.0,0,0,2,8
DNR-06757,6,1666.84,277.81,30.0,1,2,2,6
DNR-06758,6,217628.61,36271.44,27.0,1,1,5,6
DNR-06759,7,2172.73,310.39,252.0,0,0,3,7
DNR-06760,8,237227.89,29653.49,101.0,0,0,1,8
DNR-06761,5,31222.96,6244.59,70.0,0,2,2,5
DNR-06762,3,8360.6,2786.87,60.0,0,1,3,3
DNR-06763,7,1137.45,162.49,144.0,0,0,2,7
DNR-06764,1,371.31,371.31,616.0,0,0,0,1
DNR-06765,6,2036.52,339.42,85.0,0,1,5,6
DNR-06766,3,139.83,46.61,387.0,0,0,0,3
DNR-06767,1,8048.36,8048.36,390.0,0,0,0,1
DNR-06768,6,2576.79,429.47,40.0,0,2,4,6
DNR-06769,4,2270.29,567.57,90.0,0,1,4,4
DNR-06770,7,5368.37,766.91,150.0,0,0,4,7
DNR-06771,8,1309.6,163.7,27.0,1,2,8,8
DNR-06772,6,2713.32,452.22,124.0,0,0,3,6
DNR-06773,8,4552.04,569.0,265.0,0,0,1,7
DNR-06774,1,25.3,25.3,10.0,1,1,1,1
DNR-06775,1,23249.39,23249.39,1078.0,0,0,0,1
DNR-06776,3,440.16,146.72,962.0,0,0,0,3
DNR-06777,5,809.24,161.85,162.0,0,0,2,5
DNR-06778,5,837.47,167.49,2.0,1,2,5,5
DNR-06779,10,1469.93,146.99,86.0,0,1,8,9
DNR-06780,4,44952.03,11238.01,176.0,0,0,4,4
DNR-06781,3,191.66,63.89,245.0,0,0,1,3
DNR-06782,4,21814.45,5453.61,74.0,0,1,2,4
DNR-06783,2,156.23,78.12,587.0,0,0,0,2
DNR-06784,6,64106.47,10684.41,11.0,2,4,6,6
DNR-06785,4,777.68,194.42,743.0,0,0,0,4
DNR-06786,5,1206.84,241.37,14.0,1,2,2,5
DNR-06787,4,481.46,120.36,73.0,0,2,4,4
DNR-06788,4,434.71,108.68,22.0,1,3,4,4
DNR-06789,4,100727.87,25181.97,44.0,0,2,4,4
DNR-06790,7,1833.54,261.93,23.0,1,7,7,6
DNR-06791,6,141570.54,23595.09,4.0,1,2,4,6
DNR-06792,6,587.52,97.92,1.0,1,2,6,6
DNR-06793,4,60807.97,15201.99,4.0,1,1,2,4
DNR-06794,2,273.04,136.52,66.0,0,1,2,2
DNR-06795,8,3194.05,399.26,202.0,0,0,2,8
DNR-06796,6,1371.99,228.66,95.0,0,0,1,6
DNR-06797,1,463.6,463.6,653.0,0,0,0,1
DNR-06798,0,0.0,0.0,,0,0,0,0
DNR-06799,6,1706.88,284.48,154.0,0,0,2,6
DNR-06800,3,192.13,64.04,241.0,0,0,1,3
DNR-06801,4,412.6,103.15,0.0,1,2,3,4
DNR-06802,4,585.43,146.36,76.0,0,1,3,4
DNR-06803,6,530.62,88.44,35.0,0,3,6,6
DNR-06804,2,56.4,28.2,282.0,0,0,2,2
DNR-06805,4,2548.36,637.09,192.0,0,0,1,4
DNR-06806,6,451.93,75.32,69.0,0,1,4,5
DNR-06807,3,2372.25,790.75,1186.0,0,0,0,3
DNR-06808,3,431.78,143.93,440.0,0,0,0,2
DNR-06809,3,406.83,135.61,41.0,0,1,3,3
DNR-06810,3,23192.94,7730.98,18.0,1,1,3,3
DNR-06811,4,308.61,77.15,24.0,1,3,4,4
DNR-06812,5,2588.69,517.74,89.0,0,1,4,5
DNR-06813,5,2999.17,599.83,5.0,1,1,3,5
DNR-06814,7,1345.17,192.17,82.0,0,1,6,7
DNR-06815,3,142.21,47.4,147.0,0,0,1,3
DNR-06816,7,913.36,130.48,96.0,0,0,4,6
DNR-06817,9,550.14,61.13,20.0,2,5,9,9
DNR-06818,8,25317.01,3164.63,156.0,0,0,2,8
DNR-06819,6,413.19,68.86,215.0,0,0,3,6
DNR-06820,8,4052.59,506.57,13.0,1,1,2,8
DNR-06821,6,63972.83,10662.14,57.0,0,3,6,6
DNR-06822,5,2502.44,500.49,41.0,0,1,4,5
DNR-06823,2,133.72,66.86,742.0,0,0,0,2
DNR-06824,6,418.97,69.83,33.0,0,3,4,6
DNR-06825,4,810.83,202.71,63.0,0,1,3,4
DNR-06826,5,620.39,124.08,62.0,0,1,2,5
DNR-06827,4,2000.94,500.24,21.0,1,1,4,4
DNR-06828,7,961.04,137.29,740.0,0,0,0,7
DNR-06829,0,0.0,0.0,,0,0,0,0
DNR-06830,4,333.65,83.41,135.0,0,0,2,3
DNR-06831,7,2966.46,423.78,16.0,5,7,7,7
DNR-06832,3,1281.33,427.11,340.0,0,0,1,3
DNR-06833,2,83.97,41.98,174.0,0,0,1,2
DNR-06834,5,224.3,44.86,86.0,0,1,4,5
DNR-06835,2,100.61,50.3,722.0,0,0,0,2
DNR-06836,7,1706.66,243.81,303.0,0,0,1,7
DNR-06837,3,106.4,35.47,439.0,0,0,0,3
DNR-06838,3,290.14,96.71,333.0,0,0,1,3
DNR-06839,1,8142.15,8142.15,891.0,0,0,0,1
DNR-06840,3,624.31,208.1,352.0,0,0,1,3
DNR-06841,2,434.55,217.28,15.0,1,1,2,2
DNR-06842,7,2496.72,356.67,64.0,0,1,3,7
DNR-06843,4,2188.91,547.23,477.0,0,0,0,4
DNR-06844,5,26118.73,5223.75,737.0,0,0,0,5
DNR-06845,4,193.24,48.31,305.0,0,0,1,3
DNR-06846,7,82865.98,11838.0,260.0,0,0,1,7
DNR-06847,3,447.75,149.25,869.0,0,0,0,3
DNR-06848,2,684.81,342.4,242.0,0,0,1,2
DNR-06849,5,974.25,194.85,1.0,5,5,5,5
DNR-06850,6,1761.77,293.63,70.0,0,1,5,6
DNR-06851,8,5941.92,742.74,103.0,0,0,2,8
DNR-06852,5,429.39,85.88,63.0,0,1,5,5
DNR-06853,8,1276.46,159.56,161.0,0,0,2,8
DNR-06854,5,645.8,129.16,69.0,0,1,5,5
DNR-06855,6,546.66,91.11,11.0,3,6,6,6
DNR-06856,8,1723.61,215.45,35.0,0,8,8,6
DNR-06857,4,199.67,49.92,15.0,2,4,4,4
DNR-06858,5,17390.67,3478.13,175.0,0,0,3,5
DNR-06859,10,2515.03,251.5,111.0,0,0,5,10
DNR-06860,7,2890.06,412.87,38.0,0,1,5,7
DNR-06861,5,2842.45,568.49,90.0,0,1,4,5
DNR-06862,5,1505.95,301.19,60.0,0,2,5,5
DNR-06863,4,254.36,63.59,174.0,0,0,2,4
DNR-06864,9,586.17,65.13,8.0,1,1,3,8
DNR-06865,6,650.85,108.48,26.0,1,2,6,6
DNR-06866,4,323.9,80.98,223.0,0,0,1,4
DNR-06867,3,2228.46,742.82,448.0,0,0,0,3
DNR-06868,5,1215.74,243.15,396.0,0,0,0,5
DNR-06869,6,948.09,158.01,177.0,0,0,4,6
DNR-06870,7,1713.44,244.78,50.0,0,1,5,7
DNR-06871,9,4801.39,533.49,40.0,0,1,2,8
DNR-06872,7,441.2,63.03,47.0,0,2,2,7
DNR-06873,8,492.18,61.52,11.0,1,1,6,8
DNR-06874,2,214.56,107.28,457.0,0,0,0,2
DNR-06875,10,1713.86,171.39,126.0,0,0,6,9
DNR-06876,7,2239.45,319.92,71.0,0,1,2,7
DNR-06877,8,1451.2,181.4,29.0,1,2,8,8
DNR-06878,5,1213.24,242.65,68.0,0,1,3,5
DNR-06879,7,1893.88,270.55,240.0,0,0,2,7
DNR-06880,6,1048.73,174.79,226.0,0,0,1,6
DNR-06881,5,2936.9,587.38,73.0,0,1,1,5
DNR-06882,8,2149.88,268.74,69.0,0,1,2,8
DNR-06883,2,446.94,223.47,1218.0,0,0,0,2
DNR-06884,4,1138.15,284.54,38.0,0,1,4,4
DNR-06885,2,89.09,44.54,161.0,0,0,2,2
DNR-06886,6,878.07,146.34,234.0,0,0,1,6
DNR-06887,3,200.51,66.84,52.0,0,1,3,3
DNR-06888,4,186.11,46.53,11.0,1,2,4,4
DNR-06889,8,3185.21,398.15,137.0,0,0,5,7
DNR-06890,3,63363.17,21121.06,96.0,0,0,3,3
DNR-06891,5,246.93,49.39,128.0,0,0,1,5
DNR-06892,4,1843.94,460.98,679.0,0,0,0,4
DNR-06893,4,57680.26,14420.06,100.0,0,0,3,4
DNR-06894,9,5826.36,647.37,23.0,1,2,4,9
DNR-06895,4,429.78,107.44,136.0,0,0,1,4
DNR-06896,2,102.85,51.42,423.0,0,0,0,2
DNR-06897,5,2538.53,507.71,24.0,1,2,5,5
DNR-06898,7,908.24,129.75,20.0,1,1,4,7
DNR-06899,2,112.46,56.23,238.0,0,0,2,2
DNR-06900,6,726.24,121.04,57.0,0,3,6,6
DNR-06901,3,526.37,175.46,2.0,1,3,3,2
DNR-06902,4,394.3,98.58,591.0,0,0,0,4
DNR-06903,0,0.0,0.0,,0,0,0,0
DNR-06904,9,1046.54,116.28,431.0,0,0,0,9
DNR-06905,2,362.58,181.29,428.0,0,0,0,2
DNR-06906,1,498.65,498.65,1372.0,0,0,0,1
DNR-06907,7,29753.8,4250.54,93.0,0,0,5,7
DNR-06908,3,110.34,36.78,26.0,1,1,3,3
DNR-06909,4,101443.58,25360.89,444.0,0,0,0,4
DNR-06910,8,1408.49,176.06,30.0,1,5,8,8
DNR-06911,7,813.76,116.25,30.0,1,2,4,7
DNR-06912,4,1956.64,489.16,56.0,0,2,4,3
DNR-06913,5,727.74,145.55,303.0,0,0,1,5
DNR-06914,8,37278.74,4659.84,108.0,0,0,2,7
DNR-06915,6,2164.81,360.8,165.0,0,0,1,6
DNR-06916,7,44817.6,6402.51,52.0,0,2,4,6
DNR-06917,5,3520.06,704.01,15.0,2,4,5,5
DNR-06918,4,143714.44,35928.61,227.0,0,0,1,4
DNR-06919,4,980.19,245.05,515.0,0,0,0,4
DNR-06920,2,56.38,28.19,255.0,0,0,1,2
DNR-06921,5,764.38,152.88,94.0,0,0,4,5
DNR-06922,12,5297.81,441.48,135.0,0,0,4,11
DNR-06923,4,2274.07,568.52,583.0,0,0,0,4
DNR-06924,4,623.24,155.81,238.0,0,0,2,4
DNR-06925,5,596.26,119.25,159.0,0,0,2,5
DNR-06926,10,1476.56,147.66,192.0,0,0,4,10
DNR-06927,7,533.35,76.19,691.0,0,0,0,7
DNR-06928,5,2451.04,490.21,103.0,0,0,4,5
DNR-06929,7,1248.49,178.36,2.0,2,3,6,7
DNR-06930,5,332.58,66.52,179.0,0,0,3,5
DNR-06931,7,2901.04,414.43,138.0,0,0,2,7
DNR-06932,7,88471.87,12638.84,255.0,0,0,2,7
DNR-06933,6,285.2,47.53,42.0,0,2,4,6
DNR-06934,3,157.18,52.39,11.0,1,1,2,3
DNR-06935,1,34.88,34.88,93.0,0,0,1,1
DNR-06936,3,296.89,98.96,0.0,1,1,2,3
DNR-06937,4,12159.5,3039.88,49.0,0,2,4,4
DNR-06938,4,1612.76,403.19,48.0,0,1,1,4
DNR-06939,5,1964.33,392.87,11.0,2,5,5,5
DNR-06940,3,1800.15,600.05,225.0,0,0,1,3
DNR-06941,5,4370.13,874.03,36.0,0,1,4,5
DNR-06942,4,851.62,212.9,51.0,0,4,4,4
DNR-06943,1,26.69,26.69,989.0,0,0,0,1
DNR-06944,3,380.09,126.7,15.0,1,1,1,3
DNR-06945,7,1265.91,180.84,163.0,0,0,1,7
DNR-06946,8,1048.12,131.01,758.0,0,0,0,8
DNR-06947,0,0.0,0.0,,0,0,0,0
DNR-06948,5,2809.1,561.82,61.0,0,1,1,5
DNR-06949,8,3418.56,427.32,329.0,0,0,1,8
DNR-06950,5,2147.41,429.48,18.0,1,5,5,5
DNR-06951,5,458.01,91.6,7.0,2,5,5,5
DNR-06952,5,233.89,46.78,13.0,1,1,3,4
DNR-06953,6,752.69,125.45,304.0,0,0,1,6
DNR-06954,3,1591.92,530.64,641.0,0,0,0,3
DNR-06955,8,1159.49,144.94,246.0,0,0,3,8
DNR-06956,4,1189.14,297.29,64.0,0,1,2,4
DNR-06957,9,560.88,62.32,63.0,0,1,2,9
DNR-06958,10,76025.07,7602.51,225.0,0,0,1,10
DNR-06959,7,2953.88,421.98,3.0,1,1,2,7
DNR-06960,2,1371.34,685.67,42.0,0,1,1,2
DNR-06961,6,74080.19,12346.7,6.0,1,3,4,6
DNR-06962,3,747.55,249.18,683.0,0,0,0,3
DNR-06963,2,1705.74,852.87,48.0,0,1,2,2
DNR-06964,6,1861.62,310.27,362.0,0,0,1,6
DNR-06965,2,424.55,212.28,184.0,0,0,1,2
DNR-06966,8,625.29,78.16,122.0,0,0,3,8
DNR-06967,3,172.64,57.55,78.0,0,2,3,3
DNR-06968,8,2820.59,352.57,595.0,0,0,0,8
DNR-06969,4,841.67,210.42,174.0,0,0,2,4
DNR-06970,1,80.59,80.59,750.0,0,0,0,1
DNR-06971,7,822.51,117.5,548.0,0,0,0,7
DNR-06972,5,677.26,135.45,113.0,0,0,2,5
DNR-06973,8,1849.02,231.13,84.0,0,1,4,7
DNR-06974,6,888.04,148.01,102.0,0,0,5,6
DNR-06975,9,991.28,110.14,559.0,0,0,0,9
DNR-06976,4,633.17,158.29,48.0,0,1,1,4
DNR-06977,5,2323.51,464.7,181.0,0,0,3,4
DNR-06978,3,19778.9,6592.97,371.0,0,0,0,3
DNR-06979,2,437.87,218.94,43.0,0,1,2,2
DNR-06980,3,136.32,45.44,45.0,0,1,2,3
DNR-06981,7,2184.94,312.13,238.0,0,0,1,7
DNR-06982,5,225.95,45.19,146.0,0,0,3,5
DNR-06983,6,200644.15,33440.69,5.0,4,6,6,6
DNR-06984,6,815.77,135.96,4.0,3,6,6,6
DNR-06985,7,309.88,44.27,82.0,0,1,3,7
DNR-06986,5,294.65,58.93,468.0,0,0,0,5
DNR-06987,4,254.49,63.62,0.0,2,3,4,4
DNR-06988,12,310605.27,25883.77,11.0,2,2,8,11
DNR-06989,7,361.72,51.67,30.0,1,1,5,7
DNR-06990,11,778.21,70.75,0.0,1,2,5,10
DNR-06991,3,302.81,100.94,101.0,0,0,1,3
DNR-06992,2,2314.9,1157.45,516.0,0,0,0,2
DNR-06993,2,72.31,36.16,113.0,0,0,1,2
DNR-06994,4,975.83,243.96,465.0,0,0,0,4
DNR-06995,8,2801.64,350.2,378.0,0,0,0,8
DNR-06996,5,1986.87,397.37,511.0,0,0,0,5
DNR-06997,10,628.23,62.82,5.0,1,2,3,9
DNR-06998,5,2538.31,507.66,12.0,1,1,5,5
DNR-06999,5,2018.78,403.76,0.0,1,4,5,4
DNR-07000,2,2003.0,1001.5,212.0,0,0,2,2
DNR-07001,1,359.68,359.68,411.0,0,0,0,1
DNR-07002,5,418.37,83.67,115.0,0,0,1,5
DNR-07003,3,436.42,145.47,550.0,0,0,0,3
DNR-07004,8,47284.25,5910.53,191.0,0,0,3,7
DNR-07005,7,497.27,71.04,183.0,0,0,1,7
DNR-07006,4,68575.5,17143.88,17.0,1,2,3,4
DNR-07007,7,708.56,101.22,33.0,0,2,7,7
DNR-07008,3,18952.96,6317.65,268.0,0,0,1,3
DNR-07009,3,17955.78,5985.26,634.0,0,0,0,3
DNR-07010,6,759.14,126.52,13.0,2,6,6,6
DNR-07011,8,486.56,60.82,235.0,0,0,2,8
DNR-07012,4,2568.08,642.02,36.0,0,1,4,4
DNR-07013,6,2749.27,458.21,5.0,1,1,4,6
DNR-07014,6,374.66,62.44,104.0,0,0,6,5
DNR-07015,3,2372.94,790.98,559.0,0,0,0,3
DNR-07016,8,1375.47,171.93,54.0,0,1,3,8
DNR-07017,5,2686.22,537.24,139.0,0,0,1,5
DNR-07018,1,71.09,71.09,398.0,0,0,0,1
DNR-07019,3,386.78,128.93,777.0,0,0,0,3
DNR-07020,3,219.81,73.27,31.0,0,1,2,2
DNR-07021,9,3614.6,401.62,33.0,0,2,5,9
DNR-07022,3,894.63,298.21,618.0,0,0,0,3
DNR-07023,2,132.53,66.26,681.0,0,0,0,2
DNR-07024,9,34570.06,3841.12,127.0,0,0,1,9
DNR-07025,8,471.97,59.0,62.0,0,1,4,8
DNR-07026,8,572.41,71.55,59.0,0,3,8,8
DNR-07027,4,906.62,226.66,601.0,0,0,0,4
DNR-07028,7,2856.85,408.12,134.0,0,0,4,7
DNR-07029,5,1155.28,231.06,222.0,0,0,1,5
DNR-07030,3,445.11,148.37,663.0,0,0,0,3
DNR-07031,4,1757.43,439.36,15.0,1,1,3,4
DNR-07032,6,1047.37,174.56,77.0,0,1,6,6
DNR-07033,9,2607.61,289.73,85.0,0,1,1,9
DNR-07034,6,37626.48,6271.08,100.0,0,0,3,6
DNR-07035,8,364.03,45.5,137.0,0,0,3,8
DNR-07036,8,666.42,83.3,374.0,0,0,0,7
DNR-07037,4,376.68,94.17,30.0,1,1,2,3
DNR-07038,4,279.29,69.82,50.0,0,1,3,4
DNR-07039,9,2701.69,300.19,35.0,0,2,5,8
DNR-07040,3,23362.39,7787.46,9.0,2,3,3,3
DNR-07041,3,606.99,202.33,555.0,0,0,0,3
DNR-07042,4,17118.26,4279.57,54.0,0,1,2,4
DNR-07043,8,1410.91,176.36,7.0,1,1,4,8
DNR-07044,5,398.28,79.66,30.0,1,1,2,5
DNR-07045,5,1143.72,228.74,59.0,0,1,4,5
DNR-07046,3,248.38,82.79,27.0,1,1,2,3
DNR-07047,4,1445.27,361.32,79.0,0,1,1,4
DNR-07048,6,727.08,121.18,27.0,1,1,2,6
DNR-07049,7,3013.52,430.5,140.0,0,0,1,7
DNR-07050,6,568.37,94.73,116.0,0,0,2,6
DNR-07051,5,2851.15,570.23,42.0,0,1,5,5
DNR-07052,5,583.3,116.66,29.0,1,1,3,5
DNR-07053,4,2317.91,579.48,16.0,1,4,4,4
DNR-07054,4,708.48,177.12,149.0,0,0,3,4
DNR-07055,7,476.11,68.02,2.0,2,6,7,7
DNR-07056,10,3455.14,345.51,73.0,0,2,9,10
DNR-07057,2,140.08,70.04,1.0,1,1,1,2
DNR-07058,2,340.68,170.34,698.0,0,0,0,2
DNR-07059,7,3529.2,504.17,134.0,0,0,4,6
DNR-07060,7,1146.44,163.78,0.0,1,1,2,7
DNR-07061,4,180.09,45.02,289.0,0,0,1,4
DNR-07062,5,2714.66,542.93,71.0,0,1,1,5
DNR-07063,6,1331.94,221.99,49.0,0,2,6,6
DNR-07064,3,235.14,78.38,243.0,0,0,1,3
DNR-07065,5,54586.3,10917.26,10.0,1,2,5,5
DNR-07066,3,743.99,248.0,766.0,0,0,0,3
DNR-07067,5,1084.83,216.97,728.0,0,0,0,5
DNR-07068,3,474.09,158.03,312.0,0,0,1,3
DNR-07069,11,3649.38,331.76,17.0,1,1,6,10
DNR-07070,5,337.36,67.47,43.0,0,2,4,5
DNR-07071,4,4748.93,1187.23,52.0,0,1,2,4
DNR-07072,4,2594.03,648.51,11.0,1,4,4,4
DNR-07073,6,891.47,148.58,185.0,0,0,3,6
DNR-07074,5,547.14,109.43,221.0,0,0,1,5
DNR-07075,5,294.01,58.8,8.0,1,2,5,5
DNR-07076,3,155.49,51.83,765.0,0,0,0,3
DNR-07077,7,741.85,105.98,62.0,0,1,7,7
DNR-07078,8,1007.39,125.92,12.0,1,1,2,7
DNR-07079,5,270.88,54.18,350.0,0,0,1,5
DNR-07080,3,661.75,220.58,32.0,0,1,2,3
DNR-07081,2,62.72,31.36,973.0,0,0,0,2
DNR-07082,6,1049.05,174.84,58.0,0,1,1,6
DNR-07083,6,1963.59,327.27,46.0,0,1,2,6
DNR-07084,2,109.96,54.98,782.0,0,0,0,2
DNR-07085,6,1366.3,227.72,136.0,0,0,2,5
DNR-07086,9,1953.59,217.07,65.0,0,1,4,8
DNR-07087,9,833.15,92.57,195.0,0,0,2,8
DNR-07088,5,513.47,102.69,21.0,1,2,4,5
DNR-07089,5,666.11,133.22,54.0,0,1,3,5
DNR-07090,5,1460.24,292.05,7.0,2,3,5,5
DNR-07091,3,343.33,114.44,142.0,0,0,3,3
DNR-07092,5,413.24,82.65,171.0,0,0,3,4
DNR-07093,6,265.74,44.29,118.0,0,0,2,6
DNR-07094,1,442.06,442.06,901.0,0,0,0,1
DNR-07095,5,1091.11,218.22,129.0,0,0,5,4
DNR-07096,8,2204.23,275.53,79.0,0,1,2,8
DNR-07097,6,311.19,51.86,152.0,0,0,2,6
DNR-07098,7,3409.15,487.02,104.0,0,0,1,7
DNR-07099,5,308.43,61.69,32.0,0,2,2,4
DNR-07100,3,252.77,84.26,705.0,0,0,0,3
DNR-07101,6,3359.54,559.92,53.0,0,2,5,6
DNR-07102,6,1686.5,281.08,123.0,0,0,3,6
DNR-07103,4,19136.06,4784.02,414.0,0,0,0,4
DNR-07104,7,2346.2,335.17,403.0,0,0,0,7
DNR-07105,6,417.3,69.55,72.0,0,1,4,6
DNR-07106,9,1270.79,141.2,21.0,2,3,8,8
DNR-07107,1,33.19,33.19,220.0,0,0,1,1
DNR-07108,6,224.49,37.42,51.0,0,1,2,6
DNR-07109,10,3929.74,392.97,80.0,0,1,5,9
DNR-07110,5,330.06,66.01,1.0,1,1,2,5
DNR-07111,3,13178.72,4392.91,219.0,0,0,3,3
DNR-07112,5,1989.34,397.87,16.0,1,1,2,5
DNR-07113,4,3868.09,967.02,284.0,0,0,1,4
DNR-07114,5,21974.28,4394.86,9.0,5,5,5,5
DNR-07115,2,78.3,39.15,228.0,0,0,1,2
DNR-07116,3,55762.35,18587.45,328.0,0,0,1,3
DNR-07117,7,2789.16,398.45,7.0,4,6,7,7
DNR-07118,4,669.68,167.42,117.0,0,0,2,4
DNR-07119,7,946.12,135.16,118.0,0,0,2,6
DNR-07120,9,653.58,72.62,41.0,0,1,2,9
DNR-07121,2,490.72,245.36,48.0,0,1,2,2
DNR-07122,3,497.03,165.68,23.0,1,1,2,3
DNR-07123,5,572.27,114.45,339.0,0,0,1,4
DNR-07124,4,2330.01,582.5,62.0,0,1,1,4
DNR-07125,5,2444.73,488.95,216.0,0,0,2,5
DNR-07126,4,2206.72,551.68,26.0,1,4,4,4
DNR-07127,5,184.19,36.84,127.0,0,0,5,5
DNR-07128,5,1263.13,252.63,18.0,1,2,5,5
DNR-07129,3,474.72,158.24,70.0,0,1,2,3
DNR-07130,9,2244.57,249.4,13.0,7,9,9,9
DNR-07131,4,439.85,109.96,630.0,0,0,0,4
DNR-07132,5,2287.91,457.58,188.0,0,0,3,5
DNR-07133,4,570.12,142.53,54.0,0,1,2,4
DNR-07134,4,799.58,199.9,5.0,4,4,4,4
DNR-07135,7,48151.77,6878.82,229.0,0,0,2,6
DNR-07136,6,650.86,108.48,133.0,0,0,5,6
DNR-07137,2,13455.77,6727.88,1035.0,0,0,0,2
DNR-07138,4,528.1,132.02,103.0,0,0,1,4
DNR-07139,1,31.08,31.08,499.0,0,0,0,1
DNR-07140,6,4186.37,697.73,7.0,1,1,3,6
DNR-07141,8,733.33,91.67,10.0,1,4,8,8
DNR-07142,6,1023.76,170.63,259.0,0,0,1,6
DNR-07143,6,844.81,140.8,140.0,0,0,6,6
DNR-07144,7,544.1,77.73,104.0,0,0,4,6
DNR-07145,3,1521.67,507.22,667.0,0,0,0,3
DNR-07146,6,1469.67,244.95,67.0,0,1,2,6
DNR-07147,3,288.47,96.16,136.0,0,0,1,3
DNR-07148,4,357.61,89.4,42.0,0,2,4,4
DNR-07149,6,286.67,47.78,81.0,0,1,6,6
DNR-07150,8,1009.31,126.16,306.0,0,0,2,8
DNR-07151,2,440.23,220.12,303.0,0,0,1,2
DNR-07152,4,557.82,139.45,22.0,2,4,4,4
DNR-07153,5,700.05,140.01,3.0,1,4,5,4
DNR-07154,6,3101.08,516.85,213.0,0,0,3,5
DNR-07155,8,2316.25,289.53,61.0,0,2,6,8
DNR-07156,3,426.96,142.32,13.0,2,3,3,3
DNR-07157,2,4547.87,2273.94,81.0,0,1,1,2
DNR-07158,2,476.74,238.37,321.0,0,0,1,2
DNR-07159,7,1252.75,178.96,123.0,0,0,3,7
DNR-07160,8,410.67,51.33,4.0,5,8,8,8
DNR-07161,3,17051.33,5683.78,29.0,1,2,3,3
DNR-07162,3,159.56,53.19,33.0,0,1,2,3
DNR-07163,1,327.13,327.13,281.0,0,0,1,1
DNR-07164,9,1260.91,140.1,139.0,0,0,1,8
DNR-07165,5,2918.92,583.78,59.0,0,1,5,5
DNR-07166,4,20067.46,5016.86,97.0,0,0,2,4
DNR-07167,4,320.74,80.18,11.0,2,2,4,4
DNR-07168,6,273.57,45.6,44.0,0,2,6,6
DNR-07169,2,423.24,211.62,321.0,0,0,1,2
DNR-07170,4,2187.69,546.92,315.0,0,0,1,4
DNR-07171,5,681.93,136.39,155.0,0,0,2,5
DNR-07172,4,2215.66,553.92,69.0,0,1,2,4
DNR-07173,5,580.62,116.12,47.0,0,1,5,5
DNR-07174,4,691.9,172.98,86.0,0,1,2,4
DNR-07175,5,1897.23,379.45,98.0,0,0,4,4
DNR-07176,5,612.41,122.48,251.0,0,0,1,5
DNR-07177,4,954.42,238.6,1.0,2,4,4,4
DNR-07178,4,88347.03,22086.76,164.0,0,0,1,4
DNR-07179,2,130.21,65.1,566.0,0,0,0,2
DNR-07180,4,561.16,140.29,303.0,0,0,1,3
DNR-07181,2,68.16,34.08,98.0,0,0,2,2
DNR-07182,4,214.69,53.67,38.0,0,1,2,4
DNR-07183,4,1015.16,253.79,2.0,1,3,4,3
DNR-07184,6,2635.26,439.21,32.0,0,1,4,6
DNR-07185,2,189.54,94.77,77.0,0,1,1,2
DNR-07186,3,268.5,89.5,837.0,0,0,0,3
DNR-07187,3,16410.54,5470.18,288.0,0,0,1,3
DNR-07188,8,92259.45,11532.43,70.0,0,1,3,8
DNR-07189,6,1105.65,184.27,611.0,0,0,0,6
DNR-07190,4,2062.33,515.58,216.0,0,0,2,4
DNR-07191,4,845.34,211.33,18.0,1,2,3,4
DNR-07192,5,518.85,103.77,9.0,1,1,1,5
DNR-07193,5,900.56,180.11,364.0,0,0,1,5
DNR-07194,5,2290.19,458.04,51.0,0,1,2,5
DNR-07195,4,741.81,185.45,55.0,0,1,3,4
DNR-07196,7,867.97,124.0,5.0,1,1,1,7
DNR-07197,8,1190.83,148.85,55.0,0,1,1,8
DNR-07198,5,1098.79,219.76,463.0,0,0,0,5
DNR-07199,9,1385.83,153.98,271.0,0,0,4,8
DNR-07200,2,218.75,109.38,7.0,1,1,2,2
DNR-07201,4,873.96,218.49,26.0,1,1,2,4
DNR-07202,6,469.22,78.2,380.0,0,0,0,5
DNR-07203,8,2896.71,362.09,71.0,0,1,8,8
DNR-07204,3,43159.39,14386.46,480.0,0,0,0,3
DNR-07205,6,1378.36,229.73,33.0,0,1,3,6
DNR-07206,4,1851.52,462.88,244.0,0,0,1,4
DNR-07207,6,40592.21,6765.37,25.0,1,2,4,6
DNR-07208,2,304.72,152.36,168.0,0,0,1,2
DNR-07209,2,86.52,43.26,9.0,2,2,2,2
DNR-07210,4,939.92,234.98,249.0,0,0,1,4
DNR-07211,9,68429.46,7603.27,5.0,1,1,1,9
DNR-07212,3,277.15,92.38,169.0,0,0,2,3
DNR-07213,2,4281.3,2140.65,218.0,0,0,1,2
DNR-07214,4,443.23,110.81,372.0,0,0,0,4
DNR-07215,4,563.29,140.82,67.0,0,1,1,4
DNR-07216,5,263.72,52.74,224.0,0,0,1,5
DNR-07217,5,20249.72,4049.94,25.0,1,2,2,5
DNR-07218,5,244.5,48.9,15.0,1,2,5,5
DNR-07219,7,839.73,119.96,110.0,0,0,5,6
DNR-07220,3,13742.66,4580.89,1.0,1,3,3,2
DNR-07221,3,444.47,148.16,458.0,0,0,0,3
DNR-07222,5,541.66,108.33,114.0,0,0,2,5
DNR-07223,5,355.55,71.11,2.0,1,2,2,5
DNR-07224,6,1057.38,176.23,25.0,1,1,1,6
DNR-07225,7,2368.38,338.34,4.0,2,2,7,7
DNR-07226,6,3183.37,530.56,190.0,0,0,2,5
DNR-07227,7,529.28,75.61,43.0,0,2,7,7
DNR-07228,6,182039.22,30339.87,415.0,0,0,0,6
DNR-07229,4,940.64,235.16,216.0,0,0,1,4
DNR-07230,9,1671.66,185.74,5.0,1,2,8,9
DNR-07231,9,955.19,106.13,143.0,0,0,2,9
DNR-07232,4,883.36,220.84,16.0,1,1,3,4
DNR-07233,3,298.96,99.65,176.0,0,0,1,3
DNR-07234,7,2119.65,302.81,78.0,0,1,7,7
DNR-07235,6,2468.62,411.44,3.0,2,3,4,6
DNR-07236,7,5194.24,742.03,370.0,0,0,0,7
DNR-07237,5,746.38,149.28,217.0,0,0,1,5
DNR-07238,4,286.69,71.67,77.0,0,1,1,4
DNR-07239,7,4173.32,596.19,36.0,0,2,5,7
DNR-07240,3,2103.49,701.16,543.0,0,0,0,3
DNR-07241,3,26035.0,8678.33,123.0,0,0,1,3
DNR-07242,5,231.02,46.2,61.0,0,1,1,5
DNR-07243,9,1386.56,154.06,139.0,0,0,4,8
DNR-07244,5,2884.87,576.97,42.0,0,1,1,5
DNR-07245,5,630.99,126.2,391.0,0,0,0,5
DNR-07246,7,812.87,116.12,26.0,2,4,7,6
DNR-07247,4,14588.78,3647.2,304.0,0,0,1,4
DNR-07248,10,627.09,62.71,17.0,2,4,10,9
DNR-07249,5,433.09,86.62,7.0,2,2,3,5
DNR-07250,6,555.84,92.64,86.0,0,1,1,5
DNR-07251,8,383.84,47.98,24.0,1,1,4,8
DNR-07252,1,10582.92,10582.92,42.0,0,1,1,1
DNR-07253,2,1856.44,928.22,343.0,0,0,1,2
DNR-07254,2,447.82,223.91,34.0,0,1,2,2
DNR-07255,2,450.72,225.36,58.0,0,1,2,2
DNR-07256,5,4432.56,886.51,2.0,1,2,5,5
DNR-07257,6,653.4,108.9,114.0,0,0,4,6
DNR-07258,3,135.58,45.19,136.0,0,0,2,3
DNR-07259,7,100804.44,14400.63,234.0,0,0,2,7
DNR-07260,7,1091.48,155.93,130.0,0,0,4,7
DNR-07261,9,48104.88,5344.99,95.0,0,0,3,7
DNR-07262,2,123.08,61.54,491.0,0,0,0,2
DNR-07263,6,3054.87,509.14,45.0,0,3,6,6
DNR-07264,0,0.0,0.0,,0,0,0,0
DNR-07265,9,2409.44,267.72,49.0,0,2,8,8
DNR-07266,3,123.94,41.31,871.0,0,0,0,3
DNR-07267,3,208.58,69.53,8.0,1,3,3,3
DNR-07268,4,2241.4,560.35,78.0,0,1,3,4
DNR-07269,4,51882.93,12970.73,4.0,1,2,4,4
DNR-07270,6,2215.28,369.21,12.0,1,2,5,6
DNR-07271,6,203.2,33.87,77.0,0,1,6,6
DNR-07272,7,3240.51,462.93,6.0,1,2,7,7
DNR-07273,5,355.3,71.06,255.0,0,0,1,5
DNR-07274,5,24981.36,4996.27,17.0,1,2,2,4
DNR-07275,5,171219.65,34243.93,584.0,0,0,0,5
DNR-07276,2,794.63,397.32,113.0,0,0,2,2
DNR-07277,4,352.68,88.17,368.0,0,0,0,4
DNR-07278,3,161.9,53.97,15.0,1,3,3,3
DNR-07279,6,828.54,138.09,40.0,0,2,6,6
DNR-07280,6,143232.84,23872.14,13.0,1,1,3,5
DNR-07281,0,0.0,0.0,,0,0,0,0
DNR-07282,6,3120.13,520.02,79.0,0,1,2,6
DNR-07283,5,711.65,142.33,53.0,0,1,4,5
DNR-07284,5,2481.0,496.2,50.0,0,1,3,5
DNR-07285,6,1088.16,181.36,463.0,0,0,0,6
DNR-07286,5,913.63,182.73,23.0,1,1,1,5
DNR-07287,3,371.25,123.75,110.0,0,0,3,3
DNR-07288,4,321.24,80.31,82.0,0,1,3,4
DNR-07289,3,367.7,122.57,175.0,0,0,1,3
DNR-07290,6,314.3,52.38,36.0,0,2,4,6
DNR-07291,5,12313.49,2462.7,38.0,0,2,3,5
DNR-07292,2,404.21,202.1,344.0,0,0,1,2
DNR-07293,6,2600.63,433.44,64.0,0,2,5,6
DNR-07294,3,127.48,42.49,753.0,0,0,0,3
DNR-07295,2,1810.74,905.37,191.0,0,0,1,2
DNR-07296,6,559.65,93.28,102.0,0,0,2,6
DNR-07297,4,1660.08,415.02,19.0,2,2,4,4
DNR-07298,5,59345.48,11869.1,75.0,0,1,1,5
DNR-07299,1,25.06,25.06,209.0,0,0,1,1
DNR-07300,9,55302.97,6144.77,80.0,0,1,8,9
DNR-07301,5,1066.9,213.38,130.0,0,0,1,5
DNR-07302,3,1824.92,608.31,13.0,2,2,3,3
DNR-07303,6,1199.29,199.88,400.0,0,0,0,6
DNR-07304,4,538.86,134.72,340.0,0,0,1,4
DNR-07305,1,91.86,91.86,575.0,0,0,0,1
DNR-07306,5,238.35,47.67,240.0,0,0,4,5
DNR-07307,6,1678.98,279.83,2.0,1,1,2,6
DNR-07308,2,104.73,52.36,234.0,0,0,1,2
DNR-07309,5,384.91,76.98,176.0,0,0,3,5
DNR-07310,8,77218.95,9652.37,49.0,0,1,2,8
DNR-07311,8,4067.0,508.37,4.0,4,8,8,8
DNR-07312,2,254.95,127.48,14.0,1,1,2,2
DNR-07313,4,1131.56,282.89,73.0,0,2,2,4
DNR-07314,2,168.76,84.38,232.0,0,0,1,2
DNR-07315,1,63.67,63.67,134.0,0,0,1,1
DNR-07316,4,664.49,166.12,572.0,0,0,0,4
DNR-07317,4,655.76,163.94,265.0,0,0,1,4
DNR-07318,1,54.71,54.71,569.0,0,0,0,1
DNR-07319,3,218.3,72.77,257.0,0,0,1,3
DNR-07320,3,178.07,59.36,416.0,0,0,0,3
DNR-07321,3,584.6,194.87,357.0,0,0,1,3
DNR-07322,2,169.91,84.96,650.0,0,0,0,2
DNR-07323,3,520.98,173.66,9.0,1,2,3,3
DNR-07324,2,961.17,480.58,976.0,0,0,0,2
DNR-07325,2,2387.97,1193.99,240.0,0,0,1,2
DNR-07326,4,472.31,118.08,500.0,0,0,0,4
DNR-07327,0,0.0,0.0,,0,0,0,0
DNR-07328,5,283.91,56.78,72.0,0,1,5,4
DNR-07329,5,525.85,105.17,3.0,1,2,2,5
DNR-07330,5,329.09,65.82,476.0,0,0,0,5
DNR-07331,7,2175.53,310.79,61.0,0,1,5,6
DNR-07332,3,16545.87,5515.29,487.0,0,0,0,3
DNR-07333,5,2881.45,576.29,24.0,1,2,5,5
DNR-07334,1,388.55,388.55,385.0,0,0,0,1
DNR-07335,8,3846.38,480.8,92.0,0,0,3,8
DNR-07336,6,3338.0,556.33,3.0,1,3,6,6
DNR-07337,10,2048.23,204.82,153.0,0,0,4,10
DNR-07338,5,308.03,61.61,503.0,0,0,0,5
DNR-07339,4,857.62,214.4,76.0,0,1,3,4
DNR-07340,8,1949.99,243.75,109.0,0,0,2,8
DNR-07341,6,1401.91,233.65,97.0,0,0,3,6
DNR-07342,2,23114.05,11557.02,36.0,0,1,1,2
DNR-07343,2,1357.13,678.56,512.0,0,0,0,2
DNR-07344,3,343.09,114.36,48.0,0,1,1,3
DNR-07345,3,1241.56,413.85,32.0,0,1,1,3
DNR-07346,5,3564.08,712.82,12.0,1,3,5,5
DNR-07347,4,17047.13,4261.78,211.0,0,0,1,4
DNR-07348,3,233.96,77.99,400.0,0,0,0,3
DNR-07349,4,1743.5,435.88,22.0,1,3,4,4
DNR-07350,7,1438.26,205.47,15.0,2,5,7,7
DNR-07351,4,100656.17,25164.04,203.0,0,0,1,4
DNR-07352,1,81.33,81.33,1001.0,0,0,0,1
DNR-07353,6,526.39,87.73,96.0,0,0,3,6
DNR-07354,4,231.25,57.81,729.0,0,0,0,4
DNR-07355,6,1477.71,246.28,239.0,0,0,1,6
DNR-07356,5,363.97,72.79,37.0,0,1,2,5
DNR-07357,5,4236.98,847.4,32.0,0,2,5,5
DNR-07358,8,1698.26,212.28,103.0,0,0,3,8
DNR-07359,2,49898.84,24949.42,18.0,1,2,2,2
DNR-07360,2,9485.9,4742.95,9.0,1,1,2,2
DNR-07361,7,499.61,71.37,287.0,0,0,1,7
DNR-07362,7,1519.34,217.05,485.0,0,0,0,7
DNR-07363,3,1451.59,483.86,26.0,1,1,1,3
DNR-07364,3,2480.83,826.94,81.0,0,1,3,2
DNR-07365,2,64.91,32.46,361.0,0,0,1,2
DNR-07366,3,1011.81,337.27,163.0,0,0,2,2
DNR-07367,5,28941.81,5788.36,171.0,0,0,1,5
DNR-07368,6,308.52,51.42,40.0,0,3,4,6
DNR-07369,3,230.11,76.7,40.0,0,2,3,3
DNR-07370,2,295.04,147.52,643.0,0,0,0,2
DNR-07371,7,2852.22,407.46,245.0,0,0,2,7
DNR-07372,6,827.35,137.89,163.0,0,0,2,6
DNR-07373,6,3346.63,557.77,149.0,0,0,2,6
DNR-07374,5,1520.75,304.15,116.0,0,0,2,5
DNR-07375,5,271.43,54.29,244.0,0,0,2,5
DNR-07376,4,460.25,115.06,69.0,0,1,1,4
DNR-07377,6,1049.16,174.86,29.0,1,1,2,6
DNR-07378,6,608.94,101.49,103.0,0,0,2,6
DNR-07379,6,396.35,66.06,19.0,2,4,6,6
DNR-07380,5,33214.73,6642.95,51.0,0,3,5,5
DNR-07381,4,545.32,136.33,571.0,0,0,0,4
DNR-07382,5,742.53,148.51,25.0,1,2,3,5
DNR-07383,5,1623.01,324.6,173.0,0,0,1,5
DNR-07384,2,2645.44,1322.72,55.0,0,1,1,2
DNR-07385,6,1880.33,313.39,1.0,2,2,2,6
DNR-07386,6,653.29,108.88,179.0,0,0,1,5
DNR-07387,6,366.26,61.04,142.0,0,0,5,6
DNR-07388,2,117.81,58.9,176.0,0,0,2,1
DNR-07389,10,1561.37,156.14,0.0,3,5,10,10
DNR-07390,7,1729.47,247.07,47.0,0,1,7,7
DNR-07391,5,387.39,77.48,603.0,0,0,0,5
DNR-07392,5,1338.33,267.67,152.0,0,0,4,5
DNR-07393,2,54.41,27.2,48.0,0,1,2,2
DNR-07394,2,1196.32,598.16,917.0,0,0,0,2
DNR-07395,6,1536.55,256.09,44.0,0,1,3,6
DNR-07396,8,49055.56,6131.95,105.0,0,0,3,8
DNR-07397,3,222.72,74.24,102.0,0,0,3,3
DNR-07398,3,366.2,122.07,222.0,0,0,2,3
DNR-07399,5,2867.87,573.57,43.0,0,2,5,5
DNR-07400,8,1272.82,159.1,17.0,3,6,8,8
DNR-07401,4,1759.34,439.84,711.0,0,0,0,4
DNR-07402,4,565.64,141.41,70.0,0,2,4,4
DNR-07403,6,35770.08,5961.68,144.0,0,0,1,6
DNR-07404,5,491.57,98.31,139.0,0,0,4,5
DNR-07405,3,2369.78,789.93,114.0,0,0,3,3
DNR-07406,5,2009.58,401.92,1.0,2,5,5,5
DNR-07407,4,787.52,196.88,406.0,0,0,0,4
DNR-07408,5,1134.63,226.93,146.0,0,0,2,5
DNR-07409,6,429.32,71.55,688.0,0,0,0,6
DNR-07410,6,1468.77,244.8,73.0,0,1,2,6
DNR-07411,5,589.63,117.93,219.0,0,0,4,5
DNR-07412,3,250.52,83.51,10.0,1,3,3,3
DNR-07413,8,41514.44,5189.3,69.0,0,2,4,8
DNR-07414,2,197.39,98.7,1190.0,0,0,0,2
DNR-07415,6,3645.08,607.51,96.0,0,0,2,6
DNR-07416,3,344.34,114.78,1188.0,0,0,0,3
DNR-07417,4,341.6,85.4,40.0,0,1,2,4
DNR-07418,2,176.09,88.04,406.0,0,0,0,2
DNR-07419,7,2959.48,422.78,59.0,0,3,7,6
DNR-07420,6,2284.46,380.74,22.0,1,1,2,6
DNR-07421,6,349.99,58.33,28.0,1,1,3,5
DNR-07422,7,1209.45,172.78,136.0,0,0,3,7
DNR-07423,9,2215.73,246.19,129.0,0,0,1,9
DNR-07424,5,432.24,86.45,444.0,0,0,0,5
DNR-07425,6,2685.37,447.56,118.0,0,0,2,5
DNR-07426,3,228.79,76.26,542.0,0,0,0,3
DNR-07427,4,444.74,111.18,96.0,0,0,2,4
DNR-07428,3,605.35,201.78,16.0,2,3,3,3
DNR-07429,3,810.18,270.06,322.0,0,0,1,3
DNR-07430,5,336.28,67.26,110.0,0,0,4,5
DNR-07431,5,442.85,88.57,966.0,0,0,0,5
DNR-07432,6,411.07,68.51,38.0,0,1,6,6
DNR-07433,5,4137.25,827.45,28.0,1,2,3,5
DNR-07434,3,468.54,156.18,142.0,0,0,3,3
DNR-07435,2,51.16,25.58,210.0,0,0,1,2
DNR-07436,1,32.43,32.43,713.0,0,0,0,1
DNR-07437,5,1090.12,218.02,478.0,0,0,0,5
DNR-07438,4,483.92,120.98,89.0,0,1,1,4
DNR-07439,4,1063.82,265.96,7.0,1,1,2,4
DNR-07440,6,850.82,141.8,21.0,1,3,6,6
DNR-07441,5,372.22,74.44,428.0,0,0,0,5
DNR-07442,2,203.88,101.94,23.0,1,2,2,2
DNR-07443,5,1827.57,365.51,684.0,0,0,0,5
DNR-07444,7,434.49,62.07,75.0,0,1,2,7
DNR-07445,2,87.43,43.72,119.0,0,0,1,2
DNR-07446,4,1434.78,358.7,846.0,0,0,0,4
DNR-07447,7,747.98,106.85,60.0,0,3,7,6
DNR-07448,5,500.02,100.0,37.0,0,2,5,5
DNR-07449,4,378.06,94.52,352.0,0,0,1,4
DNR-07450,3,1292.95,430.98,118.0,0,0,2,3
DNR-07451,2,736.65,368.32,135.0,0,0,2,2
DNR-07452,4,39881.26,9970.32,21.0,1,2,4,4
DNR-07453,8,375.66,46.96,100.0,0,0,8,7
DNR-07454,8,2537.94,317.24,131.0,0,0,3,8
DNR-07455,5,2125.05,425.01,19.0,1,1,2,5
DNR-07456,2,140.5,70.25,550.0,0,0,0,2
DNR-07457,4,588.65,147.16,23.0,1,1,1,4
DNR-07458,4,872.14,218.04,247.0,0,0,1,4
DNR-07459,8,29163.56,3645.44,162.0,0,0,2,8
DNR-07460,4,852.74,213.18,148.0,0,0,2,4
DNR-07461,4,566.63,141.66,303.0,0,0,1,4
DNR-07462,7,4916.59,702.37,212.0,0,0,2,7
DNR-07463,9,1414.82,157.2,21.0,2,4,9,9
DNR-07464,8,1299.58,162.45,228.0,0,0,3,7
DNR-07465,3,520.22,173.41,159.0,0,0,2,3
DNR-07466,4,2310.56,577.64,398.0,0,0,0,4
DNR-07467,6,943.41,157.23,271.0,0,0,4,6
DNR-07468,9,597.73,66.41,45.0,0,2,3,9
DNR-07469,10,5167.81,516.78,54.0,0,4,10,10
DNR-07470,5,971.17,194.23,5.0,1,5,5,5
DNR-07471,6,2342.79,390.46,78.0,0,1,1,6
DNR-07472,6,644.03,107.34,44.0,0,3,6,6
DNR-07473,6,1414.15,235.69,419.0,0,0,0,6
DNR-07474,6,2437.79,406.3,323.0,0,0,1,6
DNR-07475,5,2617.91,523.58,49.0,0,4,5,4
DNR-07476,3,564.09,188.03,12.0,1,2,3,3
DNR-07477,8,113404.92,14175.62,24.0,1,1,8,8
DNR-07478,5,1686.71,337.34,161.0,0,0,1,5
DNR-07479,1,66.36,66.36,1000.0,0,0,0,1
DNR-07480,7,2099.41,299.92,353.0,0,0,1,7
DNR-07481,9,1880.67,208.96,16.0,3,3,9,9
DNR-07482,3,175.99,58.66,3.0,1,1,1,3
DNR-07483,2,180.14,90.07,240.0,0,0,1,2
DNR-07484,5,127613.23,25522.65,1.0,1,1,3,5
DNR-07485,1,43.21,43.21,950.0,0,0,0,1
DNR-07486,2,367.73,183.86,122.0,0,0,1,2
DNR-07487,6,712.38,118.73,571.0,0,0,0,6
DNR-07488,7,1051.42,150.2,32.0,0,1,2,7
DNR-07489,5,3010.26,602.05,200.0,0,0,2,5
DNR-07490,3,160.5,53.5,18.0,1,2,2,3
DNR-07491,0,0.0,0.0,,0,0,0,0
DNR-07492,4,110903.97,27725.99,32.0,0,1,2,4
DNR-07493,2,34161.81,17080.9,34.0,0,1,2,2
DNR-07494,3,133.77,44.59,339.0,0,0,1,3
DNR-07495,3,168.51,56.17,391.0,0,0,0,3
DNR-07496,8,42588.64,5323.58,279.0,0,0,1,8
DNR-07497,5,621.26,124.25,113.0,0,0,5,5
DNR-07498,5,490.28,98.06,237.0,0,0,3,5
DNR-07499,9,1227.15,136.35,34.0,0,1,3,8
DNR-07500,7,972.28,138.9,1.0,1,2,5,7
DNR-07501,6,757.1,126.18,84.0,0,1,6,6
DNR-07502,6,1016.46,169.41,71.0,0,1,4,6
DNR-07503,2,69.13,34.56,24.0,1,1,2,2
DNR-07504,4,304.84,76.21,197.0,0,0,1,4
DNR-07505,8,3514.21,439.28,48.0,0,1,3,7
DNR-07506,8,559.09,69.89,305.0,0,0,3,8
DNR-07507,6,367.49,61.25,18.0,1,6,6,6
DNR-07508,7,472.2,67.46,138.0,0,0,3,6
DNR-07509,10,3929.91,392.99,48.0,0,2,6,9
DNR-07510,4,301.34,75.34,205.0,0,0,2,4
DNR-07511,6,97625.27,16270.88,25.0,1,6,6,6
DNR-07512,5,411.1,82.22,3.0,3,5,5,5
DNR-07513,5,1706.43,341.29,19.0,2,4,5,5
DNR-07514,6,786.06,131.01,18.0,1,3,6,6
DNR-07515,5,495.92,99.18,2.0,2,5,5,5
DNR-07516,3,501.24,167.08,377.0,0,0,0,3
DNR-07517,5,780.2,156.04,208.0,0,0,3,5
DNR-07518,2,6730.94,3365.47,256.0,0,0,1,2
DNR-07519,4,21148.84,5287.21,148.0,0,0,3,4
DNR-07520,2,202.05,101.02,99.0,0,0,1,2
DNR-07521,6,278.79,46.46,79.0,0,2,4,6
DNR-07522,4,2701.62,675.4,196.0,0,0,2,3
DNR-07523,3,140.45,46.82,131.0,0,0,1,3
DNR-07524,2,98.43,49.22,519.0,0,0,0,2
DNR-07525,8,739.15,92.39,333.0,0,0,2,8
DNR-07526,1,77.29,77.29,1199.0,0,0,0,1
DNR-07527,3,1645.61,548.54,66.0,0,1,2,3
DNR-07528,4,2511.75,627.94,305.0,0,0,1,4
DNR-07529,4,585.69,146.42,100.0,0,0,2,4
DNR-07530,7,745.34,106.48,198.0,0,0,1,7
DNR-07531,8,378.19,47.27,3.0,1,1,8,8
DNR-07532,8,1817.29,227.16,116.0,0,0,2,8
DNR-07533,3,1772.19,590.73,208.0,0,0,1,3
DNR-07534,3,38966.55,12988.85,41.0,0,1,3,3
DNR-07535,6,531.14,88.52,20.0,2,4,6,6
DNR-07536,7,1551.04,221.58,75.0,0,2,7,7
DNR-07537,11,2349.09,213.55,114.0,0,0,8,11
DNR-07538,3,318.87,106.29,61.0,0,3,3,3
DNR-07539,5,589.17,117.83,264.0,0,0,1,5
DNR-07540,7,2114.71,302.1,327.0,0,0,2,7
DNR-07541,5,2332.36,466.47,108.0,0,0,4,5
DNR-07542,4,1577.12,394.28,250.0,0,0,2,4
DNR-07543,8,725.45,90.68,8.0,1,2,8,8
DNR-07544,5,335.32,67.06,319.0,0,0,1,4
DNR-07545,4,1142.31,285.58,167.0,0,0,1,4
DNR-07546,5,2885.7,577.14,16.0,1,1,2,5
DNR-07547,4,37626.73,9406.68,56.0,0,1,4,4
DNR-07548,3,1070.08,356.69,141.0,0,0,2,3
DNR-07549,3,329.18,109.73,237.0,0,0,1,3
DNR-07550,5,666.43,133.29,679.0,0,0,0,5
DNR-07551,6,827.65,137.94,1.0,4,6,6,6
DNR-07552,5,1077.81,215.56,85.0,0,1,4,5
DNR-07553,6,32571.22,5428.54,10.0,2,3,6,6
DNR-07554,5,654.7,130.94,245.0,0,0,2,5
DNR-07555,4,128.77,32.19,273.0,0,0,1,4
DNR-07556,1,46.9,46.9,143.0,0,0,1,1
DNR-07557,6,2396.24,399.37,16.0,1,1,1,6
DNR-07558,8,1161.5,145.19,273.0,0,0,2,8
DNR-07559,5,1489.84,297.97,181.0,0,0,1,5
DNR-07560,5,2043.02,408.6,82.0,0,1,5,5
DNR-07561,7,622.55,88.94,275.0,0,0,3,7
DNR-07562,5,646.06,129.21,251.0,0,0,2,5
DNR-07563,9,36600.4,4066.71,131.0,0,0,4,8
DNR-07564,2,193.1,96.55,194.0,0,0,1,2
DNR-07565,2,103.41,51.7,1173.0,0,0,0,2
DNR-07566,0,0.0,0.0,,0,0,0,0
DNR-07567,3,1370.82,456.94,119.0,0,0,2,3
DNR-07568,3,1890.48,630.16,621.0,0,0,0,3
DNR-07569,6,735.7,122.62,113.0,0,0,3,6
DNR-07570,6,1215.44,202.57,43.0,0,1,6,6
DNR-07571,7,1515.18,216.45,132.0,0,0,3,7
DNR-07572,11,6792.82,617.53,4.0,5,6,11,11
DNR-07573,3,381.51,127.17,380.0,0,0,0,3
DNR-07574,5,21430.65,4286.13,256.0,0,0,1,5
DNR-07575,3,448.19,149.4,671.0,0,0,0,3
DNR-07576,4,1304.78,326.2,129.0,0,0,1,4
DNR-07577,8,915.75,114.47,14.0,1,3,8,8
DNR-07578,5,5801.18,1160.24,87.0,0,1,5,5
DNR-07579,5,2261.61,452.32,172.0,0,0,1,5
DNR-07580,3,166.56,55.52,43.0,0,1,3,3
DNR-07581,4,53283.36,13320.84,96.0,0,0,3,4
DNR-07582,4,151.76,37.94,37.0,0,3,4,4
DNR-07583,3,854.75,284.92,175.0,0,0,2,3
DNR-07584,3,548.06,182.69,156.0,0,0,1,3
DNR-07585,8,3407.63,425.95,214.0,0,0,3,8
DNR-07586,6,2032.51,338.75,33.0,0,1,6,5
DNR-07587,4,2519.89,629.97,5.0,1,3,4,4
DNR-07588,4,233.85,58.46,147.0,0,0,1,4
DNR-07589,2,160.07,80.04,1062.0,0,0,0,2
DNR-07590,6,491.69,81.95,123.0,0,0,1,5
DNR-07591,2,119.74,59.87,650.0,0,0,0,2
DNR-07592,3,1571.63,523.88,116.0,0,0,3,3
DNR-07593,3,789.5,263.17,22.0,1,1,1,3
DNR-07594,4,457.07,114.27,184.0,0,0,2,4
DNR-07595,4,2414.87,603.72,87.0,0,1,4,4
DNR-07596,5,2357.8,471.56,43.0,0,3,5,5
DNR-07597,3,2731.84,910.61,279.0,0,0,1,3
DNR-07598,9,458.4,50.93,171.0,0,0,4,9
DNR-07599,4,609.24,152.31,828.0,0,0,0,3
DNR-07600,7,2483.84,354.83,3.0,4,7,7,7
DNR-07601,5,30045.97,6009.19,73.0,0,1,4,5
DNR-07602,4,2839.8,709.95,10.0,1,1,2,4
DNR-07603,6,324.42,54.07,18.0,1,5,6,6
DNR-07604,8,805.25,100.66,164.0,0,0,3,8
DNR-07605,3,142.18,47.39,243.0,0,0,1,3
DNR-07606,6,29907.2,4984.53,54.0,0,4,6,6
DNR-07607,5,342.95,68.59,366.0,0,0,0,5
DNR-07608,6,3020.94,503.49,147.0,0,0,1,6
DNR-07609,4,207.14,51.78,122.0,0,0,3,4
DNR-07610,4,38559.35,9639.84,402.0,0,0,0,4
DNR-07611,4,1685.16,421.29,39.0,0,1,4,4
DNR-07612,2,16024.6,8012.3,8.0,1,1,1,2
DNR-07613,8,804.77,100.6,200.0,0,0,2,8
DNR-07614,11,3501.45,318.31,54.0,0,2,5,11
DNR-07615,5,19586.11,3917.22,216.0,0,0,1,5
DNR-07616,4,97.4,24.35,51.0,0,1,1,4
DNR-07617,1,1067.21,1067.21,167.0,0,0,1,1
DNR-07618,4,431.66,107.92,28.0,1,2,4,4
DNR-07619,3,729.17,243.06,218.0,0,0,1,3
DNR-07620,4,1468.77,367.19,1.0,1,1,3,4
DNR-07621,8,934.78,116.85,225.0,0,0,2,8
DNR-07622,5,3311.48,662.3,326.0,0,0,1,5
DNR-07623,5,904.11,180.82,252.0,0,0,1,5
DNR-07624,8,1894.76,236.85,61.0,0,1,5,8
DNR-07625,5,20827.23,4165.45,190.0,0,0,2,5
DNR-07626,7,435.78,62.25,69.0,0,1,5,7
DNR-07627,5,263.48,52.7,49.0,0,1,3,5
DNR-07628,3,179.06,59.69,83.0,0,1,3,3
DNR-07629,8,119541.4,14942.68,19.0,1,2,8,8
DNR-07630,7,1323.87,189.12,433.0,0,0,0,7
DNR-07631,3,2159.65,719.88,939.0,0,0,0,3
DNR-07632,3,222.62,74.21,46.0,0,3,3,3
DNR-07633,6,786.4,131.07,51.0,0,3,6,6
DNR-07634,1,212.65,212.65,12.0,1,1,1,1
DNR-07635,3,623.56,207.85,6.0,2,3,3,3
DNR-07636,4,289.57,72.39,299.0,0,0,1,4
DNR-07637,3,178.84,59.61,14.0,2,3,3,3
DNR-07638,8,794.25,99.28,60.0,0,2,7,7
DNR-07639,10,960.45,96.04,67.0,0,2,8,10
DNR-07640,7,39701.9,5671.7,51.0,0,1,2,6
DNR-07641,7,745.79,106.54,10.0,1,1,4,7
DNR-07642,5,2408.28,481.66,124.0,0,0,3,5
DNR-07643,5,2261.56,452.31,22.0,1,5,5,5
DNR-07644,4,3340.05,835.01,1.0,1,1,2,4
DNR-07645,7,2588.8,369.83,10.0,1,1,6,7
DNR-07646,5,28319.54,5663.91,97.0,0,0,1,5
DNR-07647,9,1010.87,112.32,48.0,0,1,3,9
DNR-07648,6,43410.09,7235.02,158.0,0,0,2,6
DNR-07649,4,338.53,84.63,530.0,0,0,0,4
DNR-07650,9,2340.75,260.08,255.0,0,0,1,7
DNR-07651,8,3041.45,380.18,41.0,0,2,7,7
DNR-07652,4,172.18,43.04,410.0,0,0,0,4
DNR-07653,3,694.7,231.57,651.0,0,0,0,3
DNR-07654,3,333.1,111.03,243.0,0,0,1,3
DNR-07655,8,2454.62,306.83,536.0,0,0,0,8
DNR-07656,6,31187.25,5197.88,120.0,0,0,4,6
DNR-07657,10,1232.72,123.27,140.0,0,0,3,10
DNR-07658,6,2035.09,339.18,102.0,0,0,2,6
DNR-07659,3,2235.31,745.1,152.0,0,0,1,3
DNR-07660,2,337.42,168.71,954.0,0,0,0,2
DNR-07661,5,243.09,48.62,53.0,0,2,3,5
DNR-07662,9,60958.24,6773.14,42.0,0,3,9,8
DNR-07663,5,1096.93,219.39,11.0,1,1,2,5
DNR-07664,9,1012.9,112.54,31.0,0,2,8,8
DNR-07665,4,2779.89,694.97,335.0,0,0,1,4
DNR-07666,3,1329.46,443.15,5.0,1,1,3,3
DNR-07667,2,129.03,64.52,144.0,0,0,1,2
DNR-07668,4,219.51,54.88,15.0,4,4,4,4
DNR-07669,5,2533.39,506.68,132.0,0,0,1,5
DNR-07670,4,815.84,203.96,508.0,0,0,0,4
DNR-07671,4,767.79,191.95,32.0,0,1,1,4
DNR-07672,7,3230.72,461.53,14.0,2,3,7,7
DNR-07673,5,2211.72,442.34,53.0,0,1,5,5
DNR-07674,3,279.29,93.1,8.0,2,3,3,3
DNR-07675,6,1484.97,247.5,59.0,0,1,1,6
DNR-07676,4,263.17,65.79,783.0,0,0,0,4
DNR-07677,5,255.95,51.19,177.0,0,0,1,4
DNR-07678,2,492.89,246.44,261.0,0,0,2,2
DNR-07679,4,23620.73,5905.18,408.0,0,0,0,4
DNR-07680,5,2275.0,455.0,473.0,0,0,0,5
DNR-07681,1,234.91,234.91,33.0,0,1,1,1
DNR-07682,4,263.62,65.9,102.0,0,0,2,4
DNR-07683,5,358.09,71.62,93.0,0,0,5,5
DNR-07684,4,3409.87,852.47,15.0,1,2,4,3
DNR-07685,7,3460.84,494.41,68.0,0,1,4,6
DNR-07686,5,477.43,95.49,193.0,0,0,5,5
DNR-07687,6,432.39,72.06,15.0,1,2,6,6
DNR-07688,6,449.02,74.84,321.0,0,0,1,6
DNR-07689,4,248.28,62.07,214.0,0,0,2,4
DNR-07690,4,208.06,52.02,138.0,0,0,2,3
DNR-07691,7,1474.19,210.6,201.0,0,0,1,7
DNR-07692,4,321.44,80.36,166.0,0,0,3,4
DNR-07693,5,787.45,157.49,102.0,0,0,3,5
DNR-07694,5,2853.88,570.78,74.0,0,1,4,5
DNR-07695,2,10818.19,5409.1,249.0,0,0,1,2
DNR-07696,5,2196.18,439.24,5.0,1,3,5,5
DNR-07697,7,171949.92,24564.27,469.0,0,0,0,7
DNR-07698,2,263.97,131.99,639.0,0,0,0,2
DNR-07699,5,937.93,187.59,210.0,0,0,2,5
DNR-07700,3,303.7,101.23,112.0,0,0,3,3
DNR-07701,7,28603.76,4086.25,358.0,0,0,1,7
DNR-07702,9,2531.14,281.24,64.0,0,1,2,8
DNR-07703,9,3151.42,350.16,130.0,0,0,1,8
DNR-07704,5,931.31,186.26,210.0,0,0,2,5
DNR-07705,7,2461.77,351.68,141.0,0,0,3,6
DNR-07706,6,1543.87,257.31,163.0,0,0,1,6
DNR-07707,5,446.3,89.26,54.0,0,2,3,5
DNR-07708,3,306.89,102.3,205.0,0,0,3,3
DNR-07709,5,36402.45,7280.49,128.0,0,0,3,5
DNR-07710,6,1774.31,295.72,14.0,1,1,4,6
DNR-07711,8,107609.2,13451.15,143.0,0,0,2,8
DNR-07712,3,19393.47,6464.49,278.0,0,0,1,3
DNR-07713,4,896.17,224.04,20.0,1,2,2,4
DNR-07714,7,30374.03,4339.15,28.0,1,1,3,7
DNR-07715,4,335.39,83.85,66.0,0,1,1,4
DNR-07716,10,2044.82,204.48,18.0,1,1,5,9
DNR-07717,6,636.08,106.01,66.0,0,1,3,6
DNR-07718,6,2868.91,478.15,521.0,0,0,0,6
DNR-07719,10,1514.06,151.41,96.0,0,0,2,10
DNR-07720,6,1587.99,264.67,68.0,0,1,2,6
DNR-07721,5,1036.76,207.35,0.0,1,3,5,5
DNR-07722,8,823.2,102.9,293.0,0,0,1,8
DNR-07723,10,3431.34,343.13,0.0,10,10,10,10
DNR-07724,1,32.9,32.9,158.0,0,0,1,1
DNR-07725,9,196729.46,21858.83,51.0,0,1,3,8
DNR-07726,6,1592.0,265.33,206.0,0,0,1,6
DNR-07727,6,333.24,55.54,39.0,0,1,3,6
DNR-07728,5,777.35,155.47,59.0,0,2,2,4
DNR-07729,5,605.47,121.09,195.0,0,0,3,5
DNR-07730,2,2242.53,1121.27,288.0,0,0,1,2
DNR-07731,2,2041.49,1020.74,34.0,0,1,2,2
DNR-07732,3,140.0,46.67,646.0,0,0,0,3
DNR-07733,7,2492.3,356.04,202.0,0,0,1,7
DNR-07734,2,9562.98,4781.49,433.0,0,0,0,2
DNR-07735,4,2584.11,646.03,5.0,3,4,4,4
DNR-07736,8,3079.73,384.97,109.0,0,0,8,8
DNR-07737,7,813.73,116.25,78.0,0,1,2,7
DNR-07738,8,41802.26,5225.28,28.0,1,1,4,8
DNR-07739,5,2106.35,421.27,402.0,0,0,0,5
DNR-07740,6,797.57,132.93,0.0,1,1,1,6
DNR-07741,2,116.29,58.14,307.0,0,0,1,2
DNR-07742,5,889.92,177.98,68.0,0,1,1,5
DNR-07743,4,1283.15,320.79,169.0,0,0,4,4
DNR-07744,6,1304.91,217.48,49.0,0,2,6,6
DNR-07745,7,3006.33,429.48,16.0,1,3,7,7
DNR-07746,3,579.06,193.02,165.0,0,0,3,3
DNR-07747,1,86.47,86.47,29.0,1,1,1,1
DNR-07748,3,3600.27,1200.09,5.0,1,1,3,3
DNR-07749,2,248.04,124.02,112.0,0,0,1,2
DNR-07750,1,51.23,51.23,466.0,0,0,0,1
DNR-07751,6,26062.76,4343.79,15.0,4,6,6,6
DNR-07752,7,471.57,67.37,441.0,0,0,0,7
DNR-07753,7,4388.65,626.95,0.0,1,1,7,7
DNR-07754,6,2795.43,465.9,84.0,0,1,5,6
DNR-07755,9,4401.46,489.05,5.0,2,4,9,9
DNR-07756,7,897.68,128.24,57.0,0,2,7,6
DNR-07757,2,2433.95,1216.98,515.0,0,0,0,2
DNR-07758,6,676.36,112.73,63.0,0,1,3,6
DNR-07759,6,437.56,72.93,68.0,0,1,1,6
DNR-07760,3,11750.97,3916.99,320.0,0,0,1,3
DNR-07761,4,575.83,143.96,26.0,1,2,4,4
DNR-07762,5,792.01,158.4,296.0,0,0,1,5
DNR-07763,4,1147.22,286.8,131.0,0,0,3,4
DNR-07764,6,676.34,112.72,23.0,1,3,6,6
DNR-07765,7,405.43,57.92,75.0,0,1,2,7
DNR-07766,7,4310.34,615.76,216.0,0,0,4,7
DNR-07767,3,2138.4,712.8,122.0,0,0,2,3
DNR-07768,11,1238.32,112.57,123.0,0,0,3,11
DNR-07769,3,23489.02,7829.67,286.0,0,0,1,3
DNR-07770,8,1107.17,138.4,229.0,0,0,3,8
DNR-07771,2,99.54,49.77,74.0,0,1,1,2
DNR-07772,4,2032.41,508.1,390.0,0,0,0,4
DNR-07773,6,1911.4,318.57,48.0,0,3,6,6
DNR-07774,7,1087.0,155.29,25.0,1,2,7,7
DNR-07775,3,51206.75,17068.92,152.0,0,0,1,3
DNR-07776,4,455.8,113.95,215.0,0,0,1,4
DNR-07777,6,708.98,118.16,232.0,0,0,2,5
DNR-07778,5,771.97,154.39,8.0,1,1,3,5
DNR-07779,9,246133.43,27348.16,24.0,1,2,9,9
DNR-07780,8,847.98,106.0,83.0,0,1,8,7
DNR-07781,6,1090.74,181.79,137.0,0,0,4,6
DNR-07782,4,769.7,192.42,417.0,0,0,0,4
DNR-07783,3,146.08,48.69,419.0,0,0,0,3
DNR-07784,8,1465.18,183.15,22.0,1,1,5,8
DNR-07785,4,2500.9,625.22,25.0,1,1,2,4
DNR-07786,7,813.17,116.17,112.0,0,0,5,7
DNR-07787,5,616.26,123.25,60.0,0,1,2,5
DNR-07788,3,367.94,122.65,35.0,0,1,2,3
DNR-07789,0,0.0,0.0,,0,0,0,0
DNR-07790,6,1328.55,221.43,143.0,0,0,1,6
DNR-07791,8,3873.98,484.25,84.0,0,1,2,7
DNR-07792,7,1471.51,210.22,89.0,0,1,3,7
DNR-07793,3,121.61,40.54,116.0,0,0,1,3
DNR-07794,2,189.54,94.77,23.0,1,1,2,2
DNR-07795,7,298.25,42.61,137.0,0,0,2,7
DNR-07796,5,2136.13,427.23,59.0,0,1,5,4
DNR-07797,4,143325.69,35831.42,3.0,1,1,4,4
DNR-07798,4,628.4,157.1,71.0,0,1,2,4
DNR-07799,7,1767.11,252.44,63.0,0,2,5,6
DNR-07800,6,1074.94,179.16,33.0,0,1,1,6
DNR-07801,5,755.4,151.08,359.0,0,0,1,5
DNR-07802,3,505.54,168.51,395.0,0,0,0,3
DNR-07803,3,214.19,71.4,312.0,0,0,1,3
DNR-07804,3,882.32,294.11,64.0,0,1,1,3
DNR-07805,2,433.02,216.51,170.0,0,0,1,2
DNR-07806,7,764.91,109.27,2.0,4,7,7,7
DNR-07807,4,370.66,92.66,329.0,0,0,1,4
DNR-07808,2,505.4,252.7,222.0,0,0,1,2
DNR-07809,3,172.85,57.62,30.0,1,1,1,3
DNR-07810,6,382.47,63.74,26.0,1,1,6,6
DNR-07811,2,136.4,68.2,1102.0,0,0,0,2
DNR-07812,8,2376.09,297.01,9.0,1,1,4,8
DNR-07813,7,566.29,80.9,951.0,0,0,0,6
DNR-07814,8,4450.18,556.27,158.0,0,0,6,7
DNR-07815,2,10053.49,5026.74,296.0,0,0,1,2
DNR-07816,5,544.46,108.89,50.0,0,1,1,5
DNR-07817,2,279.92,139.96,7.0,1,1,2,2
DNR-07818,5,710.23,142.05,37.0,0,1,5,5
DNR-07819,5,524.27,104.85,68.0,0,1,1,5
DNR-07820,4,1594.18,398.54,240.0,0,0,1,4
DNR-07821,3,504.78,168.26,141.0,0,0,2,3
DNR-07822,3,471.17,157.06,226.0,0,0,2,3
DNR-07823,5,2271.58,454.32,124.0,0,0,4,5
DNR-07824,1,7077.79,7077.79,805.0,0,0,0,1
DNR-07825,9,209879.91,23319.99,87.0,0,1,4,8
DNR-07826,1,28.54,28.54,344.0,0,0,1,1
DNR-07827,7,650.87,92.98,53.0,0,2,7,7
DNR-07828,3,442.19,147.4,262.0,0,0,1,3
DNR-07829,4,365.46,91.36,163.0,0,0,3,4
DNR-07830,4,1881.66,470.42,4.0,1,2,4,3
DNR-07831,4,541.73,135.43,148.0,0,0,2,4
DNR-07832,2,31865.52,15932.76,903.0,0,0,0,2
DNR-07833,8,118594.83,14824.35,95.0,0,0,2,8
DNR-07834,6,1602.62,267.1,51.0,0,4,6,6
DNR-07835,7,2122.9,303.27,2.0,2,4,7,7
DNR-07836,4,152.19,38.05,277.0,0,0,1,4
DNR-07837,11,58001.25,5272.84,37.0,0,1,4,10
DNR-07838,5,2981.23,596.25,16.0,1,1,2,5
DNR-07839,7,1700.72,242.96,65.0,0,2,3,7
DNR-07840,5,205.73,41.15,85.0,0,1,1,4
DNR-07841,7,1877.57,268.22,23.0,1,2,5,7
DNR-07842,7,103091.14,14727.31,58.0,0,2,2,6
DNR-07843,5,354.94,70.99,2.0,1,1,2,5
DNR-07844,6,662.18,110.36,0.0,1,2,4,6
DNR-07845,4,603.32,150.83,0.0,4,4,4,4
DNR-07846,7,50468.98,7209.85,17.0,1,2,7,6
DNR-07847,5,774.33,154.87,523.0,0,0,0,5
DNR-07848,7,1671.8,238.83,89.0,0,1,2,6
DNR-07849,5,610.22,122.04,79.0,0,1,2,5
DNR-07850,0,0.0,0.0,,0,0,0,0
DNR-07851,4,66908.4,16727.1,46.0,0,2,4,4
DNR-07852,8,3327.03,415.88,28.0,1,2,4,8
DNR-07853,7,1883.89,269.13,62.0,0,2,2,6
DNR-07854,5,834.0,166.8,74.0,0,1,5,4
DNR-07855,7,5930.15,847.16,171.0,0,0,1,7
DNR-07856,6,3421.68,570.28,47.0,0,2,2,6
DNR-07857,4,562.77,140.69,341.0,0,0,2,4
DNR-07858,5,178539.34,35707.87,139.0,0,0,1,5
DNR-07859,6,1175.7,195.95,166.0,0,0,2,6
DNR-07860,9,3171.18,352.35,7.0,4,7,9,9
DNR-07861,1,1720.27,1720.27,303.0,0,0,1,1
DNR-07862,4,3115.57,778.89,167.0,0,0,2,4
DNR-07863,9,3454.39,383.82,164.0,0,0,4,8
DNR-07864,5,4180.53,836.11,118.0,0,0,2,4
DNR-07865,3,216.72,72.24,236.0,0,0,1,3
DNR-07866,8,977.52,122.19,16.0,1,2,4,8
DNR-07867,6,793.87,132.31,13.0,2,4,6,6
DNR-07868,4,219.66,54.92,191.0,0,0,4,4
DNR-07869,2,519.83,259.92,294.0,0,0,1,2
DNR-07870,5,485.96,97.19,553.0,0,0,0,4
DNR-07871,1,152.75,152.75,703.0,0,0,0,1
DNR-07872,10,2093.24,209.32,24.0,1,1,6,10
DNR-07873,4,384.91,96.23,78.0,0,1,3,4
DNR-07874,2,270.28,135.14,203.0,0,0,2,2
DNR-07875,4,843.75,210.94,65.0,0,1,2,4
DNR-07876,2,112.11,56.06,592.0,0,0,0,2
DNR-07877,2,167.01,83.5,162.0,0,0,1,2
DNR-07878,9,3130.71,347.86,7.0,1,3,9,9
DNR-07879,7,522.56,74.65,56.0,0,1,3,7
DNR-07880,5,561.86,112.37,17.0,1,1,2,5
DNR-07881,10,1548.13,154.81,2.0,3,10,10,9
DNR-07882,6,2023.66,337.28,16.0,3,4,6,6
DNR-07883,3,11998.81,3999.6,38.0,0,3,3,3
DNR-07884,4,1568.84,392.21,19.0,1,1,1,4
DNR-07885,5,4184.42,836.88,175.0,0,0,2,5
DNR-07886,3,417.23,139.08,79.0,0,1,3,3
DNR-07887,4,213.09,53.27,208.0,0,0,2,4
DNR-07888,7,3227.48,461.07,29.0,1,3,7,7
DNR-07889,5,295.43,59.09,86.0,0,1,3,5
DNR-07890,7,921.5,131.64,26.0,1,2,7,7
DNR-07891,9,1505.07,167.23,0.0,1,2,2,9
DNR-07892,9,1732.51,192.5,79.0,0,1,3,8
DNR-07893,4,239.64,59.91,22.0,1,1,4,4
DNR-07894,6,1205.31,200.88,176.0,0,0,2,6
DNR-07895,3,3260.9,1086.97,284.0,0,0,1,3
DNR-07896,6,416.72,69.45,12.0,2,6,6,6
DNR-07897,2,127.94,63.97,18.0,1,1,2,2
DNR-07898,4,323.82,80.96,84.0,0,1,4,4
DNR-07899,7,625.43,89.35,233.0,0,0,2,7
DNR-07900,3,15719.17,5239.72,259.0,0,0,1,3
DNR-07901,2,94.22,47.11,437.0,0,0,0,2
DNR-07902,3,13846.8,4615.6,25.0,1,1,3,3
DNR-07903,5,560.16,112.03,20.0,1,1,5,5
DNR-07904,5,594.81,118.96,16.0,1,1,5,5
DNR-07905,3,2414.8,804.93,65.0,0,1,1,3
DNR-07906,10,3513.26,351.33,367.0,0,0,0,10
DNR-07907,9,800.05,88.89,162.0,0,0,5,9
DNR-07908,8,1266.12,158.26,56.0,0,3,6,8
DNR-07909,5,142728.2,28545.64,401.0,0,0,0,5
DNR-07910,7,2924.64,417.81,56.0,0,2,7,7
DNR-07911,7,1065.09,152.16,122.0,0,0,2,6
DNR-07912,3,2675.23,891.74,54.0,0,1,1,3
DNR-07913,4,2677.14,669.28,70.0,0,1,2,4
DNR-07914,9,3444.48,382.72,220.0,0,0,2,9
DNR-07915,3,2590.41,863.47,167.0,0,0,3,3
DNR-07916,6,1470.01,245.0,32.0,0,1,2,6
DNR-07917,5,527.65,105.53,3.0,1,1,5,5
DNR-07918,2,450.67,225.34,292.0,0,0,1,2
DNR-07919,4,116.89,29.22,176.0,0,0,1,4
DNR-07920,3,2279.03,759.68,88.0,0,1,3,3
DNR-07921,5,648.55,129.71,83.0,0,1,3,5
DNR-07922,5,405.38,81.08,20.0,1,3,5,5
DNR-07923,8,2756.21,344.53,34.0,0,1,4,8
DNR-07924,6,2353.78,392.3,22.0,1,4,6,6
DNR-07925,9,1610.16,178.91,25.0,2,4,7,9
DNR-07926,9,4807.38,534.15,87.0,0,1,5,8
DNR-07927,5,942.25,188.45,123.0,0,0,3,5
DNR-07928,5,544.82,108.96,28.0,1,1,1,5
DNR-07929,5,264.18,52.84,10.0,1,1,5,5
DNR-07930,3,199.96,66.65,375.0,0,0,0,3
DNR-07931,5,2324.95,464.99,506.0,0,0,0,5
DNR-07932,3,187.72,62.57,101.0,0,0,1,3
DNR-07933,5,1747.5,349.5,181.0,0,0,4,5
DNR-07934,5,292.46,58.49,500.0,0,0,0,5
DNR-07935,5,268.39,53.68,73.0,0,1,5,5
DNR-07936,6,301.03,50.17,3.0,1,1,5,6
DNR-07937,6,1280.99,213.5,35.0,0,2,4,6
DNR-07938,5,484.38,96.88,96.0,0,0,5,5
DNR-07939,8,1200.99,150.12,98.0,0,0,4,8
DNR-07940,8,834.81,104.35,59.0,0,1,2,6
DNR-07941,4,44803.88,11200.97,239.0,0,0,1,4
DNR-07942,9,1085.68,120.63,3.0,1,2,9,8
DNR-07943,5,622.57,124.51,24.0,1,1,5,5
DNR-07944,7,453.6,64.8,0.0,6,7,7,7
DNR-07945,8,1063.68,132.96,71.0,0,1,2,8
DNR-07946,6,774.78,129.13,531.0,0,0,0,6
DNR-07947,7,1085.33,155.05,0.0,2,3,7,7
DNR-07948,4,475.33,118.83,47.0,0,2,4,4
DNR-07949,6,1363.75,227.29,143.0,0,0,3,6
DNR-07950,3,238.78,79.59,44.0,0,3,3,3
DNR-07951,3,36897.57,12299.19,30.0,1,1,2,3
DNR-07952,8,1172.13,146.52,28.0,1,1,2,8
DNR-07953,3,205.14,68.38,52.0,0,2,3,3
DNR-07954,4,326.98,81.74,926.0,0,0,0,4
DNR-07955,3,231.59,77.2,256.0,0,0,1,2
DNR-07956,2,140.8,70.4,64.0,0,2,2,2
DNR-07957,3,344.77,114.92,254.0,0,0,1,3
DNR-07958,4,4648.48,1162.12,1272.0,0,0,0,4
DNR-07959,4,720.31,180.08,81.0,0,1,2,4
DNR-07960,5,381.47,76.29,19.0,1,1,5,5
DNR-07961,6,743.69,123.95,305.0,0,0,1,5
DNR-07962,5,24282.36,4856.47,20.0,1,2,5,5
DNR-07963,9,2460.52,273.39,363.0,0,0,1,9
DNR-07964,8,831.96,104.0,439.0,0,0,0,7
DNR-07965,5,770.2,154.04,196.0,0,0,1,5
DNR-07966,5,1599.63,319.93,417.0,0,0,0,5
DNR-07967,5,2771.95,554.39,162.0,0,0,1,5
DNR-07968,5,344.1,68.82,8.0,1,2,5,5
DNR-07969,5,2055.34,411.07,14.0,1,1,2,5
DNR-07970,4,997.1,249.28,143.0,0,0,1,4
DNR-07971,4,230.74,57.68,54.0,0,2,3,4
DNR-07972,2,264.21,132.11,126.0,0,0,2,2
DNR-07973,2,141.74,70.87,52.0,0,1,2,2
DNR-07974,1,21235.56,21235.56,345.0,0,0,1,1
DNR-07975,6,2118.6,353.1,46.0,0,2,3,6
DNR-07976,9,813.79,90.42,40.0,0,1,5,9
DNR-07977,6,612.59,102.1,102.0,0,0,3,6
DNR-07978,6,1159.26,193.21,3.0,3,5,6,6
DNR-07979,4,312.3,78.08,12.0,1,1,4,4
DNR-07980,5,527.69,105.54,77.0,0,1,3,4
DNR-07981,4,176.61,44.15,109.0,0,0,2,4
DNR-07982,4,622.75,155.69,120.0,0,0,4,4
DNR-07983,9,42800.81,4755.65,23.0,1,2,9,9
DNR-07984,5,61870.61,12374.12,192.0,0,0,1,5
DNR-07985,4,1008.56,252.14,88.0,0,1,4,4
DNR-07986,4,544.88,136.22,9.0,2,3,4,4
DNR-07987,3,498.11,166.04,223.0,0,0,1,3
DNR-07988,5,32627.48,6525.5,125.0,0,0,5,5
DNR-07989,8,1674.73,209.34,79.0,0,1,1,8
DNR-07990,5,276.58,55.32,452.0,0,0,0,5
DNR-07991,7,3605.11,515.02,11.0,1,1,3,7
DNR-07992,4,871.97,217.99,336.0,0,0,1,4
DNR-07993,5,669.36,133.87,37.0,0,1,5,5
DNR-07994,6,952.0,158.67,13.0,1,2,2,6
DNR-07995,6,983.28,163.88,56.0,0,1,1,6
DNR-07996,5,412.03,82.41,52.0,0,2,2,5
DNR-07997,3,355.92,118.64,7.0,1,1,3,3
DNR-07998,5,387.22,77.44,55.0,0,1,3,5
DNR-07999,6,1013.85,168.98,95.0,0,0,3,6
DNR-08000,5,467.92,93.58,69.0,0,1,5,5
DNR-08001,7,682.67,97.52,218.0,0,0,1,7
DNR-08002,4,265.63,66.41,16.0,3,4,4,4
DNR-08003,6,751.66,125.28,95.0,0,0,3,6
DNR-08004,2,41.79,20.9,303.0,0,0,1,2
DNR-08005,10,712.21,71.22,200.0,0,0,2,9
DNR-08006,6,22958.08,3826.35,184.0,0,0,1,6
DNR-08007,3,918.13,306.04,0.0,1,1,3,3
DNR-08008,5,798.36,159.67,47.0,0,2,3,5
DNR-08009,3,185.06,61.69,366.0,0,0,0,3
DNR-08010,4,566.58,141.65,42.0,0,1,2,4
DNR-08011,7,3311.43,473.06,13.0,2,7,7,6
DNR-08012,5,972.35,194.47,251.0,0,0,1,5
DNR-08013,4,120.86,30.22,42.0,0,1,3,3
DNR-08014,4,1145.17,286.29,57.0,0,1,1,4
DNR-08015,4,733.88,183.47,98.0,0,0,2,4
DNR-08016,4,232.79,58.2,91.0,0,0,3,4
DNR-08017,6,672.38,112.06,120.0,0,0,2,6
DNR-08018,6,1762.24,293.71,321.0,0,0,1,6
DNR-08019,3,624.15,208.05,33.0,0,3,3,3
DNR-08020,6,321.58,53.6,279.0,0,0,1,6
DNR-08021,5,2642.43,528.49,13.0,1,5,5,5
DNR-08022,8,1610.83,201.35,247.0,0,0,2,8
DNR-08023,6,1828.16,304.69,13.0,2,6,6,6
DNR-08024,6,325.83,54.3,302.0,0,0,1,6
DNR-08025,5,1107.21,221.44,62.0,0,3,5,5
DNR-08026,3,495.22,165.07,9.0,1,1,2,3
DNR-08027,6,160444.09,26740.68,251.0,0,0,2,6
DNR-08028,4,217.18,54.29,150.0,0,0,2,4
DNR-08029,3,4528.96,1509.65,117.0,0,0,2,3
DNR-08030,7,1609.09,229.87,64.0,0,2,7,7
DNR-08031,1,27028.86,27028.86,1308.0,0,0,0,1
DNR-08032,8,957.15,119.64,0.0,5,8,8,8
DNR-08033,3,1398.31,466.1,375.0,0,0,0,3
DNR-08034,8,2548.49,318.56,7.0,1,4,8,8
DNR-08035,7,1008.6,144.09,323.0,0,0,1,7
DNR-08036,6,74806.07,12467.68,2.0,1,3,4,6
DNR-08037,5,34689.76,6937.95,83.0,0,1,2,5
DNR-08038,7,1119.88,159.98,33.0,0,3,7,7
DNR-08039,6,1252.39,208.73,84.0,0,1,3,6
DNR-08040,12,1146.55,95.55,9.0,2,2,4,12
DNR-08041,5,696.84,139.37,28.0,1,1,2,5
DNR-08042,5,589.45,117.89,10.0,1,1,5,5
DNR-08043,1,17162.98,17162.98,547.0,0,0,0,1
DNR-08044,5,1587.13,317.43,228.0,0,0,5,5
DNR-08045,3,767.76,255.92,232.0,0,0,3,3
DNR-08046,6,42656.02,7109.34,20.0,1,2,6,6
DNR-08047,2,35203.06,17601.53,242.0,0,0,1,2
DNR-08048,3,112.22,37.41,211.0,0,0,1,3
DNR-08049,4,638.55,159.64,242.0,0,0,1,4
DNR-08050,8,525.26,65.66,2.0,2,3,8,8
DNR-08051,6,2099.72,349.95,252.0,0,0,1,5
DNR-08052,1,9430.53,9430.53,1085.0,0,0,0,1
DNR-08053,4,291.69,72.92,237.0,0,0,3,4
DNR-08054,3,976.91,325.64,95.0,0,0,3,3
DNR-08055,7,733.2,104.74,290.0,0,0,3,7
DNR-08056,6,3018.75,503.12,88.0,0,1,6,6
DNR-08057,4,543.94,135.99,212.0,0,0,1,4
DNR-08058,6,62156.02,10359.34,106.0,0,0,6,6
DNR-08059,1,87.8,87.8,1221.0,0,0,0,1
DNR-08060,4,1521.59,380.4,833.0,0,0,0,4
DNR-08061,4,95.63,23.91,337.0,0,0,1,4
DNR-08062,7,264560.45,37794.35,105.0,0,0,3,7
DNR-08063,7,33889.35,4841.34,93.0,0,0,6,7
DNR-08064,2,109.37,54.68,72.0,0,1,2,2
DNR-08065,3,2484.48,828.16,79.0,0,1,1,3
DNR-08066,4,255.99,64.0,502.0,0,0,0,4
DNR-08067,8,1470.75,183.84,6.0,2,2,8,8
DNR-08068,0,0.0,0.0,,0,0,0,0
DNR-08069,7,1136.29,162.33,8.0,1,1,2,7
DNR-08070,6,525.99,87.66,21.0,1,1,2,6
DNR-08071,6,301.74,50.29,27.0,1,2,6,6
DNR-08072,6,771.08,128.51,74.0,0,1,1,6
DNR-08073,4,198.64,49.66,438.0,0,0,0,4
DNR-08074,4,1303.61,325.9,626.0,0,0,0,4
DNR-08075,6,508.57,84.76,288.0,0,0,1,6
DNR-08076,7,227429.98,32490.0,6.0,2,7,7,7
DNR-08077,12,163418.46,13618.2,109.0,0,0,11,11
DNR-08078,6,861.75,143.62,9.0,2,3,4,6
DNR-08079,2,844.9,422.45,1003.0,0,0,0,2
DNR-08080,5,271.04,54.21,90.0,0,1,2,5
DNR-08081,5,33012.29,6602.46,3.0,1,1,5,5
DNR-08082,7,75105.72,10729.39,523.0,0,0,0,7
DNR-08083,6,733.53,122.26,30.0,1,1,2,6
DNR-08084,6,1003.16,167.19,19.0,2,2,6,6
DNR-08085,2,75.55,37.78,95.0,0,0,2,2
DNR-08086,2,324.88,162.44,432.0,0,0,0,2
DNR-08087,1,44.78,44.78,134.0,0,0,1,1
DNR-08088,8,37926.36,4740.8,253.0,0,0,3,8
DNR-08089,7,1032.5,147.5,179.0,0,0,1,6
DNR-08090,4,508.44,127.11,22.0,1,1,4,4
DNR-08091,6,1299.5,216.58,170.0,0,0,2,6
DNR-08092,4,877.7,219.42,91.0,0,0,2,4
DNR-08093,5,967.37,193.47,127.0,0,0,5,5
DNR-08094,6,858.53,143.09,73.0,0,1,5,6
DNR-08095,3,327.21,109.07,574.0,0,0,0,3
DNR-08096,4,53017.8,13254.45,207.0,0,0,1,4
DNR-08097,8,1322.44,165.3,41.0,0,2,4,8
DNR-08098,8,789.79,98.72,570.0,0,0,0,8
DNR-08099,7,669.84,95.69,78.0,0,1,3,7
DNR-08100,9,1632.6,181.4,26.0,1,4,9,9
DNR-08101,5,489.28,97.86,113.0,0,0,4,5
DNR-08102,4,249.15,62.29,162.0,0,0,1,3
DNR-08103,2,97.06,48.53,92.0,0,0,1,2
DNR-08104,14,3186.06,227.58,388.0,0,0,0,13
DNR-08105,2,1199.56,599.78,567.0,0,0,0,2
DNR-08106,4,810.89,202.72,50.0,0,1,3,4
DNR-08107,3,310.75,103.58,402.0,0,0,0,3
DNR-08108,5,325.21,65.04,55.0,0,2,2,4
DNR-08109,5,2441.53,488.31,125.0,0,0,1,5
DNR-08110,7,1084.92,154.99,499.0,0,0,0,6
DNR-08111,2,108.56,54.28,225.0,0,0,1,2
DNR-08112,2,332.66,166.33,18.0,1,2,2,2
DNR-08113,1,56.89,56.89,574.0,0,0,0,1
DNR-08114,4,140584.63,35146.16,316.0,0,0,1,4
DNR-08115,6,377.59,62.93,547.0,0,0,0,6
DNR-08116,4,330.54,82.64,166.0,0,0,1,4
DNR-08117,4,1531.38,382.84,139.0,0,0,1,4
DNR-08118,3,179.81,59.94,146.0,0,0,2,3
DNR-08119,4,965.71,241.43,109.0,0,0,1,3
DNR-08120,7,33822.3,4831.76,205.0,0,0,4,6
DNR-08121,1,22.12,22.12,446.0,0,0,0,1
DNR-08122,6,1852.38,308.73,107.0,0,0,1,6
DNR-08123,9,925.35,102.82,125.0,0,0,3,9
DNR-08124,2,107.35,53.68,5.0,1,1,2,2
DNR-08125,2,312.01,156.0,275.0,0,0,2,2
DNR-08126,6,333.22,55.54,42.0,0,2,2,5
DNR-08127,6,673.09,112.18,0.0,4,6,6,6
DNR-08128,5,2107.7,421.54,312.0,0,0,2,4
DNR-08129,3,533.43,177.81,42.0,0,1,2,3
DNR-08130,10,2380.76,238.08,22.0,1,1,7,10
DNR-08131,5,1026.05,205.21,76.0,0,1,5,5
DNR-08132,2,11696.27,5848.14,97.0,0,0,2,2
DNR-08133,6,24401.69,4066.95,7.0,1,1,6,6
DNR-08134,6,932.36,155.39,286.0,0,0,1,6
DNR-08135,5,706.38,141.28,363.0,0,0,1,4
DNR-08136,4,539.23,134.81,5.0,3,4,4,4
DNR-08137,4,194.47,48.62,61.0,0,1,3,4
DNR-08138,7,3019.82,431.4,90.0,0,1,2,7
DNR-08139,6,1997.92,332.99,59.0,0,1,6,5
DNR-08140,3,604.33,201.44,11.0,2,3,3,3
DNR-08141,6,26210.59,4368.43,28.0,1,2,6,6
DNR-08142,2,4204.68,2102.34,969.0,0,0,0,2
DNR-08143,5,530.14,106.03,176.0,0,0,1,5
DNR-08144,5,2349.14,469.83,259.0,0,0,2,5
DNR-08145,3,1856.27,618.76,656.0,0,0,0,3
DNR-08146,5,600.52,120.1,254.0,0,0,1,5
DNR-08147,3,17980.69,5993.56,476.0,0,0,0,3
DNR-08148,4,59992.46,14998.12,35.0,0,1,4,4
DNR-08149,4,1165.47,291.37,25.0,1,1,1,4
DNR-08150,7,1045.34,149.33,81.0,0,1,3,7
DNR-08151,2,98.67,49.34,100.0,0,0,2,2
DNR-08152,7,702.77,100.4,2.0,3,5,7,7
DNR-08153,6,413.74,68.96,23.0,1,1,6,6
DNR-08154,4,2557.36,639.34,87.0,0,1,3,4
DNR-08155,5,3328.53,665.71,95.0,0,0,2,5
DNR-08156,5,1818.28,363.66,26.0,1,5,5,5
DNR-08157,4,3237.3,809.32,462.0,0,0,0,4
DNR-08158,7,1084.96,154.99,173.0,0,0,5,7
DNR-08159,6,936.33,156.05,10.0,1,2,5,6
DNR-08160,11,3617.45,328.86,34.0,0,7,11,10
DNR-08161,0,0.0,0.0,,0,0,0,0
DNR-08162,8,802.41,100.3,11.0,2,4,8,8
DNR-08163,7,1371.06,195.87,89.0,0,1,4,7
DNR-08164,6,936.53,156.09,127.0,0,0,2,5
DNR-08165,1,71.13,71.13,355.0,0,0,1,1
DNR-08166,5,3278.25,655.65,30.0,1,1,2,5
DNR-08167,9,1125.43,125.05,210.0,0,0,2,9
DNR-08168,4,484.14,121.04,78.0,0,1,3,4
DNR-08169,10,3834.4,383.44,9.0,3,3,6,10
DNR-08170,2,112.67,56.33,312.0,0,0,1,2
DNR-08171,1,72.94,72.94,214.0,0,0,1,1
DNR-08172,5,1860.85,372.17,49.0,0,5,5,4
DNR-08173,7,89771.56,12824.51,73.0,0,1,6,7
DNR-08174,3,414.41,138.14,345.0,0,0,1,3
DNR-08175,3,1310.18,436.73,128.0,0,0,1,3
DNR-08176,6,638.4,106.4,141.0,0,0,1,6
DNR-08177,5,29089.03,5817.81,17.0,1,3,5,5
DNR-08178,6,805.22,134.2,34.0,0,3,4,6
DNR-08179,4,2570.08,642.52,240.0,0,0,2,4
DNR-08180,2,104.51,52.26,41.0,0,2,2,2
DNR-08181,5,257.21,51.44,16.0,2,5,5,5
DNR-08182,6,751.47,125.24,601.0,0,0,0,5
DNR-08183,3,708.73,236.24,157.0,0,0,2,3
DNR-08184,6,32483.61,5413.94,23.0,1,1,2,4
DNR-08185,9,5576.21,619.58,9.0,1,1,3,9
DNR-08186,4,361.54,90.38,131.0,0,0,2,4
DNR-08187,1,86.63,86.63,925.0,0,0,0,1
DNR-08188,4,2396.66,599.16,18.0,1,1,4,4
DNR-08189,4,1875.84,468.96,184.0,0,0,2,4
DNR-08190,2,70.27,35.14,81.0,0,1,1,2
DNR-08191,6,39400.88,6566.81,348.0,0,0,1,6
DNR-08192,9,1042.9,115.88,67.0,0,1,3,9
DNR-08193,8,1644.44,205.56,100.0,0,0,4,6
DNR-08194,1,61.4,61.4,649.0,0,0,0,1
DNR-08195,4,1522.22,380.55,98.0,0,0,1,4
DNR-08196,3,526.11,175.37,666.0,0,0,0,3
DNR-08197,4,465.08,116.27,224.0,0,0,1,4
DNR-08198,5,486.81,97.36,8.0,1,1,1,5
DNR-08199,5,2039.46,407.89,35.0,0,3,5,5
DNR-08200,2,308.85,154.43,358.0,0,0,1,2
DNR-08201,8,3206.28,400.78,4.0,3,4,8,8
DNR-08202,5,136105.49,27221.1,22.0,2,4,5,5
DNR-08203,8,1307.27,163.41,259.0,0,0,1,8
DNR-08204,2,160.52,80.26,20.0,1,1,2,2
DNR-08205,4,294.58,73.65,11.0,1,1,2,4
DNR-08206,5,315.73,63.15,84.0,0,1,5,5
DNR-08207,4,49559.58,12389.9,19.0,1,1,3,4
DNR-08208,7,1771.61,253.09,76.0,0,1,4,7
DNR-08209,9,2334.37,259.37,19.0,1,2,7,9
DNR-08210,5,268.97,53.79,48.0,0,1,1,5
DNR-08211,8,2682.86,335.36,53.0,0,1,8,7
DNR-08212,6,500.63,83.44,135.0,0,0,5,6
DNR-08213,5,2165.11,433.02,44.0,0,2,5,5
DNR-08214,5,771.28,154.26,18.0,3,5,5,5
DNR-08215,5,610.5,122.1,11.0,1,1,1,5
DNR-08216,5,1620.45,324.09,24.0,1,2,3,4
DNR-08217,4,115.02,28.76,23.0,1,2,4,4
DNR-08218,1,34.86,34.86,0.0,1,1,1,1
DNR-08219,6,92414.83,15402.47,86.0,0,1,5,6
DNR-08220,5,492.57,98.51,181.0,0,0,2,5
DNR-08221,3,166.93,55.64,934.0,0,0,0,3
DNR-08222,7,2011.0,287.29,12.0,2,3,7,6
DNR-08223,5,355.02,71.0,71.0,0,1,3,5
DNR-08224,5,554.82,110.96,59.0,0,1,1,4
DNR-08225,10,750.73,75.07,23.0,1,1,2,10
DNR-08226,4,3957.38,989.34,74.0,0,1,2,3
DNR-08227,8,3225.16,403.14,11.0,1,1,3,7
DNR-08228,2,163.49,81.74,11.0,1,1,2,2
DNR-08229,10,2051.76,205.18,1.0,3,4,10,9
DNR-08230,2,65214.49,32607.25,326.0,0,0,1,2
DNR-08231,8,2370.49,296.31,63.0,0,1,4,8
DNR-08232,7,1836.43,262.35,272.0,0,0,1,7
DNR-08233,2,142.24,71.12,90.0,0,1,1,2
DNR-08234,8,2759.36,344.92,11.0,1,2,8,8
DNR-08235,4,130738.84,32684.71,74.0,0,1,3,4
DNR-08236,4,1088.31,272.08,5.0,3,4,4,4
DNR-08237,3,165.37,55.12,180.0,0,0,2,3
DNR-08238,8,2367.87,295.98,316.0,0,0,1,7
DNR-08239,4,2620.09,655.02,45.0,0,2,4,4
DNR-08240,7,687.42,98.2,28.0,1,3,7,6
DNR-08241,1,51.07,51.07,118.0,0,0,1,1
DNR-08242,6,1020.26,170.04,111.0,0,0,1,6
DNR-08243,0,0.0,0.0,,0,0,0,0
DNR-08244,4,459.36,114.84,269.0,0,0,1,4
DNR-08245,3,127.24,42.41,248.0,0,0,2,3
DNR-08246,3,335.44,111.81,185.0,0,0,1,3
DNR-08247,12,1213.54,101.13,2.0,2,5,12,12
DNR-08248,1,517.19,517.19,680.0,0,0,0,1
DNR-08249,8,668.76,83.6,73.0,0,1,4,7
DNR-08250,4,1575.27,393.82,214.0,0,0,1,4
DNR-08251,7,37019.82,5288.55,27.0,1,1,2,7
DNR-08252,5,55235.94,11047.19,61.0,0,1,1,4
DNR-08253,7,1047.25,149.61,74.0,0,1,2,7
DNR-08254,9,2471.29,274.59,158.0,0,0,4,9
DNR-08255,5,1242.17,248.43,157.0,0,0,5,5
DNR-08256,6,898.7,149.78,279.0,0,0,1,6
DNR-08257,3,359.17,119.72,23.0,1,1,2,3
DNR-08258,4,751.25,187.81,15.0,1,4,4,4
DNR-08259,6,960.74,160.12,20.0,1,1,2,6
DNR-08260,5,328.79,65.76,195.0,0,0,1,5
DNR-08261,11,943.61,85.78,17.0,1,6,11,10
DNR-08262,5,156390.45,31278.09,179.0,0,0,2,5
DNR-08263,7,270241.21,38605.89,63.0,0,1,3,7
DNR-08264,5,2022.71,404.54,69.0,0,1,3,5
DNR-08265,4,1638.35,409.59,126.0,0,0,4,4
DNR-08266,4,159.48,39.87,225.0,0,0,1,4
DNR-08267,5,993.53,198.71,79.0,0,1,4,5
DNR-08268,9,2312.47,256.94,4.0,1,7,9,8
DNR-08269,3,347.28,115.76,624.0,0,0,0,3
DNR-08270,5,2142.06,428.41,157.0,0,0,3,5
DNR-08271,6,931.23,155.21,1.0,1,1,2,6
DNR-08272,8,1201.34,150.17,42.0,0,4,6,7
DNR-08273,9,208169.93,23129.99,151.0,0,0,4,9
DNR-08274,4,2185.69,546.42,20.0,1,2,4,4
DNR-08275,5,859.18,171.84,223.0,0,0,1,5
DNR-08276,8,871.73,108.97,211.0,0,0,2,8
DNR-08277,4,817.07,204.27,311.0,0,0,1,4
DNR-08278,2,177.95,88.98,159.0,0,0,1,2
DNR-08279,4,1996.89,499.22,251.0,0,0,1,4
DNR-08280,4,2651.5,662.88,209.0,0,0,1,4
DNR-08281,3,243.24,81.08,20.0,2,3,3,3
DNR-08282,4,592.83,148.21,313.0,0,0,1,4
DNR-08283,2,152.46,76.23,13.0,2,2,2,2
DNR-08284,3,1576.83,525.61,28.0,1,3,3,3
DNR-08285,7,745.3,106.47,136.0,0,0,2,7
DNR-08286,6,2179.16,363.19,671.0,0,0,0,6
DNR-08287,9,2805.03,311.67,66.0,0,1,1,8
DNR-08288,6,2666.58,444.43,137.0,0,0,3,6
DNR-08289,5,523.7,104.74,157.0,0,0,1,5
DNR-08290,4,1573.23,393.31,617.0,0,0,0,4
DNR-08291,8,1124.48,140.56,125.0,0,0,4,8
DNR-08292,6,578.8,96.47,25.0,1,1,3,5
DNR-08293,4,83228.35,20807.09,0.0,2,3,4,4
DNR-08294,10,5087.46,508.75,67.0,0,1,4,10
DNR-08295,7,2188.86,312.69,33.0,0,2,7,7
DNR-08296,5,243.63,48.73,115.0,0,0,4,5
DNR-08297,1,430.39,430.39,1084.0,0,0,0,1
DNR-08298,5,244.63,48.93,422.0,0,0,0,5
DNR-08299,3,103.5,34.5,93.0,0,0,1,3
DNR-08300,8,1108.49,138.56,29.0,1,5,8,8
DNR-08301,4,514.5,128.62,131.0,0,0,2,4
DNR-08302,3,1877.0,625.67,126.0,0,0,3,3
DNR-08303,8,983.8,122.98,0.0,7,8,8,8
DNR-08304,7,1675.32,239.33,2.0,2,4,7,7
DNR-08305,5,606.94,121.39,133.0,0,0,2,5
DNR-08306,1,30.93,30.93,214.0,0,0,1,1
DNR-08307,3,231.84,77.28,121.0,0,0,3,3
DNR-08308,5,285.91,57.18,22.0,1,1,5,5
DNR-08309,6,2111.27,351.88,49.0,0,2,3,6
DNR-08310,5,865.55,173.11,19.0,1,3,5,5
DNR-08311,6,903.79,150.63,65.0,0,1,5,6
DNR-08312,8,3096.65,387.08,8.0,1,1,2,7
DNR-08313,6,2692.4,448.73,35.0,0,2,5,6
DNR-08314,5,1899.71,379.94,930.0,0,0,0,5
DNR-08315,2,188.05,94.02,251.0,0,0,1,2
DNR-08316,5,301.27,60.25,33.0,0,3,5,5
DNR-08317,6,1163.99,194.0,58.0,0,1,3,6
DNR-08318,3,190.65,63.55,134.0,0,0,2,3
DNR-08319,7,1979.74,282.82,550.0,0,0,0,7
DNR-08320,5,756.97,151.39,54.0,0,1,1,5
DNR-08321,1,15.05,15.05,331.0,0,0,1,1
DNR-08322,4,632.82,158.21,201.0,0,0,3,4
DNR-08323,7,2896.6,413.8,30.0,1,1,1,7
DNR-08324,9,4578.09,508.68,308.0,0,0,1,9
DNR-08325,1,23.92,23.92,376.0,0,0,0,1
DNR-08326,4,543.44,135.86,909.0,0,0,0,4
DNR-08327,4,69191.44,17297.86,109.0,0,0,4,4
DNR-08328,3,580.53,193.51,44.0,0,1,2,3
DNR-08329,4,2353.61,588.4,140.0,0,0,2,3
DNR-08330,3,393.01,131.0,135.0,0,0,1,3
DNR-08331,4,45193.66,11298.42,426.0,0,0,0,4
DNR-08332,3,3595.6,1198.53,94.0,0,0,1,3
DNR-08333,3,2466.96,822.32,851.0,0,0,0,3
DNR-08334,5,89121.12,17824.22,170.0,0,0,3,5
DNR-08335,8,2702.59,337.82,303.0,0,0,1,8
DNR-08336,6,881.16,146.86,202.0,0,0,2,6
DNR-08337,3,174.26,58.09,940.0,0,0,0,3
DNR-08338,6,722.49,120.42,63.0,0,1,2,6
DNR-08339,3,1770.51,590.17,456.0,0,0,0,3
DNR-08340,8,687.0,85.88,179.0,0,0,5,8
DNR-08341,10,915.64,91.56,21.0,1,2,5,10
DNR-08342,6,827.8,137.97,25.0,2,3,6,6
DNR-08343,6,1401.03,233.5,39.0,0,5,6,6
DNR-08344,4,45279.87,11319.97,105.0,0,0,2,4
DNR-08345,9,1022.22,113.58,22.0,1,1,5,9
DNR-08346,3,1156.85,385.62,269.0,0,0,2,3
DNR-08347,5,456.05,91.21,205.0,0,0,3,5
DNR-08348,3,185.0,61.67,157.0,0,0,1,3
DNR-08349,6,2547.28,424.55,2.0,2,4,6,6
DNR-08350,3,864.14,288.05,54.0,0,1,1,3
DNR-08351,10,4362.76,436.28,86.0,0,1,2,9
DNR-08352,7,652.03,93.15,67.0,0,1,1,7
DNR-08353,4,1923.57,480.89,2.0,1,1,1,4
DNR-08354,5,633.18,126.64,10.0,2,2,3,5
DNR-08355,9,2284.48,253.83,311.0,0,0,1,8
DNR-08356,7,373.52,53.36,80.0,0,1,3,7
DNR-08357,4,600.83,150.21,70.0,0,1,4,4
DNR-08358,4,38830.76,9707.69,11.0,4,4,4,4
DNR-08359,5,395.11,79.02,14.0,2,2,4,4
DNR-08360,9,3116.85,346.32,46.0,0,2,9,9
DNR-08361,7,1006.87,143.84,272.0,0,0,1,7
DNR-08362,2,54.76,27.38,180.0,0,0,1,2
DNR-08363,5,231.99,46.4,57.0,0,1,3,4
DNR-08364,7,2528.94,361.28,12.0,1,2,7,7
DNR-08365,5,702.87,140.57,178.0,0,0,2,5
DNR-08366,1,87.1,87.1,147.0,0,0,1,1
DNR-08367,9,1766.29,196.25,3.0,3,7,9,9
DNR-08368,3,530.35,176.78,413.0,0,0,0,3
DNR-08369,4,246.28,61.57,198.0,0,0,2,4
DNR-08370,3,193.54,64.51,544.0,0,0,0,3
DNR-08371,5,328.09,65.62,443.0,0,0,0,5
DNR-08372,3,490.97,163.66,140.0,0,0,2,3
DNR-08373,2,57.86,28.93,772.0,0,0,0,2
DNR-08374,8,39826.15,4978.27,220.0,0,0,1,8
DNR-08375,9,614.45,68.27,11.0,1,1,6,9
DNR-08376,5,689.88,137.98,348.0,0,0,1,5
DNR-08377,7,748.12,106.87,4.0,4,6,7,7
DNR-08378,5,381.04,76.21,154.0,0,0,5,5
DNR-08379,5,1598.89,319.78,4.0,2,3,5,5
DNR-08380,3,191.31,63.77,164.0,0,0,1,3
DNR-08381,7,2432.06,347.44,8.0,2,2,5,7
DNR-08382,5,467.3,93.46,102.0,0,0,4,5
DNR-08383,3,2482.72,827.57,435.0,0,0,0,3
DNR-08384,2,63945.01,31972.5,246.0,0,0,1,2
DNR-08385,1,14390.84,14390.84,461.0,0,0,0,1
DNR-08386,7,4063.9,580.56,164.0,0,0,3,7
DNR-08387,1,61.67,61.67,1562.0,0,0,0,1
DNR-08388,5,2890.43,578.09,318.0,0,0,1,5
DNR-08389,6,713.31,118.88,22.0,1,1,5,6
DNR-08390,6,449.82,74.97,31.0,0,1,1,5
DNR-08391,6,370.71,61.78,135.0,0,0,4,6
DNR-08392,3,183.5,61.17,24.0,1,2,3,3
DNR-08393,4,51212.09,12803.02,137.0,0,0,2,4
DNR-08394,5,879.79,175.96,24.0,1,1,2,4
DNR-08395,5,266.85,53.37,35.0,0,1,5,5
DNR-08396,6,120754.49,20125.75,347.0,0,0,1,6
DNR-08397,8,3129.62,391.2,162.0,0,0,2,8
DNR-08398,6,256.27,42.71,54.0,0,3,6,5
DNR-08399,5,1201.57,240.31,192.0,0,0,2,5
DNR-08400,2,118.56,59.28,730.0,0,0,0,2
DNR-08401,9,39834.7,4426.08,57.0,0,2,9,9
DNR-08402,9,1591.72,176.86,159.0,0,0,1,9
DNR-08403,3,355.71,118.57,48.0,0,2,2,3
DNR-08404,7,154375.38,22053.63,5.0,2,3,3,6
DNR-08405,3,208.65,69.55,211.0,0,0,3,3
DNR-08406,5,743.04,148.61,126.0,0,0,1,5
DNR-08407,6,3296.11,549.35,56.0,0,3,6,6
DNR-08408,4,2747.94,686.98,161.0,0,0,2,3
DNR-08409,9,2476.86,275.21,37.0,0,5,9,9
DNR-08410,7,694.21,99.17,16.0,1,3,7,6
DNR-08411,7,782.56,111.79,10.0,1,2,2,7
DNR-08412,6,719.52,119.92,22.0,1,1,3,6
DNR-08413,3,498.75,166.25,225.0,0,0,1,3
DNR-08414,5,593.65,118.73,168.0,0,0,1,5
DNR-08415,4,550.41,137.6,150.0,0,0,4,4
DNR-08416,6,1704.72,284.12,16.0,1,1,2,6
DNR-08417,4,511.75,127.94,7.0,1,1,4,4
DNR-08418,4,333.37,83.34,70.0,0,1,1,4
DNR-08419,4,1271.8,317.95,236.0,0,0,2,4
DNR-08420,3,132.7,44.23,24.0,1,1,2,3
DNR-08421,5,661.02,132.2,287.0,0,0,1,5
DNR-08422,3,85.72,28.57,704.0,0,0,0,3
DNR-08423,6,31981.45,5330.24,12.0,2,4,6,6
DNR-08424,4,3424.58,856.14,89.0,0,1,4,4
DNR-08425,6,1969.49,328.25,443.0,0,0,0,6
DNR-08426,3,122.81,40.94,191.0,0,0,1,3
DNR-08427,2,71.35,35.67,479.0,0,0,0,2
DNR-08428,6,4206.26,701.04,590.0,0,0,0,5
DNR-08429,4,299.23,74.81,53.0,0,1,3,4
DNR-08430,2,1067.11,533.56,50.0,0,2,2,2
DNR-08431,2,85.94,42.97,19.0,1,1,2,2
DNR-08432,5,2391.42,478.28,215.0,0,0,1,5
DNR-08433,6,685.17,114.2,3.0,2,2,5,5
DNR-08434,4,52937.98,13234.5,146.0,0,0,1,4
DNR-08435,3,442.98,147.66,490.0,0,0,0,3
DNR-08436,6,461.83,76.97,310.0,0,0,1,6
DNR-08437,1,85.36,85.36,700.0,0,0,0,1
DNR-08438,6,274.7,45.78,400.0,0,0,0,6
DNR-08439,5,737.24,147.45,369.0,0,0,0,5
DNR-08440,6,196.26,32.71,33.0,0,1,6,6
DNR-08441,6,2639.05,439.84,215.0,0,0,2,6
DNR-08442,5,4526.54,905.31,0.0,4,5,5,5
DNR-08443,5,32744.32,6548.86,18.0,1,1,1,4
DNR-08444,7,4094.81,584.97,0.0,1,1,7,6
DNR-08445,6,802.31,133.72,150.0,0,0,4,6
DNR-08446,4,386.8,96.7,187.0,0,0,3,4
DNR-08447,9,110350.37,12261.15,429.0,0,0,0,8
DNR-08448,7,33543.29,4791.9,151.0,0,0,2,7
DNR-08449,4,77796.22,19449.06,139.0,0,0,2,4
DNR-08450,4,3684.84,921.21,325.0,0,0,1,3
DNR-08451,5,587.61,117.52,80.0,0,1,1,5
DNR-08452,7,107477.84,15353.98,1.0,1,3,7,7
DNR-08453,5,2212.52,442.5,236.0,0,0,3,5
DNR-08454,3,143.15,47.72,26.0,1,1,1,3
DNR-08455,5,1886.48,377.3,48.0,0,1,5,5
DNR-08456,5,2388.88,477.78,36.0,0,1,5,5
DNR-08457,6,262.15,43.69,18.0,1,2,5,6
DNR-08458,2,12105.72,6052.86,46.0,0,1,2,2
DNR-08459,7,3054.16,436.31,189.0,0,0,3,6
DNR-08460,2,283.05,141.52,9.0,1,1,1,2
DNR-08461,7,611.65,87.38,318.0,0,0,1,7
DNR-08462,9,1999.82,222.2,77.0,0,1,5,9
DNR-08463,9,1426.21,158.47,161.0,0,0,4,9
DNR-08464,2,2377.37,1188.69,161.0,0,0,1,2
DNR-08465,10,1554.85,155.49,71.0,0,1,10,10
DNR-08466,8,3483.52,435.44,3.0,1,2,6,8
DNR-08467,7,3621.14,517.31,344.0,0,0,1,7
DNR-08468,6,370.61,61.77,40.0,0,2,6,6
DNR-08469,5,868.5,173.7,254.0,0,0,1,5
DNR-08470,5,646.74,129.35,190.0,0,0,2,5
DNR-08471,6,3070.75,511.79,275.0,0,0,3,6
DNR-08472,6,416.46,69.41,27.0,1,3,6,6
DNR-08473,5,3041.55,608.31,87.0,0,1,2,5
DNR-08474,5,205.99,41.2,369.0,0,0,0,5
DNR-08475,5,1659.22,331.84,45.0,0,1,2,5
DNR-08476,4,818.99,204.75,298.0,0,0,1,4
DNR-08477,5,31115.38,6223.08,201.0,0,0,1,4
DNR-08478,5,2453.57,490.71,163.0,0,0,1,5
DNR-08479,8,926.73,115.84,24.0,1,2,4,6
DNR-08480,4,2425.82,606.46,224.0,0,0,2,4
DNR-08481,7,602.65,86.09,297.0,0,0,2,7
DNR-08482,5,3109.19,621.84,227.0,0,0,1,5
DNR-08483,5,738.74,147.75,25.0,1,2,3,5
DNR-08484,4,1325.4,331.35,8.0,1,1,1,4
DNR-08485,4,621.08,155.27,45.0,0,1,2,4
DNR-08486,4,186.74,46.68,178.0,0,0,1,4
DNR-08487,7,1544.72,220.67,15.0,3,5,7,6
DNR-08488,5,410.61,82.12,660.0,0,0,0,5
DNR-08489,6,1384.08,230.68,114.0,0,0,2,6
DNR-08490,8,1233.63,154.2,106.0,0,0,5,7
DNR-08491,5,551.51,110.3,137.0,0,0,5,5
DNR-08492,9,2410.89,267.88,21.0,3,8,9,9
DNR-08493,5,3333.33,666.67,66.0,0,2,5,5
DNR-08494,10,260309.3,26030.93,13.0,3,6,10,10
DNR-08495,5,2668.45,533.69,84.0,0,1,2,5
DNR-08496,4,466.87,116.72,110.0,0,0,2,4
DNR-08497,7,2598.32,371.19,20.0,1,1,1,7
DNR-08498,5,1419.37,283.87,393.0,0,0,0,5
DNR-08499,6,32742.11,5457.02,9.0,2,3,6,6
DNR-08500,6,2686.43,447.74,272.0,0,0,1,6
DNR-08501,6,2855.56,475.93,57.0,0,1,6,6
DNR-08502,6,569.69,94.95,20.0,1,1,5,6
DNR-08503,1,224.44,224.44,95.0,0,0,1,1
DNR-08504,7,2343.17,334.74,422.0,0,0,0,7
DNR-08505,2,1374.28,687.14,204.0,0,0,1,2
DNR-08506,2,6321.53,3160.76,170.0,0,0,2,2
DNR-08507,3,393.9,131.3,80.0,0,1,3,3
DNR-08508,6,1570.18,261.7,76.0,0,1,3,6
DNR-08509,6,39614.89,6602.48,47.0,0,2,6,6
DNR-08510,3,1443.18,481.06,5.0,1,2,2,3
DNR-08511,4,328.97,82.24,157.0,0,0,4,4
DNR-08512,6,204.14,34.02,20.0,2,2,5,6
DNR-08513,9,724.36,80.48,149.0,0,0,2,9
DNR-08514,6,249.84,41.64,139.0,0,0,2,5
DNR-08515,8,213168.62,26646.08,37.0,0,1,3,7
DNR-08516,5,1582.24,316.45,328.0,0,0,1,5
DNR-08517,8,802.3,100.29,76.0,0,1,1,8
DNR-08518,1,87.4,87.4,756.0,0,0,0,1
DNR-08519,2,1911.05,955.53,206.0,0,0,1,2
DNR-08520,2,594.49,297.24,309.0,0,0,1,2
DNR-08521,4,597.79,149.45,251.0,0,0,1,4
DNR-08522,6,4467.62,744.6,6.0,2,3,6,6
DNR-08523,6,559.71,93.29,263.0,0,0,1,6
DNR-08524,4,496.82,124.2,67.0,0,2,3,4
DNR-08525,6,994.13,165.69,0.0,1,1,2,6
DNR-08526,4,219.11,54.78,13.0,1,1,2,4
DNR-08527,3,197.48,65.83,52.0,0,1,3,3
DNR-08528,5,3899.59,779.92,66.0,0,1,2,5
DNR-08529,4,629.63,157.41,482.0,0,0,0,4
DNR-08530,6,5380.91,896.82,77.0,0,1,2,6
DNR-08531,5,542.24,108.45,46.0,0,1,3,5
DNR-08532,12,1772.93,147.74,104.0,0,0,2,12
DNR-08533,5,4474.65,894.93,77.0,0,1,4,5
DNR-08534,5,4863.94,972.79,389.0,0,0,0,5
DNR-08535,8,3317.71,414.71,116.0,0,0,4,8
DNR-08536,5,341.03,68.21,423.0,0,0,0,5
DNR-08537,7,2406.29,343.76,10.0,5,7,7,6
DNR-08538,8,2704.19,338.02,150.0,0,0,2,8
DNR-08539,6,800.97,133.5,173.0,0,0,4,6
DNR-08540,3,14973.69,4991.23,181.0,0,0,3,3
DNR-08541,7,819.36,117.05,227.0,0,0,1,7
DNR-08542,5,959.82,191.96,75.0,0,1,3,5
DNR-08543,7,1556.82,222.4,5.0,2,2,7,7
DNR-08544,3,167.3,55.77,127.0,0,0,1,2
DNR-08545,4,547.39,136.85,1.0,2,4,4,4
DNR-08546,3,539.55,179.85,47.0,0,1,2,3
DNR-08547,0,0.0,0.0,,0,0,0,0
DNR-08548,7,744.37,106.34,32.0,0,1,2,7
DNR-08549,5,1679.06,335.81,58.0,0,5,5,5
DNR-08550,2,1577.28,788.64,469.0,0,0,0,2
DNR-08551,6,624.79,104.13,121.0,0,0,1,6
DNR-08552,9,48258.07,5362.01,91.0,0,0,2,9
DNR-08553,6,1072.69,178.78,79.0,0,1,4,6
DNR-08554,8,2085.1,260.64,142.0,0,0,2,8
DNR-08555,5,421.27,84.25,183.0,0,0,2,5
DNR-08556,7,2120.58,302.94,232.0,0,0,2,7
DNR-08557,3,192.37,64.12,708.0,0,0,0,3
DNR-08558,5,717.98,143.6,471.0,0,0,0,5
DNR-08559,4,440.46,110.12,133.0,0,0,3,4
DNR-08560,5,767.86,153.57,14.0,1,1,3,5
DNR-08561,6,2706.95,451.16,56.0,0,1,2,6
DNR-08562,7,2125.16,303.59,37.0,0,1,2,7
DNR-08563,10,707.24,70.72,2.0,6,10,10,10
DNR-08564,4,262.31,65.58,298.0,0,0,2,4
DNR-08565,4,224.05,56.01,136.0,0,0,2,4
DNR-08566,5,546.7,109.34,99.0,0,0,5,4
DNR-08567,6,27396.01,4566.0,414.0,0,0,0,5
DNR-08568,2,601.39,300.7,42.0,0,1,1,2
DNR-08569,5,1666.15,333.23,61.0,0,1,5,5
DNR-08570,5,326.88,65.38,743.0,0,0,0,4
DNR-08571,0,0.0,0.0,,0,0,0,0
DNR-08572,5,360.18,72.04,195.0,0,0,2,5
DNR-08573,4,1674.75,418.69,4.0,2,2,4,4
DNR-08574,8,1108.67,138.58,111.0,0,0,3,8
DNR-08575,5,570.18,114.04,258.0,0,0,1,5
DNR-08576,5,2537.03,507.41,334.0,0,0,1,5
DNR-08577,2,280.84,140.42,312.0,0,0,1,2
DNR-08578,4,329.84,82.46,56.0,0,1,2,4
DNR-08579,6,301.22,50.2,168.0,0,0,1,6
DNR-08580,7,1162.44,166.06,580.0,0,0,0,7
DNR-08581,4,33022.75,8255.69,453.0,0,0,0,4
DNR-08582,2,238.3,119.15,291.0,0,0,1,2
DNR-08583,6,1440.99,240.16,5.0,1,3,6,6
DNR-08584,8,447.45,55.93,21.0,1,1,7,8
DNR-08585,6,697.18,116.2,63.0,0,1,4,6
DNR-08586,7,794.49,113.5,11.0,2,6,7,7
DNR-08587,5,443.38,88.68,200.0,0,0,1,5
DNR-08588,8,658.05,82.26,67.0,0,2,4,8
DNR-08589,2,481.4,240.7,146.0,0,0,1,2
DNR-08590,8,1395.19,174.4,34.0,0,1,5,8
DNR-08591,3,130.08,43.36,90.0,0,1,1,3
DNR-08592,5,499.31,99.86,275.0,0,0,2,5
DNR-08593,1,83.01,83.01,1350.0,0,0,0,1
DNR-08594,7,569.64,81.38,215.0,0,0,2,7
DNR-08595,4,16794.15,4198.54,244.0,0,0,2,4
DNR-08596,6,423.88,70.65,34.0,0,1,2,6
DNR-08597,8,2196.34,274.54,37.0,0,1,4,8
DNR-08598,7,670.48,95.78,42.0,0,3,7,7
DNR-08599,5,1554.76,310.95,37.0,0,1,5,5
DNR-08600,6,478.97,79.83,163.0,0,0,3,6
DNR-08601,3,17444.43,5814.81,5.0,1,1,1,3
DNR-08602,6,926.7,154.45,68.0,0,1,6,6
DNR-08603,5,28003.24,5600.65,87.0,0,1,2,5
DNR-08604,5,577.92,115.58,304.0,0,0,1,4
DNR-08605,8,107908.39,13488.55,138.0,0,0,5,8
DNR-08606,5,78293.98,15658.8,9.0,1,1,2,4
DNR-08607,4,600.09,150.02,93.0,0,0,1,4
DNR-08608,6,1091.84,181.97,212.0,0,0,2,6
DNR-08609,4,208.2,52.05,211.0,0,0,2,4
DNR-08610,3,272.95,90.98,148.0,0,0,2,3
DNR-08611,5,269.87,53.97,436.0,0,0,0,5
DNR-08612,4,1821.09,455.27,49.0,0,1,1,4
DNR-08613,2,687.89,343.94,84.0,0,1,2,2
DNR-08614,9,1230.23,136.69,0.0,1,2,9,9
DNR-08615,4,254.16,63.54,17.0,2,4,4,4
DNR-08616,6,1024.75,170.79,184.0,0,0,1,5
DNR-08617,4,314.92,78.73,164.0,0,0,1,4
DNR-08618,3,256.68,85.56,30.0,1,1,3,3
DNR-08619,6,507.09,84.52,215.0,0,0,2,6
DNR-08620,7,1622.53,231.79,3.0,1,1,2,6
DNR-08621,1,85.16,85.16,510.0,0,0,0,1
DNR-08622,5,1292.13,258.43,129.0,0,0,1,5
DNR-08623,7,1247.23,178.18,134.0,0,0,5,7
DNR-08624,8,102338.08,12792.26,9.0,1,1,1,7
DNR-08625,2,47928.95,23964.48,101.0,0,0,1,2
DNR-08626,3,1552.91,517.64,152.0,0,0,1,3
DNR-08627,6,1181.68,196.95,56.0,0,1,4,6
DNR-08628,7,1121.9,160.27,156.0,0,0,3,6
DNR-08629,6,1014.01,169.0,53.0,0,4,6,6
DNR-08630,2,12989.59,6494.8,6.0,1,1,2,2
DNR-08631,2,75.93,37.97,198.0,0,0,1,2
DNR-08632,4,1900.76,475.19,16.0,1,1,1,4
DNR-08633,0,0.0,0.0,,0,0,0,0
DNR-08634,4,817.86,204.46,57.0,0,1,3,4
DNR-08635,2,159.2,79.6,17.0,1,1,2,2
DNR-08636,5,519.01,103.8,36.0,0,2,3,5
DNR-08637,2,92.54,46.27,396.0,0,0,0,2
DNR-08638,6,975.64,162.61,28.0,1,1,5,6
DNR-08639,5,1979.81,395.96,20.0,1,1,2,5
DNR-08640,8,3678.2,459.78,8.0,1,1,1,8
DNR-08641,5,301.08,60.22,68.0,0,2,5,5
DNR-08642,5,1245.3,249.06,666.0,0,0,0,5
DNR-08643,5,19524.7,3904.94,400.0,0,0,0,5
DNR-08644,4,592.78,148.2,157.0,0,0,3,4
DNR-08645,6,274.37,45.73,63.0,0,2,2,5
DNR-08646,6,995.93,165.99,161.0,0,0,1,6
DNR-08647,9,3146.72,349.64,188.0,0,0,3,9
DNR-08648,6,3722.83,620.47,2.0,2,5,6,6
DNR-08649,9,1554.96,172.77,92.0,0,0,6,8
DNR-08650,7,3191.51,455.93,53.0,0,1,7,6
DNR-08651,4,543.55,135.89,104.0,0,0,4,4
DNR-08652,6,541.26,90.21,31.0,0,1,4,6
DNR-08653,5,877.51,175.5,74.0,0,1,2,4
DNR-08654,5,1111.36,222.27,236.0,0,0,3,5
DNR-08655,3,2381.53,793.84,31.0,0,1,2,3
DNR-08656,2,156.87,78.44,482.0,0,0,0,2
DNR-08657,5,2687.11,537.42,93.0,0,0,2,5
DNR-08658,2,527.43,263.72,586.0,0,0,0,2
DNR-08659,2,21754.23,10877.12,81.0,0,1,2,2
DNR-08660,3,173.74,57.91,295.0,0,0,1,3
DNR-08661,7,3506.24,500.89,121.0,0,0,5,7
DNR-08662,12,3690.01,307.5,65.0,0,1,6,12
DNR-08663,3,109.8,36.6,541.0,0,0,0,3
DNR-08664,5,471.35,94.27,342.0,0,0,1,4
DNR-08665,4,2707.08,676.77,170.0,0,0,2,4
DNR-08666,6,630.71,105.12,45.0,0,1,1,6
DNR-08667,3,2039.24,679.75,480.0,0,0,0,3
DNR-08668,5,312.64,62.53,118.0,0,0,4,5
DNR-08669,5,81141.65,16228.33,64.0,0,1,5,5
DNR-08670,5,1745.28,349.06,72.0,0,1,3,5
DNR-08671,9,1247.86,138.65,194.0,0,0,2,9
DNR-08672,4,2547.04,636.76,227.0,0,0,2,3
DNR-08673,8,1099.32,137.42,62.0,0,1,3,7
DNR-08674,10,710.25,71.03,57.0,0,2,8,8
DNR-08675,6,26973.46,4495.58,200.0,0,0,3,5
DNR-08676,7,833.6,119.09,54.0,0,1,4,7
DNR-08677,4,757.3,189.32,253.0,0,0,2,4
DNR-08678,5,265.24,53.05,44.0,0,2,5,4
DNR-08679,5,355.77,71.15,6.0,1,1,1,5
DNR-08680,4,232.72,58.18,232.0,0,0,1,3
DNR-08681,4,29669.93,7417.48,1043.0,0,0,0,4
DNR-08682,6,40250.29,6708.38,52.0,0,1,2,6
DNR-08683,6,92723.85,15453.98,39.0,0,1,2,6
DNR-08684,3,1514.98,504.99,5.0,2,3,3,3
DNR-08685,8,1748.33,218.54,17.0,1,4,8,7
DNR-08686,5,255.8,51.16,140.0,0,0,2,5
DNR-08687,5,325.15,65.03,40.0,0,1,2,5
DNR-08688,7,413.48,59.07,306.0,0,0,1,6
DNR-08689,3,88.22,29.41,88.0,0,1,1,3
DNR-08690,5,979.78,195.96,11.0,1,1,4,4
DNR-08691,7,7373.26,1053.32,26.0,1,4,7,6
DNR-08692,7,1054.86,150.69,31.0,0,1,1,7
DNR-08693,6,621.84,103.64,41.0,0,1,5,6
DNR-08694,7,3813.37,544.77,60.0,0,1,7,7
DNR-08695,7,1684.72,240.67,195.0,0,0,1,7
DNR-08696,3,355.93,118.64,253.0,0,0,1,3
DNR-08697,5,839.57,167.91,79.0,0,1,1,5
DNR-08698,7,1425.69,203.67,42.0,0,1,2,7
DNR-08699,4,18362.37,4590.59,570.0,0,0,0,4
DNR-08700,5,1911.26,382.25,0.0,2,5,5,5
DNR-08701,6,2059.46,343.24,60.0,0,1,5,6
DNR-08702,7,230502.89,32928.98,67.0,0,2,6,7
DNR-08703,4,3781.51,945.38,69.0,0,3,4,4
DNR-08704,6,1519.93,253.32,30.0,1,1,2,6
DNR-08705,8,1001.38,125.17,11.0,3,7,8,8
DNR-08706,3,883.56,294.52,141.0,0,0,1,3
DNR-08707,4,23929.49,5982.37,526.0,0,0,0,4
DNR-08708,3,891.04,297.01,299.0,0,0,2,3
DNR-08709,3,2056.85,685.62,132.0,0,0,1,3
DNR-08710,7,2967.69,423.96,256.0,0,0,1,7
DNR-08711,5,416.06,83.21,77.0,0,1,4,5
DNR-08712,4,25135.85,6283.96,19.0,3,4,4,4
DNR-08713,3,194.24,64.75,36.0,0,3,3,3
DNR-08714,6,1352.82,225.47,0.0,3,6,6,6
DNR-08715,9,4041.26,449.03,50.0,0,2,2,8
DNR-08716,2,297.88,148.94,172.0,0,0,1,1
DNR-08717,4,46980.59,11745.15,237.0,0,0,1,4
DNR-08718,5,3120.39,624.08,26.0,1,3,5,5
DNR-08719,12,54670.26,4555.85,3.0,3,5,12,12
DNR-08720,6,2546.11,424.35,97.0,0,0,1,6
DNR-08721,6,1822.28,303.71,375.0,0,0,0,6
DNR-08722,4,279.18,69.8,419.0,0,0,0,4
DNR-08723,4,53719.05,13429.76,7.0,3,4,4,4
DNR-08724,4,160.53,40.13,8.0,1,2,3,4
DNR-08725,1,62.96,62.96,190.0,0,0,1,1
DNR-08726,4,668.67,167.17,198.0,0,0,2,4
DNR-08727,5,272.76,54.55,83.0,0,1,5,5
DNR-08728,4,1996.52,499.13,804.0,0,0,0,4
DNR-08729,1,9422.32,9422.32,111.0,0,0,1,1
DNR-08730,1,43177.3,43177.3,169.0,0,0,1,1
DNR-08731,4,60284.56,15071.14,137.0,0,0,1,4
DNR-08732,4,576.84,144.21,213.0,0,0,1,4
DNR-08733,5,1561.31,312.26,312.0,0,0,1,5
DNR-08734,8,2851.28,356.41,33.0,0,1,3,7
DNR-08735,6,242649.89,40441.65,23.0,2,5,6,5
DNR-08736,4,277.45,69.36,1.0,1,1,4,4
DNR-08737,5,855.44,171.09,235.0,0,0,1,5
DNR-08738,6,388.1,64.68,106.0,0,0,1,6
DNR-08739,5,1330.3,266.06,92.0,0,0,4,5
DNR-08740,8,3238.25,404.78,23.0,2,4,8,8
DNR-08741,4,500.87,125.22,85.0,0,1,4,4
DNR-08742,4,2217.76,554.44,126.0,0,0,1,4
DNR-08743,5,754.06,150.81,459.0,0,0,0,5
DNR-08744,5,357.3,71.46,255.0,0,0,1,5
DNR-08745,8,554.84,69.36,262.0,0,0,1,8
DNR-08746,7,34947.35,4992.48,64.0,0,3,7,7
DNR-08747,3,1049.68,349.89,82.0,0,1,3,3
DNR-08748,3,15861.96,5287.32,22.0,2,3,3,3
DNR-08749,5,584.56,116.91,3.0,2,3,5,5
DNR-08750,3,1117.06,372.35,733.0,0,0,0,3
DNR-08751,8,474.84,59.36,5.0,1,8,8,7
DNR-08752,6,1828.86,304.81,118.0,0,0,6,6
DNR-08753,5,2210.17,442.03,245.0,0,0,1,5
DNR-08754,10,46299.4,4629.94,40.0,0,2,6,10
DNR-08755,3,604.04,201.35,662.0,0,0,0,3
DNR-08756,7,744.1,106.3,18.0,2,3,7,6
DNR-08757,6,2061.03,343.51,43.0,0,1,2,6
DNR-08758,2,57.55,28.78,1082.0,0,0,0,2
DNR-08759,5,757.13,151.43,6.0,1,2,5,5
DNR-08760,4,137.03,34.26,102.0,0,0,2,4
DNR-08761,4,784.66,196.16,27.0,1,1,1,4
DNR-08762,7,879.22,125.6,313.0,0,0,1,6
DNR-08763,7,139617.42,19945.35,16.0,1,2,2,7
DNR-08764,5,29630.35,5926.07,278.0,0,0,2,5
DNR-08765,5,1570.11,314.02,410.0,0,0,0,5
DNR-08766,4,718.59,179.65,168.0,0,0,1,4
DNR-08767,4,630.06,157.51,409.0,0,0,0,4
DNR-08768,9,3201.67,355.74,131.0,0,0,3,9
DNR-08769,8,1886.66,235.83,2.0,6,8,8,7
DNR-08770,4,2358.69,589.67,264.0,0,0,2,3
DNR-08771,5,245.33,49.07,185.0,0,0,2,5
DNR-08772,2,118.43,59.22,75.0,0,1,2,2
DNR-08773,4,244.9,61.22,80.0,0,1,2,4
DNR-08774,6,728.71,121.45,62.0,0,1,6,6
DNR-08775,4,370.81,92.7,141.0,0,0,2,4
DNR-08776,5,72187.33,14437.47,21.0,1,1,2,4
DNR-08777,8,2627.53,328.44,166.0,0,0,7,7
DNR-08778,3,635.14,211.71,147.0,0,0,3,2
DNR-08779,4,609.18,152.29,26.0,1,1,3,4
DNR-08780,5,1236.71,247.34,247.0,0,0,1,5
DNR-08781,5,337.74,67.55,49.0,0,1,2,5
DNR-08782,4,3681.87,920.47,391.0,0,0,0,4
DNR-08783,8,2143.45,267.93,30.0,1,1,8,8
DNR-08784,4,2886.61,721.65,0.0,1,4,4,4
DNR-08785,5,2694.1,538.82,19.0,2,3,5,4
DNR-08786,4,366.25,91.56,549.0,0,0,0,4
DNR-08787,6,909.89,151.65,193.0,0,0,2,6
DNR-08788,5,506.62,101.32,613.0,0,0,0,5
DNR-08789,8,921.19,115.15,86.0,0,1,6,8
DNR-08790,4,186.85,46.71,213.0,0,0,2,4
DNR-08791,3,177.49,59.16,43.0,0,1,3,3
DNR-08792,4,73989.21,18497.3,106.0,0,0,2,4
DNR-08793,4,1652.52,413.13,57.0,0,2,3,4
DNR-08794,7,27718.57,3959.8,101.0,0,0,2,7
DNR-08795,2,343.68,171.84,275.0,0,0,1,2
DNR-08796,3,223.36,74.45,45.0,0,1,2,3
DNR-08797,5,474.09,94.82,45.0,0,1,2,5
DNR-08798,4,217.23,54.31,26.0,1,1,4,4
DNR-08799,5,4047.97,809.59,250.0,0,0,2,5
DNR-08800,5,216.54,43.31,150.0,0,0,4,4
DNR-08801,6,1014.8,169.13,138.0,0,0,2,5
DNR-08802,5,579.57,115.91,166.0,0,0,2,5
DNR-08803,6,469.37,78.23,111.0,0,0,3,5
DNR-08804,5,1039.02,207.8,54.0,0,1,2,5
DNR-08805,8,1145.73,143.22,117.0,0,0,1,8
DNR-08806,7,785.58,112.23,371.0,0,0,0,7
DNR-08807,7,816.06,116.58,229.0,0,0,1,6
DNR-08808,8,34109.32,4263.66,1.0,1,1,3,8
DNR-08809,3,681.15,227.05,400.0,0,0,0,3
DNR-08810,6,351.6,58.6,198.0,0,0,2,6
DNR-08811,4,603.55,150.89,43.0,0,2,2,4
DNR-08812,3,869.62,289.87,18.0,1,1,2,3
DNR-08813,10,244792.67,24479.27,55.0,0,5,10,8
DNR-08814,5,63209.64,12641.93,205.0,0,0,2,5
DNR-08815,10,1091.2,109.12,30.0,1,2,3,10
DNR-08816,8,1580.34,197.54,133.0,0,0,1,7
DNR-08817,3,177.02,59.01,123.0,0,0,2,3
DNR-08818,1,46265.53,46265.53,125.0,0,0,1,1
DNR-08819,5,314.78,62.96,28.0,1,2,4,5
DNR-08820,2,10326.02,5163.01,258.0,0,0,2,2
DNR-08821,7,81265.33,11609.33,191.0,0,0,1,7
DNR-08822,4,641.68,160.42,201.0,0,0,3,4
DNR-08823,5,425.82,85.16,160.0,0,0,2,5
DNR-08824,2,270.13,135.06,27.0,1,1,2,2
DNR-08825,11,3221.57,292.87,60.0,0,1,3,10
DNR-08826,3,23562.72,7854.24,13.0,1,3,3,3
DNR-08827,5,1093.01,218.6,28.0,1,2,3,5
DNR-08828,6,335.36,55.89,25.0,2,2,5,6
DNR-08829,3,364.02,121.34,487.0,0,0,0,3
DNR-08830,3,464.32,154.77,20.0,1,1,2,3
DNR-08831,8,1954.69,244.34,216.0,0,0,1,8
DNR-08832,8,314.56,39.32,10.0,1,1,3,8
DNR-08833,6,332.32,55.39,133.0,0,0,5,6
DNR-08834,6,1254.36,209.06,13.0,1,2,4,6
DNR-08835,6,901.13,150.19,141.0,0,0,2,6
DNR-08836,3,473.88,157.96,310.0,0,0,1,3
DNR-08837,4,2574.71,643.68,1.0,1,1,3,4
DNR-08838,3,142.37,47.46,110.0,0,0,3,3
DNR-08839,11,2259.74,205.43,305.0,0,0,2,10
DNR-08840,4,1928.32,482.08,211.0,0,0,1,4
DNR-08841,5,95424.07,19084.81,2.0,1,2,5,5
DNR-08842,2,537.01,268.5,125.0,0,0,2,2
DNR-08843,8,2856.9,357.11,3.0,1,3,8,8
DNR-08844,4,240.28,60.07,196.0,0,0,2,4
DNR-08845,6,420.32,70.05,266.0,0,0,2,6
DNR-08846,8,1194.99,149.37,20.0,1,1,8,8
DNR-08847,4,1002.87,250.72,245.0,0,0,2,4
DNR-08848,3,1984.94,661.65,783.0,0,0,0,3
DNR-08849,7,3325.18,475.03,499.0,0,0,0,7
DNR-08850,5,21756.65,4351.33,88.0,0,1,2,5
DNR-08851,3,193.49,64.5,399.0,0,0,0,3
DNR-08852,8,3189.75,398.72,10.0,2,5,8,8
DNR-08853,9,229643.36,25515.93,114.0,0,0,9,8
DNR-08854,3,304.38,101.46,255.0,0,0,3,3
DNR-08855,4,544.54,136.14,58.0,0,3,4,4
DNR-08856,11,49312.99,4483.0,163.0,0,0,3,10
DNR-08857,2,75.69,37.84,558.0,0,0,0,2
DNR-08858,10,1171.89,117.19,80.0,0,1,3,10
DNR-08859,5,559.06,111.81,90.0,0,1,5,5
DNR-08860,2,109.59,54.8,100.0,0,0,2,2
DNR-08861,2,58.25,29.12,457.0,0,0,0,2
DNR-08862,5,1996.48,399.3,118.0,0,0,2,5
DNR-08863,3,463.11,154.37,168.0,0,0,2,3
DNR-08864,9,2047.49,227.5,111.0,0,0,7,9
DNR-08865,5,573.59,114.72,48.0,0,1,2,5
DNR-08866,6,1532.24,255.37,98.0,0,0,5,6
DNR-08867,5,4020.12,804.02,507.0,0,0,0,5
DNR-08868,8,89203.73,11150.47,20.0,1,2,4,8
DNR-08869,1,33.25,33.25,258.0,0,0,1,1
DNR-08870,7,2233.47,319.07,23.0,1,2,7,7
DNR-08871,5,3493.2,698.64,68.0,0,2,5,5
DNR-08872,4,88029.16,22007.29,12.0,1,1,4,4
DNR-08873,7,34282.3,4897.47,244.0,0,0,1,7
DNR-08874,7,2518.24,359.75,83.0,0,1,2,7
DNR-08875,4,209.63,52.41,1.0,1,2,4,4
DNR-08876,3,17867.27,5955.76,60.0,0,2,3,3
DNR-08877,6,3122.1,520.35,218.0,0,0,2,6
DNR-08878,3,48095.7,16031.9,216.0,0,0,1,3
DNR-08879,3,584.65,194.88,387.0,0,0,0,3
DNR-08880,10,1276.31,127.63,6.0,1,2,6,10
DNR-08881,7,863.55,123.36,0.0,1,4,7,7
DNR-08882,7,693.83,99.12,68.0,0,1,4,7
DNR-08883,3,121.1,40.37,100.0,0,0,1,3
DNR-08884,5,590.86,118.17,91.0,0,0,1,5
DNR-08885,9,3992.33,443.59,103.0,0,0,7,9
DNR-08886,2,112.14,56.07,1457.0,0,0,0,1
DNR-08887,6,170265.98,28377.66,22.0,1,1,6,6
DNR-08888,5,231.13,46.23,87.0,0,1,5,5
DNR-08889,2,150.62,75.31,8.0,1,1,1,2
DNR-08890,2,1601.9,800.95,19.0,2,2,2,2
DNR-08891,7,594.68,84.95,5.0,5,7,7,7
DNR-08892,5,2105.16,421.03,4.0,1,1,4,5
DNR-08893,5,456.72,91.34,346.0,0,0,1,5
DNR-08894,4,115984.49,28996.12,24.0,1,2,2,4
DNR-08895,3,757.08,252.36,116.0,0,0,1,3
DNR-08896,5,614.01,122.8,115.0,0,0,3,4
DNR-08897,6,2173.22,362.2,19.0,1,1,4,6
DNR-08898,3,1957.98,652.66,71.0,0,1,3,3
DNR-08899,7,466.83,66.69,66.0,0,1,3,7
DNR-08900,6,2720.71,453.45,9.0,1,1,6,6
DNR-08901,4,604.84,151.21,92.0,0,0,4,4
DNR-08902,3,649.21,216.4,340.0,0,0,1,3
DNR-08903,5,2840.57,568.11,3.0,4,5,5,5
DNR-08904,10,3432.98,343.3,96.0,0,0,5,10
DNR-08905,5,806.37,161.27,286.0,0,0,1,5
DNR-08906,7,2632.99,376.14,89.0,0,1,4,7
DNR-08907,4,56404.33,14101.08,261.0,0,0,2,4
DNR-08908,6,166722.78,27787.13,1.0,1,1,3,6
DNR-08909,3,500.71,166.9,93.0,0,0,3,3
DNR-08910,7,1724.82,246.4,47.0,0,3,7,7
DNR-08911,3,13402.03,4467.34,169.0,0,0,2,3
DNR-08912,3,2264.24,754.75,1.0,1,1,1,3
DNR-08913,4,3025.24,756.31,154.0,0,0,2,4
DNR-08914,7,1558.55,222.65,19.0,3,7,7,6
DNR-08915,6,837.07,139.51,173.0,0,0,3,5
DNR-08916,7,847.45,121.06,170.0,0,0,2,6
DNR-08917,3,230.61,76.87,186.0,0,0,1,3
DNR-08918,2,166.9,83.45,66.0,0,1,1,2
DNR-08919,1,21.4,21.4,1592.0,0,0,0,1
DNR-08920,5,473.44,94.69,147.0,0,0,1,4
DNR-08921,10,1090.2,109.02,247.0,0,0,3,9
DNR-08922,6,979.74,163.29,52.0,0,1,4,6
DNR-08923,5,308.08,61.62,49.0,0,1,2,5
DNR-08924,2,113.48,56.74,207.0,0,0,2,2
DNR-08925,2,2414.37,1207.18,484.0,0,0,0,2
DNR-08926,6,2263.54,377.26,47.0,0,1,3,6
DNR-08927,1,14.81,14.81,38.0,0,1,1,1
DNR-08928,3,149.52,49.84,73.0,0,1,1,3
DNR-08929,7,2103.12,300.45,97.0,0,0,4,7
DNR-08930,4,148.2,37.05,66.0,0,1,2,4
DNR-08931,8,662.43,82.8,49.0,0,1,3,8
DNR-08932,7,45853.14,6550.45,485.0,0,0,0,7
DNR-08933,4,47342.18,11835.54,122.0,0,0,3,4
DNR-08934,3,46735.06,15578.35,2.0,1,3,3,3
DNR-08935,2,263.0,131.5,41.0,0,1,2,2
DNR-08936,3,104.71,34.9,313.0,0,0,1,3
DNR-08937,7,2965.25,423.61,167.0,0,0,4,7
DNR-08938,2,2510.28,1255.14,31.0,0,2,2,2
DNR-08939,4,363.46,90.86,400.0,0,0,0,4
DNR-08940,6,2634.44,439.07,471.0,0,0,0,5
DNR-08941,4,265.04,66.26,438.0,0,0,0,4
DNR-08942,2,1518.86,759.43,32.0,0,2,2,2
DNR-08943,5,526.17,105.23,3.0,1,1,4,5
DNR-08944,5,292.05,58.41,77.0,0,2,5,5
DNR-08945,2,104.33,52.16,621.0,0,0,0,2
DNR-08946,4,968.06,242.02,68.0,0,1,3,4
DNR-08947,6,846.97,141.16,140.0,0,0,1,6
DNR-08948,4,317.07,79.27,18.0,1,1,4,4
DNR-08949,5,314.28,62.86,20.0,1,1,4,5
DNR-08950,6,775.73,129.29,432.0,0,0,0,6
DNR-08951,5,406.26,81.25,88.0,0,1,5,5
DNR-08952,7,3588.27,512.61,216.0,0,0,1,7
DNR-08953,2,445.76,222.88,192.0,0,0,1,2
DNR-08954,4,2064.41,516.1,68.0,0,1,4,4
DNR-08955,4,2784.2,696.05,245.0,0,0,1,4
DNR-08956,3,129.7,43.23,77.0,0,2,3,3
DNR-08957,5,729.26,145.85,794.0,0,0,0,5
DNR-08958,4,615.95,153.99,726.0,0,0,0,4
DNR-08959,1,24.22,24.22,265.0,0,0,1,1
DNR-08960,3,701.22,233.74,61.0,0,1,3,3
DNR-08961,4,43781.53,10945.38,32.0,0,1,3,4
DNR-08962,3,206.22,68.74,455.0,0,0,0,3
DNR-08963,7,791.71,113.1,59.0,0,2,3,7
DNR-08964,2,121.38,60.69,9.0,2,2,2,2
DNR-08965,6,383.6,63.93,238.0,0,0,2,6
DNR-08966,9,918.89,102.1,61.0,0,2,8,8
DNR-08967,1,163.3,163.3,553.0,0,0,0,1
DNR-08968,1,88.17,88.17,162.0,0,0,1,1
DNR-08969,3,11791.15,3930.38,250.0,0,0,2,3
DNR-08970,4,182.08,45.52,63.0,0,2,4,4
DNR-08971,5,268.74,53.75,10.0,1,1,1,5
DNR-08972,8,663.58,82.95,1.0,1,1,1,8
DNR-08973,8,957.07,119.63,36.0,0,2,8,8
DNR-08974,5,579.57,115.91,13.0,1,1,5,4
DNR-08975,2,35928.49,17964.24,7.0,2,2,2,2
DNR-08976,4,176.18,44.04,348.0,0,0,1,4
DNR-08977,1,671.91,671.91,125.0,0,0,1,1
DNR-08978,3,2324.19,774.73,211.0,0,0,1,3
DNR-08979,4,1524.6,381.15,317.0,0,0,1,4
DNR-08980,5,306.84,61.37,294.0,0,0,2,5
DNR-08981,3,631.35,210.45,176.0,0,0,2,3
DNR-08982,2,98.02,49.01,39.0,0,1,1,2
DNR-08983,5,651.99,130.4,186.0,0,0,1,5
DNR-08984,7,792.91,113.27,97.0,0,0,1,7
DNR-08985,8,3350.23,418.78,24.0,1,1,4,8
DNR-08986,9,3691.36,410.15,11.0,2,7,9,9
DNR-08987,7,1082.94,154.71,333.0,0,0,1,7
DNR-08988,4,412.12,103.03,162.0,0,0,1,4
DNR-08989,5,538.81,107.76,36.0,0,1,4,5
DNR-08990,4,718.27,179.57,588.0,0,0,0,4
DNR-08991,4,310.33,77.58,28.0,1,1,1,4
DNR-08992,6,32044.45,5340.74,1.0,2,3,4,6
DNR-08993,4,861.81,215.45,392.0,0,0,0,4
DNR-08994,5,606.92,121.38,103.0,0,0,5,5
DNR-08995,5,1627.56,325.51,2.0,2,3,5,5
DNR-08996,2,541.59,270.8,15.0,1,2,2,2
DNR-08997,2,458.87,229.44,1292.0,0,0,0,2
DNR-08998,7,164868.91,23552.7,109.0,0,0,3,7
DNR-08999,2,62.68,31.34,102.0,0,0,2,2
DNR-09000,5,22726.28,4545.26,138.0,0,0,3,5
DNR-09001,5,230.5,46.1,30.0,1,1,1,5
DNR-09002,7,395.63,56.52,25.0,1,1,2,7
DNR-09003,8,1594.7,199.34,9.0,3,5,8,7
DNR-09004,4,358.87,89.72,450.0,0,0,0,4
DNR-09005,6,608.24,101.37,63.0,0,1,4,6
DNR-09006,4,380.96,95.24,636.0,0,0,0,4
DNR-09007,7,3986.61,569.52,0.0,1,7,7,7
DNR-09008,6,156380.06,26063.34,77.0,0,1,3,6
DNR-09009,5,596.55,119.31,299.0,0,0,2,5
DNR-09010,8,155391.09,19423.89,83.0,0,1,2,8
DNR-09011,6,938.66,156.44,7.0,2,6,6,6
DNR-09012,2,140.01,70.0,500.0,0,0,0,2
DNR-09013,2,50487.25,25243.62,9.0,1,2,2,2
DNR-09014,7,939.44,134.21,50.0,0,1,6,7
DNR-09015,3,1709.11,569.7,497.0,0,0,0,3
DNR-09016,5,1532.99,306.6,63.0,0,2,5,5
DNR-09017,5,470.42,94.08,449.0,0,0,0,5
DNR-09018,7,2057.66,293.95,111.0,0,0,2,7
DNR-09019,5,1462.54,292.51,66.0,0,1,1,5
DNR-09020,8,2456.27,307.03,97.0,0,0,6,8
DNR-09021,3,223.16,74.39,138.0,0,0,1,3
DNR-09022,5,332.45,66.49,76.0,0,1,2,5
DNR-09023,5,571.7,114.34,25.0,1,3,5,5
DNR-09024,9,2815.24,312.8,50.0,0,1,5,8
DNR-09025,11,1263.25,114.84,97.0,0,0,4,11
DNR-09026,3,544.5,181.5,92.0,0,0,1,3
DNR-09027,3,318.45,106.15,418.0,0,0,0,3
DNR-09028,9,38056.87,4228.54,9.0,5,9,9,9
DNR-09029,8,804.58,100.57,402.0,0,0,0,8
DNR-09030,7,3039.53,434.22,20.0,1,2,2,7
DNR-09031,6,307.89,51.32,65.0,0,1,1,6
DNR-09032,6,722.31,120.38,159.0,0,0,1,6
DNR-09033,1,10908.31,10908.31,151.0,0,0,1,1
DNR-09034,4,1986.35,496.59,35.0,0,1,1,4
DNR-09035,3,731.12,243.71,69.0,0,2,3,3
DNR-09036,5,599.49,119.9,63.0,0,2,5,5
DNR-09037,10,2668.47,266.85,222.0,0,0,4,9
DNR-09038,8,2565.61,320.7,0.0,1,2,6,7
DNR-09039,5,617.93,123.59,147.0,0,0,3,5
DNR-09040,7,2939.08,419.87,11.0,1,2,6,7
DNR-09041,4,132271.72,33067.93,32.0,0,1,1,4
DNR-09042,8,2068.27,258.53,40.0,0,8,8,7
DNR-09043,3,528.29,176.1,124.0,0,0,3,3
DNR-09044,8,1430.49,178.81,221.0,0,0,2,8
DNR-09045,4,573.73,143.43,40.0,0,1,2,4
DNR-09046,8,849.45,106.18,99.0,0,0,3,7
DNR-09047,6,671.05,111.84,219.0,0,0,3,6
DNR-09048,5,756.27,151.25,105.0,0,0,5,5
DNR-09049,6,410.6,68.43,89.0,0,1,3,6
DNR-09050,1,1953.47,1953.47,160.0,0,0,1,1
DNR-09051,2,16260.77,8130.38,273.0,0,0,2,2
DNR-09052,7,1860.04,265.72,244.0,0,0,3,7
DNR-09053,4,196.58,49.14,204.0,0,0,1,4
DNR-09054,8,784.97,98.12,143.0,0,0,2,8
DNR-09055,5,459.57,91.91,29.0,1,1,5,5
DNR-09056,4,492.87,123.22,481.0,0,0,0,4
DNR-09057,5,70185.41,14037.08,77.0,0,2,5,5
DNR-09058,9,58295.48,6477.28,11.0,2,3,6,9
DNR-09059,4,627.2,156.8,213.0,0,0,2,4
DNR-09060,5,334.8,66.96,8.0,1,1,5,5
DNR-09061,2,12915.62,6457.81,127.0,0,0,2,2
DNR-09062,2,138.53,69.26,493.0,0,0,0,2
DNR-09063,7,482.66,68.95,110.0,0,0,4,7
DNR-09064,5,837.83,167.57,17.0,1,1,4,5
DNR-09065,1,87.77,87.77,1055.0,0,0,0,1
DNR-09066,8,3343.79,417.97,10.0,1,2,3,7
DNR-09067,3,413.32,137.77,518.0,0,0,0,3
DNR-09068,5,664.55,132.91,72.0,0,2,5,5
DNR-09069,7,98008.75,14001.25,8.0,1,3,6,7
DNR-09070,6,198.33,33.06,6.0,1,2,3,6
DNR-09071,6,95955.01,15992.5,82.0,0,1,6,6
DNR-09072,11,1271.76,115.61,53.0,0,1,2,10
DNR-09073,3,202.24,67.41,97.0,0,0,3,3
DNR-09074,9,3470.84,385.65,86.0,0,1,8,9
DNR-09075,9,1269.23,141.03,485.0,0,0,0,9
DNR-09076,3,451.24,150.41,423.0,0,0,0,3
DNR-09077,5,648.05,129.61,50.0,0,4,5,5
DNR-09078,6,1355.13,225.86,18.0,1,2,6,6
DNR-09079,10,918.86,91.89,346.0,0,0,1,10
DNR-09080,6,24042.74,4007.12,0.0,6,6,6,6
DNR-09081,6,1153.03,192.17,152.0,0,0,5,6
DNR-09082,6,648.89,108.15,102.0,0,0,4,6
DNR-09083,7,1123.54,160.51,36.0,0,3,4,7
DNR-09084,3,482.7,160.9,222.0,0,0,1,3
DNR-09085,4,560.51,140.13,63.0,0,1,2,4
DNR-09086,8,2394.86,299.36,53.0,0,1,8,6
DNR-09087,5,333.32,66.66,31.0,0,1,2,5
DNR-09088,9,1722.25,191.36,343.0,0,0,1,8
DNR-09089,6,14833.8,2472.3,498.0,0,0,0,5
DNR-09090,9,3126.56,347.4,73.0,0,2,5,9
DNR-09091,3,324.95,108.32,110.0,0,0,2,3
DNR-09092,0,0.0,0.0,,0,0,0,0
DNR-09093,4,374.85,93.71,332.0,0,0,3,4
DNR-09094,8,2709.84,338.73,53.0,0,2,5,8
DNR-09095,4,131.3,32.83,80.0,0,1,2,4
DNR-09096,6,1113.95,185.66,14.0,1,2,4,6
DNR-09097,2,160.02,80.01,294.0,0,0,1,2
DNR-09098,7,401.43,57.35,43.0,0,1,4,7
DNR-09099,5,94221.13,18844.23,69.0,0,1,5,5
DNR-09100,3,166.75,55.58,18.0,1,2,2,3
DNR-09101,2,144.39,72.19,21.0,1,2,2,2
DNR-09102,3,15574.36,5191.45,547.0,0,0,0,3
DNR-09103,6,2963.87,493.98,198.0,0,0,1,6
DNR-09104,4,637.75,159.44,20.0,1,1,1,4
DNR-09105,6,1264.44,210.74,30.0,1,1,2,6
DNR-09106,7,606.14,86.59,508.0,0,0,0,6
DNR-09107,4,548.04,137.01,92.0,0,0,4,4
DNR-09108,2,133.24,66.62,1039.0,0,0,0,2
DNR-09109,1,35.53,35.53,40.0,0,1,1,1
DNR-09110,3,161.02,53.67,3.0,1,2,2,3
DNR-09111,2,67.36,33.68,16.0,1,1,1,2
DNR-09112,5,160837.98,32167.6,34.0,0,1,2,4
DNR-09113,4,505.57,126.39,245.0,0,0,3,4
DNR-09114,6,1371.64,228.61,47.0,0,2,3,6
DNR-09115,7,3080.53,440.08,16.0,1,1,5,7
DNR-09116,4,2577.48,644.37,179.0,0,0,1,4
DNR-09117,4,2463.82,615.96,7.0,3,4,4,4
DNR-09118,5,473.59,94.72,85.0,0,1,4,5
DNR-09119,4,379.3,94.82,64.0,0,1,4,4
DNR-09120,4,486.43,121.61,103.0,0,0,2,4
DNR-09121,7,2965.68,423.67,65.0,0,3,7,6
DNR-09122,6,4470.49,745.08,347.0,0,0,2,6
DNR-09123,5,291.53,58.31,55.0,0,1,4,5
DNR-09124,1,364.06,364.06,22.0,1,1,1,1
DNR-09125,5,2690.62,538.12,47.0,0,1,5,5
DNR-09126,3,412.29,137.43,68.0,0,1,3,2
DNR-09127,7,1256.22,179.46,68.0,0,1,3,6
DNR-09128,9,2792.1,310.23,76.0,0,1,6,9
DNR-09129,2,203.6,101.8,275.0,0,0,2,2
DNR-09130,4,424.39,106.1,133.0,0,0,2,4
DNR-09131,4,262.21,65.55,4.0,2,4,4,4
DNR-09132,8,1871.99,234.0,21.0,1,1,3,8
DNR-09133,8,4315.8,539.48,124.0,0,0,2,8
DNR-09134,9,3952.85,439.21,27.0,1,1,4,9
DNR-09135,5,167517.15,33503.43,572.0,0,0,0,5
DNR-09136,1,48.61,48.61,17.0,1,1,1,1
DNR-09137,7,2063.67,294.81,70.0,0,1,5,7
DNR-09138,2,33.76,16.88,870.0,0,0,0,2
DNR-09139,7,585.22,83.6,16.0,3,3,5,7
DNR-09140,0,0.0,0.0,,0,0,0,0
DNR-09141,6,2316.51,386.08,63.0,0,1,2,6
DNR-09142,3,437.06,145.69,313.0,0,0,1,3
DNR-09143,12,4185.19,348.77,95.0,0,0,3,11
DNR-09144,6,224592.56,37432.09,33.0,0,2,3,6
DNR-09145,6,1249.2,208.2,4.0,2,6,6,6
DNR-09146,6,269.52,44.92,139.0,0,0,5,6
DNR-09147,2,120.15,60.08,70.0,0,1,2,2
DNR-09148,4,3038.73,759.68,673.0,0,0,0,4
DNR-09149,6,2275.32,379.22,88.0,0,1,3,6
DNR-09150,6,1920.19,320.03,281.0,0,0,2,5
DNR-09151,4,898.59,224.65,19.0,1,1,4,4
DNR-09152,2,127.34,63.67,535.0,0,0,0,2
DNR-09153,8,3311.52,413.94,438.0,0,0,0,8
DNR-09154,5,351.76,70.35,213.0,0,0,2,5
DNR-09155,6,4006.59,667.76,161.0,0,0,1,6
DNR-09156,3,291.06,97.02,2.0,2,3,3,3
DNR-09157,2,499.96,249.98,40.0,0,1,1,2
DNR-09158,1,65.93,65.93,16.0,1,1,1,1
DNR-09159,6,2631.79,438.63,41.0,0,2,6,6
DNR-09160,7,836.37,119.48,111.0,0,0,3,6
DNR-09161,5,2463.74,492.75,395.0,0,0,0,4
DNR-09162,6,983.77,163.96,41.0,0,3,6,6
DNR-09163,6,1526.97,254.5,264.0,0,0,3,5
DNR-09164,4,634.79,158.7,0.0,2,2,4,4
DNR-09165,5,322.32,64.46,173.0,0,0,3,4
DNR-09166,2,10740.51,5370.26,7.0,1,1,1,2
DNR-09167,11,84018.27,7638.02,104.0,0,0,11,10
DNR-09168,5,871.79,174.36,282.0,0,0,1,5
DNR-09169,9,2764.71,307.19,134.0,0,0,6,9
DNR-09170,9,4121.68,457.96,89.0,0,1,4,8
DNR-09171,6,822.42,137.07,179.0,0,0,1,6
DNR-09172,2,513.76,256.88,689.0,0,0,0,2
DNR-09173,6,794.19,132.36,55.0,0,1,2,6
DNR-09174,3,14001.86,4667.29,1.0,1,1,1,3
DNR-09175,2,224.91,112.46,544.0,0,0,0,2
DNR-09176,6,2723.51,453.92,3.0,1,2,2,6
DNR-09177,6,650.03,108.34,412.0,0,0,0,6
DNR-09178,11,1129.83,102.71,39.0,0,1,5,10
DNR-09179,6,568.73,94.79,178.0,0,0,2,5
DNR-09180,5,128433.29,25686.66,159.0,0,0,3,5
DNR-09181,2,502.9,251.45,614.0,0,0,0,2
DNR-09182,6,3521.9,586.98,364.0,0,0,1,6
DNR-09183,3,2602.9,867.63,32.0,0,1,1,3
DNR-09184,5,2476.14,495.23,191.0,0,0,5,5
DNR-09185,4,2300.91,575.23,156.0,0,0,4,4
DNR-09186,6,2363.48,393.91,818.0,0,0,0,6
DNR-09187,8,39901.57,4987.7,189.0,0,0,4,7
DNR-09188,2,36.78,18.39,148.0,0,0,1,2
DNR-09189,4,702.58,175.64,66.0,0,1,4,4
DNR-09190,6,994.51,165.75,10.0,2,2,6,6
DNR-09191,9,4943.08,549.23,5.0,1,1,8,8
DNR-09192,4,411.91,102.98,38.0,0,4,4,4
DNR-09193,4,510.0,127.5,257.0,0,0,2,4
DNR-09194,3,41184.41,13728.14,1095.0,0,0,0,3
DNR-09195,5,314.66,62.93,18.0,1,1,2,5
DNR-09196,0,0.0,0.0,,0,0,0,0
DNR-09197,7,1502.47,214.64,387.0,0,0,0,7
DNR-09198,3,9692.79,3230.93,211.0,0,0,3,2
DNR-09199,5,689.79,137.96,462.0,0,0,0,5
DNR-09200,6,419.28,69.88,4.0,6,6,6,6
DNR-09201,6,33736.62,5622.77,31.0,0,1,5,6
DNR-09202,4,2351.19,587.8,10.0,2,3,4,4
DNR-09203,7,2372.91,338.99,181.0,0,0,1,7
DNR-09204,2,2259.63,1129.81,8.0,2,2,2,2
DNR-09205,4,318.81,79.7,312.0,0,0,1,4
DNR-09206,4,438.18,109.54,80.0,0,1,1,3
DNR-09207,6,566.28,94.38,48.0,0,1,4,5
DNR-09208,8,3904.82,488.1,97.0,0,0,2,7
DNR-09209,6,943.0,157.17,87.0,0,1,3,6
DNR-09210,4,111884.21,27971.05,225.0,0,0,2,4
DNR-09211,7,3432.08,490.3,94.0,0,0,6,6
DNR-09212,8,1504.73,188.09,49.0,0,1,2,7
DNR-09213,5,31005.37,6201.07,152.0,0,0,3,5
DNR-09214,4,441.27,110.32,197.0,0,0,4,4
DNR-09215,4,970.15,242.54,264.0,0,0,1,4
DNR-09216,2,99.39,49.7,22.0,1,2,2,2
DNR-09217,5,83360.8,16672.16,51.0,0,5,5,5
DNR-09218,4,2305.03,576.26,146.0,0,0,2,4
DNR-09219,4,124.79,31.2,35.0,0,3,4,4
DNR-09220,5,25399.11,5079.82,3.0,1,1,3,5
DNR-09221,7,290.69,41.53,9.0,1,2,3,7
DNR-09222,5,1602.2,320.44,298.0,0,0,1,5
DNR-09223,2,174.66,87.33,107.0,0,0,2,2
DNR-09224,7,2958.75,422.68,10.0,2,3,7,7
DNR-09225,6,3020.85,503.48,429.0,0,0,0,6
DNR-09226,3,6591.93,2197.31,52.0,0,1,2,3
DNR-09227,7,703.07,100.44,139.0,0,0,3,7
DNR-09228,7,480.87,68.7,29.0,1,2,4,7
DNR-09229,4,485.72,121.43,180.0,0,0,2,4
DNR-09230,4,24110.92,6027.73,458.0,0,0,0,4
DNR-09231,5,1089.5,217.9,697.0,0,0,0,5
DNR-09232,8,850.74,106.34,10.0,1,1,5,8
DNR-09233,4,324.67,81.17,372.0,0,0,0,4
DNR-09234,6,487.76,81.29,1.0,4,5,6,4
DNR-09235,6,1096.93,182.82,10.0,2,4,6,6
DNR-09236,7,44268.2,6324.03,55.0,0,2,3,7
DNR-09237,6,90922.82,15153.8,32.0,0,1,2,6
DNR-09238,1,41.75,41.75,248.0,0,0,1,1
DNR-09239,4,2026.39,506.6,15.0,1,1,3,3
DNR-09240,6,2606.77,434.46,198.0,0,0,2,6
DNR-09241,8,394.53,49.32,181.0,0,0,1,8
DNR-09242,4,514.15,128.54,357.0,0,0,1,4
DNR-09243,8,1049.79,131.22,152.0,0,0,1,8
DNR-09244,7,2055.92,293.7,35.0,0,2,5,7
DNR-09245,4,19606.18,4901.54,344.0,0,0,1,4
DNR-09246,4,2566.14,641.54,8.0,1,2,4,4
DNR-09247,4,408.88,102.22,136.0,0,0,4,4
DNR-09248,5,27844.15,5568.83,41.0,0,4,5,5
DNR-09249,4,526.04,131.51,366.0,0,0,0,3
DNR-09250,9,3323.64,369.29,79.0,0,1,9,9
DNR-09251,7,3366.4,480.91,7.0,1,2,3,7
DNR-09252,3,364.1,121.37,691.0,0,0,0,3
DNR-09253,8,132352.49,16544.06,220.0,0,0,2,8
DNR-09254,5,278.55,55.71,284.0,0,0,1,5
DNR-09255,7,2014.62,287.8,21.0,1,1,7,7
DNR-09256,5,91800.12,18360.02,416.0,0,0,0,5
DNR-09257,2,50.65,25.32,494.0,0,0,0,2
DNR-09258,2,53030.15,26515.08,157.0,0,0,2,2
DNR-09259,4,200.37,50.09,21.0,1,1,4,4
DNR-09260,5,480.38,96.08,157.0,0,0,1,5
DNR-09261,10,134625.76,13462.58,18.0,1,5,10,10
DNR-09262,9,2794.61,310.51,20.0,1,3,5,9
DNR-09263,12,141673.38,11806.12,86.0,0,1,7,12
DNR-09264,3,74075.76,24691.92,0.0,1,1,3,3
DNR-09265,3,350.38,116.79,327.0,0,0,2,3
DNR-09266,4,212.04,53.01,118.0,0,0,2,4
DNR-09267,5,44816.3,8963.26,117.0,0,0,1,5
DNR-09268,2,1918.25,959.12,437.0,0,0,0,2
DNR-09269,8,1206.81,150.85,110.0,0,0,2,8
DNR-09270,6,648.93,108.15,85.0,0,1,3,6
DNR-09271,2,68297.28,34148.64,76.0,0,1,1,2
DNR-09272,4,776.3,194.08,96.0,0,0,2,4
DNR-09273,10,4040.24,404.02,48.0,0,1,7,9
DNR-09274,6,281.33,46.89,155.0,0,0,2,6
DNR-09275,6,1070.15,178.36,17.0,1,2,4,6
DNR-09276,4,325.06,81.26,107.0,0,0,2,4
DNR-09277,8,578.78,72.35,16.0,3,8,8,8
DNR-09278,2,72.78,36.39,607.0,0,0,0,2
DNR-09279,5,1862.75,372.55,52.0,0,1,5,5
DNR-09280,4,2417.24,604.31,519.0,0,0,0,4
DNR-09281,2,18070.87,9035.44,211.0,0,0,2,2
DNR-09282,5,724.45,144.89,127.0,0,0,3,5
DNR-09283,7,2421.08,345.87,35.0,0,3,7,7
DNR-09284,4,325.52,81.38,111.0,0,0,3,4
DNR-09285,4,19805.07,4951.27,138.0,0,0,2,3
DNR-09286,2,336.48,168.24,530.0,0,0,0,2
DNR-09287,2,446.64,223.32,165.0,0,0,1,2
DNR-09288,3,105.41,35.14,41.0,0,2,3,3
DNR-09289,4,567.1,141.78,146.0,0,0,2,3
DNR-09290,5,1934.93,386.99,60.0,0,1,2,5
DNR-09291,2,97.14,48.57,146.0,0,0,1,2
DNR-09292,7,683.67,97.67,50.0,0,1,7,6
DNR-09293,6,1606.24,267.71,488.0,0,0,0,6
DNR-09294,6,1043.92,173.99,72.0,0,1,6,6
DNR-09295,5,192.24,38.45,0.0,2,3,5,5
DNR-09296,1,313.94,313.94,374.0,0,0,0,1
DNR-09297,10,2573.74,257.37,156.0,0,0,6,9
DNR-09298,8,624.31,78.04,237.0,0,0,3,8
DNR-09299,5,1104.16,220.83,72.0,0,1,3,5
DNR-09300,8,825.6,103.2,56.0,0,1,3,7
DNR-09301,4,224.93,56.23,13.0,3,4,4,4
DNR-09302,6,963.13,160.52,56.0,0,1,2,6
DNR-09303,8,1725.78,215.72,148.0,0,0,5,8
DNR-09304,4,287.51,71.88,1387.0,0,0,0,4
DNR-09305,2,137.83,68.91,85.0,0,1,2,2
DNR-09306,3,131.73,43.91,526.0,0,0,0,3
DNR-09307,1,22.16,22.16,845.0,0,0,0,1
DNR-09308,7,695.18,99.31,84.0,0,1,2,7
DNR-09309,10,67780.75,6778.08,31.0,0,1,3,9
DNR-09310,2,351.13,175.56,220.0,0,0,2,2
DNR-09311,2,8929.84,4464.92,294.0,0,0,1,2
DNR-09312,5,2783.83,556.77,2.0,4,5,5,5
DNR-09313,3,619.54,206.51,33.0,0,1,3,3
DNR-09314,7,1589.06,227.01,140.0,0,0,4,6
DNR-09315,8,44570.24,5571.28,199.0,0,0,3,8
DNR-09316,4,675.43,168.86,332.0,0,0,1,4
DNR-09317,5,254.41,50.88,264.0,0,0,1,5
DNR-09318,5,285.86,57.17,422.0,0,0,0,5
DNR-09319,3,116.85,38.95,53.0,0,1,3,3
DNR-09320,5,1647.95,329.59,100.0,0,0,4,5
DNR-09321,4,264.58,66.14,75.0,0,1,1,4
DNR-09322,13,5740.58,441.58,23.0,1,3,7,13
DNR-09323,4,249.89,62.47,808.0,0,0,0,4
DNR-09324,6,3227.27,537.88,73.0,0,1,2,6
DNR-09325,7,1887.28,269.61,20.0,2,2,5,7
DNR-09326,5,135173.02,27034.6,197.0,0,0,1,5
DNR-09327,4,2119.32,529.83,739.0,0,0,0,4
DNR-09328,4,31555.04,7888.76,209.0,0,0,1,4
DNR-09329,5,218.22,43.64,38.0,0,1,4,5
DNR-09330,4,670.81,167.7,59.0,0,1,2,4
DNR-09331,7,512.64,73.23,45.0,0,3,7,7
DNR-09332,6,2001.83,333.64,373.0,0,0,0,6
DNR-09333,4,1112.12,278.03,8.0,1,1,2,4
DNR-09334,4,220.01,55.0,72.0,0,2,4,4
DNR-09335,4,303.65,75.91,630.0,0,0,0,4
DNR-09336,4,841.6,210.4,121.0,0,0,4,4
DNR-09337,2,9370.65,4685.33,169.0,0,0,1,2
DNR-09338,3,775.86,258.62,386.0,0,0,0,3
DNR-09339,2,1720.54,860.27,159.0,0,0,1,2
DNR-09340,6,928.07,154.68,63.0,0,1,1,6
DNR-09341,6,2266.01,377.67,335.0,0,0,1,6
DNR-09342,1,16745.59,16745.59,758.0,0,0,0,1
DNR-09343,5,469.19,93.84,825.0,0,0,0,5
DNR-09344,6,3331.09,555.18,19.0,1,1,3,5
DNR-09345,8,624.92,78.11,4.0,1,2,6,8
DNR-09346,2,129.64,64.82,234.0,0,0,1,2
DNR-09347,7,1613.38,230.48,1.0,2,7,7,7
DNR-09348,10,778.99,77.9,123.0,0,0,3,9
DNR-09349,4,690.97,172.74,226.0,0,0,1,4
DNR-09350,3,118.56,39.52,43.0,0,1,1,3
DNR-09351,7,1346.49,192.36,188.0,0,0,1,7
DNR-09352,4,114832.1,28708.02,289.0,0,0,1,4
DNR-09353,6,27578.01,4596.34,829.0,0,0,0,6
DNR-09354,4,714.2,178.55,109.0,0,0,2,4
DNR-09355,1,99.12,99.12,90.0,0,1,1,1
DNR-09356,4,2625.53,656.38,13.0,3,3,4,4
DNR-09357,4,56879.67,14219.92,7.0,1,1,3,4
DNR-09358,8,862.52,107.82,68.0,0,1,2,8
DNR-09359,6,2813.38,468.9,183.0,0,0,2,6
DNR-09360,6,1094.23,182.37,12.0,1,3,5,6
DNR-09361,4,654.72,163.68,215.0,0,0,3,4
DNR-09362,8,632.43,79.05,12.0,1,2,8,6
DNR-09363,4,524.11,131.03,78.0,0,1,2,4
DNR-09364,4,831.6,207.9,33.0,0,3,4,4
DNR-09365,2,16227.24,8113.62,361.0,0,0,1,2
DNR-09366,8,1830.79,228.85,123.0,0,0,2,8
DNR-09367,3,9744.6,3248.2,115.0,0,0,1,3
DNR-09368,8,3059.79,382.47,680.0,0,0,0,8
DNR-09369,5,477.93,95.59,180.0,0,0,1,5
DNR-09370,9,2247.23,249.69,19.0,1,1,7,9
DNR-09371,2,171.14,85.57,158.0,0,0,1,2
DNR-09372,1,3962.13,3962.13,48.0,0,1,1,1
DNR-09373,5,2583.0,516.6,145.0,0,0,2,5
DNR-09374,2,179.32,89.66,128.0,0,0,2,2
DNR-09375,10,1803.52,180.35,10.0,1,1,2,10
DNR-09376,6,2861.47,476.91,159.0,0,0,3,6
DNR-09377,3,106.98,35.66,409.0,0,0,0,3
DNR-09378,6,1362.58,227.1,239.0,0,0,1,6
DNR-09379,5,273.27,54.65,1.0,2,5,5,5
DNR-09380,6,1049.88,174.98,774.0,0,0,0,6
DNR-09381,4,285.13,71.28,127.0,0,0,4,4
DNR-09382,3,491.9,163.97,278.0,0,0,2,3
DNR-09383,4,215.43,53.86,89.0,0,1,4,3
DNR-09384,5,945.33,189.07,71.0,0,1,3,5
DNR-09385,2,188.84,94.42,413.0,0,0,0,2
DNR-09386,1,737.66,737.66,1054.0,0,0,0,1
DNR-09387,6,818.93,136.49,68.0,0,1,1,6
DNR-09388,5,575.85,115.17,15.0,4,5,5,5
DNR-09389,2,344.71,172.36,730.0,0,0,0,2
DNR-09390,9,6392.99,710.33,13.0,2,2,5,9
DNR-09391,4,191.58,47.9,51.0,0,1,3,4
DNR-09392,6,2248.32,374.72,177.0,0,0,3,5
DNR-09393,8,3758.85,469.86,23.0,1,2,5,8
DNR-09394,6,423.16,70.53,98.0,0,0,1,6
DNR-09395,8,37041.97,4630.25,12.0,1,1,3,8
DNR-09396,7,1592.15,227.45,66.0,0,1,4,6
DNR-09397,2,158.14,79.07,590.0,0,0,0,2
DNR-09398,1,45.29,45.29,526.0,0,0,0,1
DNR-09399,7,426.86,60.98,169.0,0,0,1,7
DNR-09400,5,464.76,92.95,33.0,0,1,2,5
DNR-09401,1,248.53,248.53,264.0,0,0,1,1
DNR-09402,6,276.15,46.02,177.0,0,0,3,6
DNR-09403,10,3748.11,374.81,2.0,1,3,6,10
DNR-09404,7,377.64,53.95,20.0,1,6,7,7
DNR-09405,6,1300.5,216.75,378.0,0,0,0,6
DNR-09406,2,54.82,27.41,37.0,0,1,1,2
DNR-09407,4,18020.4,4505.1,183.0,0,0,2,3
DNR-09408,6,4015.57,669.26,101.0,0,0,2,6
DNR-09409,7,4382.69,626.1,1.0,4,7,7,7
DNR-09410,6,39822.18,6637.03,23.0,2,6,6,6
DNR-09411,5,2395.54,479.11,121.0,0,0,1,5
DNR-09412,5,385.38,77.08,29.0,1,1,1,5
DNR-09413,5,48991.61,9798.32,24.0,2,4,5,5
DNR-09414,3,21006.96,7002.32,334.0,0,0,1,3
DNR-09415,7,3078.08,439.73,78.0,0,1,3,6
DNR-09416,8,2223.34,277.92,46.0,0,1,1,7
DNR-09417,5,845.81,169.16,222.0,0,0,1,5
DNR-09418,3,994.16,331.39,509.0,0,0,0,3
DNR-09419,2,75.62,37.81,419.0,0,0,0,2
DNR-09420,6,1245.78,207.63,209.0,0,0,3,6
DNR-09421,8,54422.88,6802.86,244.0,0,0,3,6
DNR-09422,5,706.63,141.33,3.0,1,1,3,5
DNR-09423,6,97865.67,16310.94,262.0,0,0,1,6
DNR-09424,6,2451.58,408.6,78.0,0,1,6,6
DNR-09425,2,65.96,32.98,1278.0,0,0,0,2
DNR-09426,5,28128.16,5625.63,401.0,0,0,0,5
DNR-09427,3,515.18,171.73,204.0,0,0,3,3
DNR-09428,6,30481.81,5080.3,18.0,2,6,6,6
DNR-09429,4,552.71,138.18,167.0,0,0,1,4
DNR-09430,4,19536.19,4884.05,81.0,0,1,2,4
DNR-09431,7,3087.12,441.02,1016.0,0,0,0,7
DNR-09432,8,1151.25,143.91,49.0,0,2,4,8
DNR-09433,5,1893.93,378.79,37.0,0,2,5,4
DNR-09434,3,2239.07,746.36,506.0,0,0,0,3
DNR-09435,5,1054.15,210.83,250.0,0,0,1,5
DNR-09436,3,271.94,90.65,321.0,0,0,1,3
DNR-09437,4,1353.59,338.4,86.0,0,1,4,4
DNR-09438,2,7329.03,3664.52,985.0,0,0,0,2
DNR-09439,7,334.85,47.84,102.0,0,0,1,7
DNR-09440,3,496.65,165.55,336.0,0,0,1,3
DNR-09441,5,3776.93,755.39,205.0,0,0,2,5
DNR-09442,13,4596.53,353.58,10.0,3,9,13,13
DNR-09443,5,416.52,83.3,406.0,0,0,0,5
DNR-09444,3,202.21,67.4,31.0,0,3,3,3
DNR-09445,7,4047.93,578.28,32.0,0,2,4,7
DNR-09446,3,2485.44,828.48,341.0,0,0,1,3
DNR-09447,7,53181.42,7597.35,9.0,1,1,3,7
DNR-09448,7,2915.58,416.51,25.0,2,4,7,7
DNR-09449,3,50637.7,16879.23,53.0,0,1,3,3
DNR-09450,2,351.4,175.7,294.0,0,0,1,2
DNR-09451,5,129172.61,25834.52,190.0,0,0,1,5
DNR-09452,1,11.19,11.19,632.0,0,0,0,1
DNR-09453,5,934.6,186.92,88.0,0,1,3,5
DNR-09454,5,1221.47,244.29,29.0,1,1,4,5
DNR-09455,4,1028.94,257.24,295.0,0,0,2,4
DNR-09456,8,381.03,47.63,42.0,0,1,1,8
DNR-09457,4,675.47,168.87,256.0,0,0,1,4
DNR-09458,7,35329.93,5047.13,326.0,0,0,1,7
DNR-09459,4,779.27,194.82,121.0,0,0,3,3
DNR-09460,3,21193.62,7064.54,203.0,0,0,1,3
DNR-09461,8,1116.02,139.5,131.0,0,0,3,8
DNR-09462,2,19284.7,9642.35,360.0,0,0,1,2
DNR-09463,7,1592.6,227.51,522.0,0,0,0,7
DNR-09464,0,0.0,0.0,,0,0,0,0
DNR-09465,2,2602.55,1301.28,129.0,0,0,2,2
DNR-09466,1,345.0,345.0,1524.0,0,0,0,1
DNR-09467,4,166.14,41.54,100.0,0,0,1,4
DNR-09468,8,1008.81,126.1,74.0,0,1,3,8
DNR-09469,3,23001.24,7667.08,152.0,0,0,1,3
DNR-09470,6,185997.35,30999.56,31.0,0,2,6,6
DNR-09471,4,865.07,216.27,72.0,0,1,1,4
DNR-09472,6,1347.59,224.6,1.0,5,6,6,6
DNR-09473,6,29766.96,4961.16,192.0,0,0,2,5
DNR-09474,3,2380.04,793.35,286.0,0,0,2,3
DNR-09475,2,489.77,244.88,50.0,0,1,1,2
DNR-09476,3,671.22,223.74,47.0,0,1,3,3
DNR-09477,4,2613.59,653.4,30.0,1,1,4,4
DNR-09478,4,537.6,134.4,3.0,1,2,3,4
DNR-09479,4,24416.6,6104.15,175.0,0,0,2,4
DNR-09480,7,32625.63,4660.8,6.0,2,2,2,7
DNR-09481,8,951.01,118.88,7.0,7,8,8,8
DNR-09482,5,1581.74,316.35,43.0,0,1,2,5
DNR-09483,6,1007.1,167.85,47.0,0,2,2,6
DNR-09484,10,3763.02,376.3,196.0,0,0,3,9
DNR-09485,2,334.72,167.36,64.0,0,1,1,2
DNR-09486,7,1168.73,166.96,8.0,1,2,3,7
DNR-09487,4,288.44,72.11,236.0,0,0,2,4
DNR-09488,4,590.72,147.68,214.0,0,0,1,4
DNR-09489,2,150.12,75.06,200.0,0,0,1,2
DNR-09490,4,499.73,124.93,199.0,0,0,1,4
DNR-09491,4,842.95,210.74,106.0,0,0,2,4
DNR-09492,10,3608.42,360.84,5.0,4,10,10,10
DNR-09493,2,394.86,197.43,295.0,0,0,1,2
DNR-09494,4,1154.01,288.5,205.0,0,0,1,4
DNR-09495,0,0.0,0.0,,0,0,0,0
DNR-09496,3,2498.31,832.77,176.0,0,0,1,3
DNR-09497,6,35153.66,5858.94,183.0,0,0,2,6
DNR-09498,3,479.49,159.83,34.0,0,3,3,3
DNR-09499,3,242.52,80.84,313.0,0,0,2,3
DNR-09500,4,594.84,148.71,203.0,0,0,2,2
DNR-09501,10,132156.81,13215.68,85.0,0,1,2,10
DNR-09502,4,574.62,143.66,5.0,3,4,4,4
DNR-09503,7,1250.52,178.65,329.0,0,0,2,7
DNR-09504,5,836.82,167.36,3.0,1,5,5,5
DNR-09505,4,527.54,131.88,365.0,0,0,1,4
DNR-09506,3,183.55,61.18,13.0,1,2,2,3
DNR-09507,7,4200.68,600.1,200.0,0,0,4,7
DNR-09508,4,381.09,95.27,20.0,1,1,3,4
DNR-09509,5,714.02,142.8,66.0,0,2,5,5
DNR-09510,7,1060.63,151.52,178.0,0,0,1,7
DNR-09511,10,3013.57,301.36,12.0,2,4,8,9
DNR-09512,9,697.56,77.51,119.0,0,0,3,9
DNR-09513,3,397.82,132.61,772.0,0,0,0,3
DNR-09514,6,602.06,100.34,39.0,0,1,4,6
DNR-09515,7,2606.51,372.36,61.0,0,1,2,7
DNR-09516,3,1488.9,496.3,182.0,0,0,2,3
DNR-09517,1,476.71,476.71,1238.0,0,0,0,1
DNR-09518,3,2047.28,682.43,860.0,0,0,0,3
DNR-09519,1,5026.08,5026.08,136.0,0,0,1,1
DNR-09520,4,971.55,242.89,346.0,0,0,1,4
DNR-09521,8,3539.95,442.49,50.0,0,1,3,7
DNR-09522,3,44622.8,14874.27,192.0,0,0,2,3
DNR-09523,3,299.26,99.75,431.0,0,0,0,3
DNR-09524,5,51894.3,10378.86,10.0,1,1,3,5
DNR-09525,5,466.27,93.25,297.0,0,0,1,5
DNR-09526,4,96423.85,24105.96,11.0,1,2,4,4
DNR-09527,3,191.67,63.89,317.0,0,0,1,3
DNR-09528,6,727.74,121.29,459.0,0,0,0,6
DNR-09529,4,228.86,57.22,52.0,0,1,4,4
DNR-09530,5,877.59,175.52,21.0,1,1,2,5
DNR-09531,8,34584.89,4323.11,648.0,0,0,0,7
DNR-09532,3,448.39,149.46,929.0,0,0,0,3
DNR-09533,5,1571.67,314.33,24.0,1,2,3,5
DNR-09534,4,212.22,53.06,23.0,1,1,2,4
DNR-09535,10,135482.79,13548.28,40.0,0,3,9,10
DNR-09536,1,32.06,32.06,18.0,1,1,1,1
DNR-09537,4,576.55,144.14,149.0,0,0,3,4
DNR-09538,5,1289.83,257.97,325.0,0,0,1,5
DNR-09539,4,629.42,157.35,2.0,1,1,1,4
DNR-09540,6,418.25,69.71,9.0,3,6,6,6
DNR-09541,8,1802.33,225.29,58.0,0,2,3,7
DNR-09542,4,458.5,114.62,186.0,0,0,4,4
DNR-09543,6,520.57,86.76,171.0,0,0,2,6
DNR-09544,4,22875.64,5718.91,12.0,2,2,2,4
DNR-09545,7,1371.52,195.93,78.0,0,1,4,6
DNR-09546,3,99134.07,33044.69,111.0,0,0,2,3
DNR-09547,6,801.73,133.62,32.0,0,1,5,6
DNR-09548,9,1539.66,171.07,11.0,1,1,4,8
DNR-09549,0,0.0,0.0,,0,0,0,0
DNR-09550,9,1399.0,155.44,5.0,1,9,9,8
DNR-09551,6,761.29,126.88,68.0,0,1,2,5
DNR-09552,6,825.04,137.51,228.0,0,0,2,6
DNR-09553,3,824.83,274.94,83.0,0,1,1,3
DNR-09554,4,820.1,205.02,57.0,0,1,1,4
DNR-09555,6,575.63,95.94,50.0,0,1,4,6
DNR-09556,5,295.42,59.08,90.0,0,1,5,5
DNR-09557,6,626.68,104.45,20.0,1,1,4,6
DNR-09558,5,232.23,46.45,91.0,0,0,2,5
DNR-09559,5,1805.13,361.03,123.0,0,0,3,5
DNR-09560,4,1992.59,498.15,32.0,0,2,3,4
DNR-09561,5,345.87,69.17,14.0,1,2,2,5
DNR-09562,5,1289.56,257.91,217.0,0,0,3,5
DNR-09563,3,188.17,62.72,320.0,0,0,1,3
DNR-09564,5,262.19,52.44,74.0,0,1,1,5
DNR-09565,2,491.47,245.74,398.0,0,0,0,2
DNR-09566,5,378.74,75.75,88.0,0,1,2,5
DNR-09567,7,2507.07,358.15,28.0,1,7,7,6
DNR-09568,3,178.79,59.6,439.0,0,0,0,3
DNR-09569,8,1422.89,177.86,52.0,0,1,6,7
DNR-09570,0,0.0,0.0,,0,0,0,0
DNR-09571,9,704.19,78.24,37.0,0,2,7,8
DNR-09572,8,3038.86,379.86,22.0,1,3,8,7
DNR-09573,4,1890.86,472.72,115.0,0,0,1,4
DNR-09574,3,10654.71,3551.57,129.0,0,0,1,3
DNR-09575,7,840.72,120.1,172.0,0,0,4,7
DNR-09576,5,161861.36,32372.27,412.0,0,0,0,5
DNR-09577,4,775.93,193.98,190.0,0,0,1,4
DNR-09578,4,22875.58,5718.9,20.0,1,2,4,4
DNR-09579,5,1443.86,288.77,133.0,0,0,2,5
DNR-09580,5,583.86,116.77,24.0,1,2,5,5
DNR-09581,1,3511.17,3511.17,159.0,0,0,1,1
DNR-09582,2,1802.73,901.36,9.0,2,2,2,2
DNR-09583,6,721.32,120.22,27.0,1,5,6,6
DNR-09584,6,1299.03,216.5,114.0,0,0,4,6
DNR-09585,7,1732.38,247.48,189.0,0,0,1,7
DNR-09586,11,2187.46,198.86,44.0,0,3,9,11
DNR-09587,4,918.85,229.71,56.0,0,1,3,4
DNR-09588,4,12175.14,3043.78,408.0,0,0,0,4
DNR-09589,3,124.49,41.5,196.0,0,0,1,3
DNR-09590,7,1507.0,215.29,193.0,0,0,2,7
DNR-09591,5,285.42,57.08,33.0,0,1,2,4
DNR-09592,6,2525.88,420.98,42.0,0,1,5,5
DNR-09593,6,296.46,49.41,36.0,0,2,6,6
DNR-09594,5,2429.56,485.91,240.0,0,0,2,5
DNR-09595,6,187838.93,31306.49,16.0,1,1,5,6
DNR-09596,6,622.76,103.79,72.0,0,1,2,6
DNR-09597,3,202.68,67.56,685.0,0,0,0,3
DNR-09598,3,556.3,185.43,560.0,0,0,0,3
DNR-09599,8,45774.5,5721.81,92.0,0,0,5,8
DNR-09600,0,0.0,0.0,,0,0,0,0
DNR-09601,2,142.23,71.12,82.0,0,1,1,2
DNR-09602,2,96.12,48.06,0.0,1,1,2,2
DNR-09603,7,3607.76,515.39,552.0,0,0,0,7
DNR-09604,4,1013.85,253.46,212.0,0,0,2,4
DNR-09605,4,125779.33,31444.83,102.0,0,0,2,4
DNR-09606,4,245.04,61.26,531.0,0,0,0,4
DNR-09607,2,81.31,40.66,163.0,0,0,1,2
DNR-09608,4,518.61,129.65,14.0,1,3,4,4
DNR-09609,7,842.15,120.31,63.0,0,1,2,7
DNR-09610,6,248.88,41.48,87.0,0,1,4,6
DNR-09611,7,2967.8,423.97,40.0,0,1,4,6
DNR-09612,4,389.79,97.45,362.0,0,0,1,4
DNR-09613,8,1410.65,176.33,105.0,0,0,2,8
DNR-09614,5,591.98,118.4,273.0,0,0,1,5
DNR-09615,9,699.94,77.77,4.0,1,1,3,9
DNR-09616,7,1111.92,158.85,407.0,0,0,0,7
DNR-09617,2,305.91,152.95,39.0,0,1,2,2
DNR-09618,6,431.91,71.98,167.0,0,0,2,6
DNR-09619,4,624.61,156.15,115.0,0,0,1,4
DNR-09620,2,1905.8,952.9,873.0,0,0,0,2
DNR-09621,2,1309.3,654.65,345.0,0,0,1,2
DNR-09622,6,1279.57,213.26,45.0,0,1,2,6
DNR-09623,2,195.77,97.88,111.0,0,0,1,2
DNR-09624,7,594.78,84.97,126.0,0,0,3,7
DNR-09625,5,1265.19,253.04,141.0,0,0,1,5
DNR-09626,3,154.75,51.58,799.0,0,0,0,3
DNR-09627,8,559.89,69.99,128.0,0,0,6,8
DNR-09628,8,1550.36,193.8,0.0,2,3,8,8
DNR-09629,5,903.62,180.72,561.0,0,0,0,5
DNR-09630,5,658.76,131.75,36.0,0,2,5,5
DNR-09631,4,750.43,187.61,67.0,0,1,3,4
DNR-09632,5,1707.1,341.42,26.0,1,1,1,5
DNR-09633,6,1509.1,251.52,37.0,0,1,1,5
DNR-09634,7,31801.96,4543.14,152.0,0,0,3,7
DNR-09635,1,667.15,667.15,49.0,0,1,1,1
DNR-09636,7,864.17,123.45,37.0,0,6,7,6
DNR-09637,5,4248.59,849.72,134.0,0,0,2,5
DNR-09638,1,79.25,79.25,9.0,1,1,1,1
DNR-09639,3,20250.25,6750.08,15.0,1,3,3,3
DNR-09640,4,2396.92,599.23,401.0,0,0,0,4
DNR-09641,6,1070.84,178.47,74.0,0,2,6,6
DNR-09642,7,613.71,87.67,63.0,0,1,4,7
DNR-09643,5,658.67,131.73,48.0,0,2,4,5
DNR-09644,7,965.76,137.97,222.0,0,0,2,7
DNR-09645,0,0.0,0.0,,0,0,0,0
DNR-09646,5,2504.34,500.87,122.0,0,0,1,5
DNR-09647,6,2181.54,363.59,44.0,0,1,2,6
DNR-09648,5,374.99,75.0,304.0,0,0,1,5
DNR-09649,10,2540.78,254.08,27.0,1,2,10,10
DNR-09650,4,569.3,142.32,49.0,0,2,4,4
DNR-09651,3,565.42,188.47,15.0,1,1,3,3
DNR-09652,5,19925.25,3985.05,27.0,1,1,5,5
DNR-09653,2,339.2,169.6,411.0,0,0,0,2
DNR-09654,6,2230.13,371.69,195.0,0,0,2,6
DNR-09655,4,895.85,223.96,11.0,1,2,3,4
DNR-09656,3,39741.96,13247.32,25.0,1,3,3,3
DNR-09657,5,1316.74,263.35,618.0,0,0,0,5
DNR-09658,6,2010.78,335.13,4.0,5,6,6,6
DNR-09659,9,1786.69,198.52,35.0,0,6,9,8
DNR-09660,5,252.55,50.51,7.0,2,4,5,5
DNR-09661,9,1917.8,213.09,10.0,1,1,3,9
DNR-09662,8,1106.16,138.27,31.0,0,2,3,7
DNR-09663,3,839.03,279.68,696.0,0,0,0,3
DNR-09664,6,396.34,66.06,113.0,0,0,6,6
DNR-09665,9,5005.0,556.11,31.0,0,2,5,9
DNR-09666,6,758.78,126.46,17.0,1,2,5,6
DNR-09667,4,2462.89,615.72,469.0,0,0,0,4
DNR-09668,4,1760.0,440.0,317.0,0,0,1,4
DNR-09669,5,1752.16,350.43,234.0,0,0,2,4
DNR-09670,4,1588.44,397.11,173.0,0,0,2,4
DNR-09671,5,2097.1,419.42,13.0,3,3,5,5
DNR-09672,3,205.42,68.47,6.0,1,1,2,3
DNR-09673,8,750.65,93.83,0.0,8,8,8,8
DNR-09674,6,1598.37,266.4,313.0,0,0,1,6
DNR-09675,4,612.61,153.15,206.0,0,0,2,4
DNR-09676,6,434.58,72.43,4.0,3,6,6,6
DNR-09677,8,31013.79,3876.72,133.0,0,0,2,8
DNR-09678,5,617.4,123.48,346.0,0,0,1,5
DNR-09679,9,1283.78,142.64,179.0,0,0,1,9
DNR-09680,6,5279.36,879.89,118.0,0,0,4,6
DNR-09681,5,2449.5,489.9,135.0,0,0,3,5
DNR-09682,8,930.75,116.34,142.0,0,0,3,7
DNR-09683,7,300.87,42.98,76.0,0,1,7,7
DNR-09684,5,315.61,63.12,45.0,0,1,2,5
DNR-09685,8,1298.75,162.34,83.0,0,1,5,8
DNR-09686,6,1497.04,249.51,140.0,0,0,1,5
DNR-09687,3,600.91,200.3,213.0,0,0,1,3
DNR-09688,4,296.58,74.14,87.0,0,1,4,4
DNR-09689,8,4682.68,585.34,48.0,0,1,5,8
DNR-09690,10,668.04,66.8,11.0,5,10,10,10
DNR-09691,5,3275.4,655.08,2.0,2,2,4,5
DNR-09692,4,132.32,33.08,64.0,0,1,3,4
DNR-09693,9,1055.97,117.33,126.0,0,0,4,9
DNR-09694,1,6655.68,6655.68,152.0,0,0,1,1
DNR-09695,2,111.39,55.7,90.0,0,1,2,2
DNR-09696,3,312.52,104.17,897.0,0,0,0,3
DNR-09697,9,197530.34,21947.82,169.0,0,0,1,9
DNR-09698,3,313.68,104.56,1350.0,0,0,0,3
DNR-09699,5,1032.43,206.49,72.0,0,1,4,5
DNR-09700,5,193.43,38.69,4.0,2,4,5,5
DNR-09701,8,3935.69,491.96,7.0,2,2,8,7
DNR-09702,7,1011.38,144.48,23.0,1,3,5,6
DNR-09703,5,426.29,85.26,94.0,0,0,2,5
DNR-09704,3,145.06,48.35,62.0,0,1,3,3
DNR-09705,1,30.93,30.93,846.0,0,0,0,1
DNR-09706,7,1583.53,226.22,45.0,0,3,7,7
DNR-09707,5,343.0,68.6,73.0,0,1,2,5
DNR-09708,9,2270.62,252.29,62.0,0,2,4,9
DNR-09709,5,1789.4,357.88,310.0,0,0,2,5
DNR-09710,4,3213.35,803.34,88.0,0,1,2,4
DNR-09711,11,1275.17,115.92,19.0,1,1,2,10
DNR-09712,5,874.16,174.83,230.0,0,0,1,5
DNR-09713,3,362.05,120.68,176.0,0,0,2,3
DNR-09714,4,220.25,55.06,61.0,0,1,1,4
DNR-09715,4,4038.25,1009.56,117.0,0,0,4,4
DNR-09716,5,48200.15,9640.03,60.0,0,1,3,5
DNR-09717,4,945.2,236.3,176.0,0,0,1,4
DNR-09718,4,123.91,30.98,270.0,0,0,1,4
DNR-09719,4,2567.15,641.79,555.0,0,0,0,4
DNR-09720,5,1635.18,327.04,89.0,0,1,2,4
DNR-09721,8,2204.98,275.62,140.0,0,0,3,8
DNR-09722,3,3053.26,1017.75,782.0,0,0,0,3
DNR-09723,0,0.0,0.0,,0,0,0,0
DNR-09724,4,375.18,93.79,230.0,0,0,2,4
DNR-09725,1,73.23,73.23,409.0,0,0,0,1
DNR-09726,6,926.78,154.46,12.0,1,1,4,6
DNR-09727,5,281.37,56.27,112.0,0,0,2,5
DNR-09728,5,753.32,150.66,71.0,0,1,2,5
DNR-09729,4,648.22,162.06,275.0,0,0,1,4
DNR-09730,4,412.88,103.22,20.0,2,2,4,4
DNR-09731,7,1843.78,263.4,15.0,1,1,7,7
DNR-09732,6,673.77,112.3,123.0,0,0,4,6
DNR-09733,6,974.25,162.38,14.0,1,1,6,6
DNR-09734,9,4767.7,529.74,259.0,0,0,1,9
DNR-09735,7,4680.49,668.64,21.0,1,3,5,7
DNR-09736,7,1393.81,199.12,179.0,0,0,2,6
DNR-09737,6,563.92,93.99,51.0,0,1,1,5
DNR-09738,5,34233.02,6846.6,449.0,0,0,0,5
DNR-09739,6,642.22,107.04,123.0,0,0,1,6
DNR-09740,4,1435.88,358.97,31.0,0,2,4,4
DNR-09741,4,929.92,232.48,14.0,2,4,4,4
DNR-09742,5,28406.65,5681.33,141.0,0,0,1,5
DNR-09743,6,389.48,64.91,28.0,1,1,4,5
DNR-09744,4,1143.04,285.76,121.0,0,0,1,4
DNR-09745,4,474.9,118.72,317.0,0,0,2,4
DNR-09746,7,45428.12,6489.73,22.0,2,3,7,7
DNR-09747,5,280.09,56.02,82.0,0,1,3,5
DNR-09748,6,1203.81,200.64,134.0,0,0,4,6
DNR-09749,3,91.05,30.35,50.0,0,2,3,3
DNR-09750,3,35.93,11.98,632.0,0,0,0,3
DNR-09751,10,55094.73,5509.47,4.0,1,1,2,10
DNR-09752,4,147.46,36.86,29.0,1,2,4,3
DNR-09753,4,1002.47,250.62,63.0,0,1,3,4
DNR-09754,8,413.5,51.69,36.0,0,2,4,8
DNR-09755,9,1293.78,143.75,65.0,0,1,5,8
DNR-09756,7,750.81,107.26,362.0,0,0,1,7
DNR-09757,4,464.59,116.15,315.0,0,0,1,4
DNR-09758,5,19858.35,3971.67,22.0,1,1,4,5
DNR-09759,4,549.06,137.26,317.0,0,0,1,4
DNR-09760,5,668.26,133.65,191.0,0,0,1,5
DNR-09761,5,662.07,132.41,38.0,0,1,3,5
DNR-09762,2,75.47,37.74,254.0,0,0,1,2
DNR-09763,6,81210.76,13535.13,410.0,0,0,0,6
DNR-09764,9,1249.75,138.86,86.0,0,1,9,8
DNR-09765,4,1509.78,377.44,78.0,0,1,4,4
DNR-09766,7,675.85,96.55,46.0,0,1,4,7
DNR-09767,6,975.95,162.66,2.0,1,2,6,6
DNR-09768,2,155.92,77.96,244.0,0,0,1,2
DNR-09769,6,792.99,132.16,178.0,0,0,1,6
DNR-09770,3,334.58,111.53,251.0,0,0,1,3
DNR-09771,2,241.71,120.86,112.0,0,0,2,2
DNR-09772,7,192703.6,27529.09,3.0,4,7,7,7
DNR-09773,4,1955.63,488.91,194.0,0,0,4,4
DNR-09774,2,562.2,281.1,143.0,0,0,1,2
DNR-09775,5,1008.6,201.72,45.0,0,1,2,5
DNR-09776,6,605.06,100.84,93.0,0,0,2,5
DNR-09777,7,2998.97,428.42,385.0,0,0,0,7
DNR-09778,4,1690.4,422.6,70.0,0,1,3,4
DNR-09779,1,111.82,111.82,497.0,0,0,0,1
DNR-09780,5,1321.6,264.32,396.0,0,0,0,5
DNR-09781,4,622.78,155.7,231.0,0,0,2,4
DNR-09782,5,1813.22,362.64,39.0,0,1,2,5
DNR-09783,6,17245.44,2874.24,2.0,2,2,4,5
DNR-09784,4,330.66,82.66,17.0,1,1,1,4
DNR-09785,4,258.64,64.66,75.0,0,1,2,4
DNR-09786,5,2012.6,402.52,98.0,0,0,1,5
DNR-09787,5,648.28,129.66,16.0,1,2,5,5
DNR-09788,5,3887.29,777.46,22.0,1,5,5,5
DNR-09789,3,271.08,90.36,408.0,0,0,0,3
DNR-09790,3,148.56,49.52,303.0,0,0,1,3
DNR-09791,2,477.76,238.88,769.0,0,0,0,2
DNR-09792,6,2975.07,495.84,17.0,1,1,4,6
DNR-09793,6,3223.16,537.19,30.0,1,2,4,6
DNR-09794,4,1862.89,465.72,157.0,0,0,1,4
DNR-09795,9,3927.51,436.39,2.0,2,5,9,9
DNR-09796,9,2699.36,299.93,1.0,2,3,6,8
DNR-09797,1,582.22,582.22,449.0,0,0,0,1
DNR-09798,5,549.27,109.85,398.0,0,0,0,5
DNR-09799,5,1112.13,222.43,49.0,0,1,2,5
DNR-09800,5,1723.57,344.71,39.0,0,1,4,4
DNR-09801,1,24194.04,24194.04,1034.0,0,0,0,1
DNR-09802,6,898.38,149.73,45.0,0,1,5,6
DNR-09803,4,48665.62,12166.4,86.0,0,1,3,4
DNR-09804,6,1254.11,209.02,20.0,1,1,1,6
DNR-09805,6,2461.39,410.23,254.0,0,0,2,5
DNR-09806,4,631.37,157.84,122.0,0,0,2,4
DNR-09807,4,278.51,69.63,196.0,0,0,2,4
DNR-09808,8,781.48,97.68,18.0,1,1,2,7
DNR-09809,9,5565.78,618.42,56.0,0,4,9,9
DNR-09810,5,2448.15,489.63,98.0,0,0,1,5
DNR-09811,3,1586.86,528.95,95.0,0,0,3,3
DNR-09812,3,213.59,71.2,112.0,0,0,2,3
DNR-09813,10,3645.85,364.58,13.0,2,8,10,9
DNR-09814,2,34945.54,17472.77,46.0,0,1,1,2
DNR-09815,7,1359.46,194.21,99.0,0,0,1,7
DNR-09816,7,2279.33,325.62,30.0,1,3,7,6
DNR-09817,4,546.81,136.7,30.0,1,1,4,4
DNR-09818,8,196927.0,24615.88,56.0,0,1,3,8
DNR-09819,3,2243.02,747.67,78.0,0,1,3,3
DNR-09820,2,141.22,70.61,286.0,0,0,1,2
DNR-09821,4,53508.53,13377.13,344.0,0,0,1,4
DNR-09822,5,33007.52,6601.5,88.0,0,1,2,5
DNR-09823,8,2254.34,281.79,118.0,0,0,6,7
DNR-09824,3,532.28,177.43,99.0,0,0,1,3
DNR-09825,5,21529.3,4305.86,475.0,0,0,0,5
DNR-09826,9,1147.39,127.49,128.0,0,0,1,9
DNR-09827,3,11480.82,3826.94,1.0,1,1,3,3
DNR-09828,7,1046.5,149.5,14.0,1,3,5,7
DNR-09829,6,787.68,131.28,8.0,1,1,2,6
DNR-09830,4,324.93,81.23,99.0,0,0,2,4
DNR-09831,4,541.01,135.25,55.0,0,1,3,4
DNR-09832,5,621.76,124.35,7.0,3,4,5,5
DNR-09833,4,2609.79,652.45,212.0,0,0,4,4
DNR-09834,4,553.98,138.5,522.0,0,0,0,3
DNR-09835,3,1376.62,458.87,557.0,0,0,0,3
DNR-09836,3,169.67,56.56,76.0,0,1,2,3
DNR-09837,3,1812.83,604.28,609.0,0,0,0,3
DNR-09838,4,489.85,122.46,406.0,0,0,0,4
DNR-09839,9,2176.76,241.86,71.0,0,1,1,9
DNR-09840,2,4010.25,2005.12,498.0,0,0,0,2
DNR-09841,7,3121.16,445.88,68.0,0,1,2,7
DNR-09842,5,690.07,138.01,98.0,0,0,2,5
DNR-09843,7,464.48,66.35,276.0,0,0,1,7
DNR-09844,2,201.22,100.61,1057.0,0,0,0,2
DNR-09845,4,516.94,129.24,146.0,0,0,4,4
DNR-09846,8,2664.48,333.06,23.0,1,6,8,7
DNR-09847,4,271.87,67.97,392.0,0,0,0,4
DNR-09848,5,2507.56,501.51,269.0,0,0,3,5
DNR-09849,12,1284.57,107.05,88.0,0,1,7,12
DNR-09850,4,22192.66,5548.17,4.0,2,3,4,4
DNR-09851,2,518.38,259.19,90.0,0,1,2,2
DNR-09852,7,848.26,121.18,150.0,0,0,1,6
DNR-09853,5,1502.83,300.57,31.0,0,4,5,5
DNR-09854,9,2718.23,302.03,0.0,1,1,8,9
DNR-09855,4,135.92,33.98,42.0,0,1,4,4
DNR-09856,3,645.16,215.05,268.0,0,0,1,3
DNR-09857,2,471.94,235.97,78.0,0,1,2,2
DNR-09858,1,1205.61,1205.61,198.0,0,0,1,1
DNR-09859,3,359.64,119.88,449.0,0,0,0,3
DNR-09860,4,2109.14,527.29,118.0,0,0,2,4
DNR-09861,6,4754.67,792.44,10.0,1,1,1,6
DNR-09862,8,1435.93,179.49,100.0,0,0,2,8
DNR-09863,6,3064.36,510.73,129.0,0,0,2,6
DNR-09864,3,60214.29,20071.43,439.0,0,0,0,3
DNR-09865,3,1158.87,386.29,97.0,0,0,1,3
DNR-09866,6,3432.24,572.04,543.0,0,0,0,5
DNR-09867,5,683.02,136.6,102.0,0,0,2,5
DNR-09868,4,61911.68,15477.92,6.0,3,4,4,4
DNR-09869,4,23303.22,5825.8,110.0,0,0,1,4
DNR-09870,4,2210.9,552.72,191.0,0,0,1,4
DNR-09871,8,1718.07,214.76,7.0,1,1,5,8
DNR-09872,4,235.36,58.84,57.0,0,1,4,4
DNR-09873,1,20215.21,20215.21,854.0,0,0,0,1
DNR-09874,4,942.98,235.74,130.0,0,0,4,4
DNR-09875,4,651.5,162.88,52.0,0,1,4,4
DNR-09876,6,782.2,130.37,2.0,1,4,6,6
DNR-09877,1,5162.1,5162.1,120.0,0,0,1,1
DNR-09878,9,3301.74,366.86,240.0,0,0,1,9
DNR-09879,3,53052.99,17684.33,81.0,0,1,3,3
DNR-09880,5,2320.04,464.01,122.0,0,0,1,5
DNR-09881,7,2344.52,334.93,112.0,0,0,1,7
DNR-09882,4,96557.74,24139.44,15.0,1,1,4,4
DNR-09883,5,2436.84,487.37,20.0,3,4,5,5
DNR-09884,5,250.26,50.05,19.0,2,2,3,5
DNR-09885,9,1706.89,189.65,1.0,1,1,5,8
DNR-09886,5,289.02,57.8,153.0,0,0,3,5
DNR-09887,7,2227.69,318.24,155.0,0,0,2,7
DNR-09888,8,1220.94,152.62,392.0,0,0,0,8
DNR-09889,10,2710.72,271.07,8.0,1,3,4,10
DNR-09890,2,130.87,65.44,239.0,0,0,1,2
DNR-09891,5,415.25,83.05,53.0,0,1,5,5
DNR-09892,5,746.98,149.4,71.0,0,1,2,5
DNR-09893,8,1525.27,190.66,33.0,0,3,3,8
DNR-09894,9,883.34,98.15,195.0,0,0,3,9
DNR-09895,6,506.83,84.47,281.0,0,0,1,6
DNR-09896,4,624.53,156.13,515.0,0,0,0,4
DNR-09897,2,536.18,268.09,132.0,0,0,2,2
DNR-09898,10,4560.06,456.01,197.0,0,0,2,10
DNR-09899,5,345.88,69.18,9.0,1,1,1,5
DNR-09900,4,1188.92,297.23,414.0,0,0,0,4
DNR-09901,5,747.02,149.4,357.0,0,0,1,4
DNR-09902,9,6546.82,727.42,0.0,4,4,9,9
DNR-09903,4,1267.99,317.0,143.0,0,0,2,4
DNR-09904,7,3200.62,457.23,16.0,1,1,1,7
DNR-09905,7,774.55,110.65,14.0,2,3,7,7
DNR-09906,0,0.0,0.0,,0,0,0,0
DNR-09907,5,1995.13,399.03,206.0,0,0,1,5
DNR-09908,6,404.82,67.47,5.0,2,6,6,6
DNR-09909,3,300.64,100.21,269.0,0,0,3,3
DNR-09910,5,532.58,106.52,14.0,1,1,3,5
DNR-09911,7,3599.04,514.15,209.0,0,0,5,7
DNR-09912,3,171.38,57.13,752.0,0,0,0,3
DNR-09913,6,2020.99,336.83,1.0,1,1,3,6
DNR-09914,7,3358.91,479.84,80.0,0,1,4,7
DNR-09915,1,64.12,64.12,73.0,0,1,1,1
DNR-09916,2,450.25,225.12,39.0,0,2,2,2
DNR-09917,8,29990.07,3748.76,2.0,1,2,4,8
DNR-09918,4,421.4,105.35,274.0,0,0,2,4
DNR-09919,6,1565.02,260.84,421.0,0,0,0,6
DNR-09920,4,33033.89,8258.47,17.0,1,1,1,4
DNR-09921,7,6140.9,877.27,197.0,0,0,1,7
DNR-09922,4,65719.27,16429.82,51.0,0,2,4,3
DNR-09923,11,2286.38,207.85,6.0,1,2,9,11
DNR-09924,2,185.37,92.68,497.0,0,0,0,2
DNR-09925,12,1831.75,152.65,49.0,0,2,8,12
DNR-09926,6,410.7,68.45,105.0,0,0,2,6
DNR-09927,8,2452.32,306.54,85.0,0,1,4,8
DNR-09928,7,463.81,66.26,55.0,0,1,1,7
DNR-09929,6,277.37,46.23,39.0,0,1,3,6
DNR-09930,4,793.89,198.47,20.0,1,1,2,4
DNR-09931,5,644.58,128.92,92.0,0,0,2,5
DNR-09932,6,4238.37,706.4,3.0,1,1,4,6
DNR-09933,8,91950.67,11493.83,184.0,0,0,3,8
DNR-09934,6,60287.82,10047.97,11.0,1,2,6,6
DNR-09935,3,1904.01,634.67,94.0,0,0,2,3
DNR-09936,8,1133.02,141.63,1.0,8,8,8,8
DNR-09937,4,4175.01,1043.75,7.0,4,4,4,4
DNR-09938,4,74711.05,18677.76,253.0,0,0,1,4
DNR-09939,5,1681.16,336.23,129.0,0,0,5,5
DNR-09940,6,1431.44,238.57,20.0,1,1,6,5
DNR-09941,8,2821.19,352.65,16.0,1,1,1,8
DNR-09942,3,80.64,26.88,29.0,1,2,3,3
DNR-09943,3,1945.19,648.4,5.0,1,1,1,3
DNR-09944,9,46082.63,5120.29,166.0,0,0,2,9
DNR-09945,3,69690.93,23230.31,17.0,1,1,3,3
DNR-09946,8,3393.44,424.18,9.0,1,1,3,8
DNR-09947,5,77741.22,15548.24,706.0,0,0,0,5
DNR-09948,4,324.01,81.0,123.0,0,0,3,4
DNR-09949,4,282.21,70.55,247.0,0,0,4,3
DNR-09950,6,1138.26,189.71,50.0,0,1,3,5
DNR-09951,2,48.99,24.49,694.0,0,0,0,2
DNR-09952,8,1038.68,129.84,6.0,1,2,4,8
DNR-09953,3,451.15,150.38,119.0,0,0,3,3
DNR-09954,7,1068.94,152.71,99.0,0,0,3,7
DNR-09955,5,768.19,153.64,62.0,0,1,4,5
DNR-09956,2,405.73,202.86,5.0,2,2,2,2
DNR-09957,3,133.23,44.41,98.0,0,0,3,3
DNR-09958,5,317.1,63.42,46.0,0,1,4,5
DNR-09959,12,388798.6,32399.88,3.0,1,2,6,12
DNR-09960,9,769.42,85.49,19.0,1,3,7,9
DNR-09961,7,5356.07,765.15,33.0,0,1,4,7
DNR-09962,4,545.56,136.39,51.0,0,1,3,4
DNR-09963,4,583.21,145.8,365.0,0,0,1,4
DNR-09964,4,655.4,163.85,201.0,0,0,1,4
DNR-09965,4,1312.14,328.04,303.0,0,0,1,4
DNR-09966,6,282.47,47.08,108.0,0,0,1,6
DNR-09967,5,671.7,134.34,266.0,0,0,2,5
DNR-09968,3,447.58,149.19,96.0,0,0,2,3
DNR-09969,1,78.44,78.44,806.0,0,0,0,1
DNR-09970,8,775.32,96.92,157.0,0,0,2,8
DNR-09971,6,4103.77,683.96,159.0,0,0,2,6
DNR-09972,5,266.25,53.25,32.0,0,1,5,5
DNR-09973,5,1502.88,300.58,50.0,0,1,2,5
DNR-09974,11,1449.36,131.76,77.0,0,3,10,11
DNR-09975,9,1556.24,172.92,267.0,0,0,1,9
DNR-09976,4,23033.58,5758.4,23.0,1,2,4,4
DNR-09977,10,1478.66,147.87,16.0,1,1,3,10
DNR-09978,3,143.6,47.87,149.0,0,0,3,3
DNR-09979,5,535.47,107.09,11.0,2,2,5,5
DNR-09980,6,151469.97,25245.0,109.0,0,0,2,5
DNR-09981,6,30486.28,5081.05,41.0,0,1,4,6
DNR-09982,4,122543.55,30635.89,5.0,1,1,3,4
DNR-09983,7,949.68,135.67,1.0,1,6,7,6
DNR-09984,6,303.82,50.64,74.0,0,1,2,6
DNR-09985,8,117447.0,14680.88,442.0,0,0,0,7
DNR-09986,9,1718.49,190.94,2.0,2,2,5,9
DNR-09987,9,543.53,60.39,46.0,0,4,7,8
DNR-09988,6,24922.3,4153.72,329.0,0,0,1,6
DNR-09989,3,168.1,56.03,164.0,0,0,1,3
DNR-09990,5,143861.55,28772.31,41.0,0,1,1,5
DNR-09991,2,38.66,19.33,300.0,0,0,2,2
DNR-09992,6,495.29,82.55,78.0,0,1,1,5
DNR-09993,8,132802.19,16600.27,62.0,0,2,4,8
DNR-09994,0,0.0,0.0,,0,0,0,0
DNR-09995,3,174.53,58.18,259.0,0,0,1,3
DNR-09996,4,36617.29,9154.32,363.0,0,0,1,4
DNR-09997,6,27720.98,4620.16,38.0,0,1,5,5
DNR-09998,4,639.54,159.88,709.0,0,0,0,4
DNR-09999,4,256.4,64.1,265.0,0,0,1,4
DNR-10000,6,665.04,110.84,117.0,0,0,1,6
